<?xml version="1.0" encoding="UTF-8" standalone="yes"?><ns2:FORM15H xmlns="http://incometaxindiaefiling.gov.in/common" xmlns:ns2="http://incometaxindiaefiling.gov.in/FORM15H"><ns2:FormCreationInfo><CreationInfo><SWVersionNo>11.8.2.0</SWVersionNo><SWCreatedBy>Relyon Softech Ltd</SWCreatedBy><XMLCreatedBy>SaralTDSWeb</XMLCreatedBy><XMLCreationDate>2020-01-06</XMLCreationDate></CreationInfo><Form_Details><FormName>FORM15H</FormName><AssessmentYear>2020</AssessmentYear><SchemaVer>V1.0</SchemaVer><FormVer>1.0</FormVer></Form_Details></ns2:FormCreationInfo><ns2:Form15HDtls><ns2:TAN>CHNC00696D</ns2:TAN><ns2:Quarter>Q3</ns2:Quarter><ns2:FinancialYr>2019</ns2:FinancialYr><ns2:FilingType>O</ns2:FilingType><ns2:Part1Dtls><ns2:Part1><ns2:Basicdtls><ns2:AssesseeName>SEETHARAMAN R S</ns2:AssesseeName><ns2:AssesseePAN>CUSPS6208J</ns2:AssesseePAN><ns2:AssesseeDOB>1945-07-15</ns2:AssesseeDOB><ns2:PreviousYr>2019</ns2:PreviousYr><ns2:FlatDoorNo>PALAKKAD</ns2:FlatDoorNo><ns2:LocalityOrArea>PALAKKAD</ns2:LocalityOrArea><ns2:CityOrTownOrDistrict>PALAKKAD</ns2:CityOrTownOrDistrict><ns2:StateCode>99</ns2:StateCode><ns2:PinCode>678686</ns2:PinCode><ns2:EmailAddress>NULL@EMAIL.COM</ns2:EmailAddress><ns2:MobileNo>9495067325</ns2:MobileNo><ns2:TaxAssessedFlag>N</ns2:TaxAssessedFlag><ns2:EstimatedInc>1073</ns2:EstimatedInc><ns2:EstimatedTotalIncPrvYr>1073</ns2:EstimatedTotalIncPrvYr><ns2:TotalNoOfForm15H>0</ns2:TotalNoOfForm15H><ns2:AggregateAmtForm15H>0</ns2:AggregateAmtForm15H><ns2:UniqueIdNumber>H000198570201920CHNC00696D</ns2:UniqueIdNumber><ns2:DeclarationDate>2019-11-13</ns2:DeclarationDate><ns2:AmtOfIncPaid>1073</ns2:AmtOfIncPaid><ns2:DateIncPaid>2019-11-13</ns2:DateIncPaid></ns2:Basicdtls><ns2:IncomeDtls><ns2:IncomeDtl><ns2:SrlNo>1</ns2:SrlNo><ns2:IdenficationNum>530101346552991</ns2:IdenficationNum><ns2:NatureOfInc>INTEREST INCOME</ns2:NatureOfInc><ns2:DeductSection>194A</ns2:DeductSection><ns2:AmtOfInc>1073</ns2:AmtOfInc></ns2:IncomeDtl></ns2:IncomeDtls></ns2:Part1><ns2:Part1><ns2:Basicdtls><ns2:AssesseeName>RADHAMMA K</ns2:AssesseeName><ns2:AssesseePAN>BYIPK7089L</ns2:AssesseePAN><ns2:AssesseeDOB>1948-02-12</ns2:AssesseeDOB><ns2:PreviousYr>2019</ns2:PreviousYr><ns2:FlatDoorNo>KANNAMBRA</ns2:FlatDoorNo><ns2:LocalityOrArea>KANNAMBRA</ns2:LocalityOrArea><ns2:CityOrTownOrDistrict>KANNAMBRA</ns2:CityOrTownOrDistrict><ns2:StateCode>99</ns2:StateCode><ns2:PinCode>678686</ns2:PinCode><ns2:EmailAddress>NULL@EMAIL.COM</ns2:EmailAddress><ns2:MobileNo>9995831865</ns2:MobileNo><ns2:TaxAssessedFlag>N</ns2:TaxAssessedFlag><ns2:EstimatedInc>273</ns2:EstimatedInc><ns2:EstimatedTotalIncPrvYr>273</ns2:EstimatedTotalIncPrvYr><ns2:TotalNoOfForm15H>0</ns2:TotalNoOfForm15H><ns2:AggregateAmtForm15H>0</ns2:AggregateAmtForm15H><ns2:UniqueIdNumber>H000195866201920CHNC00696D</ns2:UniqueIdNumber><ns2:DeclarationDate>2019-10-29</ns2:DeclarationDate><ns2:AmtOfIncPaid>273</ns2:AmtOfIncPaid><ns2:DateIncPaid>2019-10-29</ns2:DateIncPaid></ns2:Basicdtls><ns2:IncomeDtls><ns2:IncomeDtl><ns2:SrlNo>2</ns2:SrlNo><ns2:IdenficationNum>530701197728523</ns2:IdenficationNum><ns2:NatureOfInc>INTEREST INCOME</ns2:NatureOfInc><ns2:DeductSection>194A</ns2:DeductSection><ns2:AmtOfInc>273</ns2:AmtOfInc></ns2:IncomeDtl></ns2:IncomeDtls></ns2:Part1><ns2:Part1><ns2:Basicdtls><ns2:AssesseeName>POTHA EAPEN</ns2:AssesseeName><ns2:AssesseePAN>AEQPP5540L</ns2:AssesseePAN><ns2:AssesseeDOB>1952-12-15</ns2:AssesseeDOB><ns2:PreviousYr>2019</ns2:PreviousYr><ns2:FlatDoorNo>PALAKKAD</ns2:FlatDoorNo><ns2:LocalityOrArea>PALAKKAD</ns2:LocalityOrArea><ns2:CityOrTownOrDistrict>PALAKKAD</ns2:CityOrTownOrDistrict><ns2:StateCode>99</ns2:StateCode><ns2:PinCode>678686</ns2:PinCode><ns2:EmailAddress>NULL@EMAIL.COM</ns2:EmailAddress><ns2:MobileNo>9744888358</ns2:MobileNo><ns2:TaxAssessedFlag>Y</ns2:TaxAssessedFlag><ns2:LatestAsstYr>2019</ns2:LatestAsstYr><ns2:EstimatedInc>73381</ns2:EstimatedInc><ns2:EstimatedTotalIncPrvYr>73381</ns2:EstimatedTotalIncPrvYr><ns2:TotalNoOfForm15H>0</ns2:TotalNoOfForm15H><ns2:AggregateAmtForm15H>0</ns2:AggregateAmtForm15H><ns2:UniqueIdNumber>H000195693201920CHNC00696D</ns2:UniqueIdNumber><ns2:DeclarationDate>2019-10-28</ns2:DeclarationDate><ns2:AmtOfIncPaid>73381</ns2:AmtOfIncPaid><ns2:DateIncPaid>2019-10-28</ns2:DateIncPaid></ns2:Basicdtls><ns2:IncomeDtls><ns2:IncomeDtl><ns2:SrlNo>3</ns2:SrlNo><ns2:IdenficationNum>530401039573251</ns2:IdenficationNum><ns2:NatureOfInc>INTEREST INCOME</ns2:NatureOfInc><ns2:DeductSection>194A</ns2:DeductSection><ns2:AmtOfInc>11003</ns2:AmtOfInc></ns2:IncomeDtl><ns2:IncomeDtl><ns2:SrlNo>4</ns2:SrlNo><ns2:IdenficationNum>530401039573190</ns2:IdenficationNum><ns2:NatureOfInc>INTEREST INCOME</ns2:NatureOfInc><ns2:DeductSection>194A</ns2:DeductSection><ns2:AmtOfInc>11003</ns2:AmtOfInc></ns2:IncomeDtl><ns2:IncomeDtl><ns2:SrlNo>5</ns2:SrlNo><ns2:IdenficationNum>530401033966349</ns2:IdenficationNum><ns2:NatureOfInc>INTEREST INCOME</ns2:NatureOfInc><ns2:DeductSection>194A</ns2:DeductSection><ns2:AmtOfInc>29355</ns2:AmtOfInc></ns2:IncomeDtl><ns2:IncomeDtl><ns2:SrlNo>6</ns2:SrlNo><ns2:IdenficationNum>530701001565867</ns2:IdenficationNum><ns2:NatureOfInc>INTEREST INCOME</ns2:NatureOfInc><ns2:DeductSection>194A</ns2:DeductSection><ns2:AmtOfInc>22020</ns2:AmtOfInc></ns2:IncomeDtl></ns2:IncomeDtls></ns2:Part1><ns2:Part1><ns2:Basicdtls><ns2:AssesseeName>KOCHAMMA</ns2:AssesseeName><ns2:AssesseePAN>CYNPK1488D</ns2:AssesseePAN><ns2:AssesseeDOB>1934-10-03</ns2:AssesseeDOB><ns2:PreviousYr>2019</ns2:PreviousYr><ns2:FlatDoorNo>PALAKKAD</ns2:FlatDoorNo><ns2:LocalityOrArea>PALAKKAD</ns2:LocalityOrArea><ns2:CityOrTownOrDistrict>PALAKKAD</ns2:CityOrTownOrDistrict><ns2:StateCode>99</ns2:StateCode><ns2:PinCode>678686</ns2:PinCode><ns2:EmailAddress>NULL@EMAIL.COM</ns2:EmailAddress><ns2:MobileNo>9833977620</ns2:MobileNo><ns2:TaxAssessedFlag>N</ns2:TaxAssessedFlag><ns2:EstimatedInc>1</ns2:EstimatedInc><ns2:EstimatedTotalIncPrvYr>208041</ns2:EstimatedTotalIncPrvYr><ns2:TotalNoOfForm15H>0</ns2:TotalNoOfForm15H><ns2:AggregateAmtForm15H>0</ns2:AggregateAmtForm15H><ns2:UniqueIdNumber>H000202397201920CHNC00696D</ns2:UniqueIdNumber><ns2:DeclarationDate>2019-04-12</ns2:DeclarationDate><ns2:AmtOfIncPaid>1</ns2:AmtOfIncPaid><ns2:DateIncPaid>2019-04-12</ns2:DateIncPaid></ns2:Basicdtls><ns2:IncomeDtls><ns2:IncomeDtl><ns2:SrlNo>7</ns2:SrlNo><ns2:IdenficationNum>2010219194</ns2:IdenficationNum><ns2:NatureOfInc>INTEREST INCOME</ns2:NatureOfInc><ns2:DeductSection>194A</ns2:DeductSection><ns2:AmtOfInc>1</ns2:AmtOfInc></ns2:IncomeDtl></ns2:IncomeDtls></ns2:Part1><ns2:Part1><ns2:Basicdtls><ns2:AssesseeName>ABDUL JABBAR A</ns2:AssesseeName><ns2:AssesseePAN>CDCPA5556Q</ns2:AssesseePAN><ns2:AssesseeDOB>1950-05-15</ns2:AssesseeDOB><ns2:PreviousYr>2019</ns2:PreviousYr><ns2:FlatDoorNo>KANNAMBRA</ns2:FlatDoorNo><ns2:LocalityOrArea>KANNAMBRA</ns2:LocalityOrArea><ns2:CityOrTownOrDistrict>KANNAMBRA</ns2:CityOrTownOrDistrict><ns2:StateCode>99</ns2:StateCode><ns2:PinCode>678683</ns2:PinCode><ns2:EmailAddress>NULL@EMAIL.COM</ns2:EmailAddress><ns2:MobileNo>9249973364</ns2:MobileNo><ns2:TaxAssessedFlag>N</ns2:TaxAssessedFlag><ns2:EstimatedInc>18275</ns2:EstimatedInc><ns2:EstimatedTotalIncPrvYr>18725</ns2:EstimatedTotalIncPrvYr><ns2:TotalNoOfForm15H>0</ns2:TotalNoOfForm15H><ns2:AggregateAmtForm15H>0</ns2:AggregateAmtForm15H><ns2:UniqueIdNumber>H000198578201920CHNC00696D</ns2:UniqueIdNumber><ns2:DeclarationDate>2019-11-13</ns2:DeclarationDate><ns2:AmtOfIncPaid>18275</ns2:AmtOfIncPaid><ns2:DateIncPaid>2019-11-13</ns2:DateIncPaid></ns2:Basicdtls><ns2:IncomeDtls><ns2:IncomeDtl><ns2:SrlNo>8</ns2:SrlNo><ns2:IdenficationNum>2010213723</ns2:IdenficationNum><ns2:NatureOfInc>INTEREST INCOME</ns2:NatureOfInc><ns2:DeductSection>194A</ns2:DeductSection><ns2:AmtOfInc>18275</ns2:AmtOfInc></ns2:IncomeDtl></ns2:IncomeDtls></ns2:Part1><ns2:Part1><ns2:Basicdtls><ns2:AssesseeName>A MANIKUMAR</ns2:AssesseeName><ns2:AssesseePAN>AKKPA5610N</ns2:AssesseePAN><ns2:AssesseeDOB>1958-08-20</ns2:AssesseeDOB><ns2:PreviousYr>2019</ns2:PreviousYr><ns2:FlatDoorNo>HYDERABAD</ns2:FlatDoorNo><ns2:LocalityOrArea>HYDERABAD</ns2:LocalityOrArea><ns2:CityOrTownOrDistrict>HYDERABAD</ns2:CityOrTownOrDistrict><ns2:StateCode>99</ns2:StateCode><ns2:PinCode>500049</ns2:PinCode><ns2:EmailAddress>NULL@EMAIL.COM</ns2:EmailAddress><ns2:MobileNo>9849629712</ns2:MobileNo><ns2:TaxAssessedFlag>N</ns2:TaxAssessedFlag><ns2:EstimatedInc>31679</ns2:EstimatedInc><ns2:EstimatedTotalIncPrvYr>31679</ns2:EstimatedTotalIncPrvYr><ns2:TotalNoOfForm15H>0</ns2:TotalNoOfForm15H><ns2:AggregateAmtForm15H>0</ns2:AggregateAmtForm15H><ns2:UniqueIdNumber>H000199814201920CHNC00696D</ns2:UniqueIdNumber><ns2:DeclarationDate>2019-11-19</ns2:DeclarationDate><ns2:AmtOfIncPaid>31679</ns2:AmtOfIncPaid><ns2:DateIncPaid>2019-11-19</ns2:DateIncPaid></ns2:Basicdtls><ns2:IncomeDtls><ns2:IncomeDtl><ns2:SrlNo>9</ns2:SrlNo><ns2:IdenficationNum>530401027865368</ns2:IdenficationNum><ns2:NatureOfInc>INTEREST INCOME</ns2:NatureOfInc><ns2:DeductSection>194A</ns2:DeductSection><ns2:AmtOfInc>21509</ns2:AmtOfInc></ns2:IncomeDtl><ns2:IncomeDtl><ns2:SrlNo>10</ns2:SrlNo><ns2:IdenficationNum>530101346581975</ns2:IdenficationNum><ns2:NatureOfInc>INTEREST INCOME</ns2:NatureOfInc><ns2:DeductSection>194A</ns2:DeductSection><ns2:AmtOfInc>1</ns2:AmtOfInc></ns2:IncomeDtl><ns2:IncomeDtl><ns2:SrlNo>11</ns2:SrlNo><ns2:IdenficationNum>530401034158934</ns2:IdenficationNum><ns2:NatureOfInc>INTEREST INCOME</ns2:NatureOfInc><ns2:DeductSection>194A</ns2:DeductSection><ns2:AmtOfInc>20771</ns2:AmtOfInc></ns2:IncomeDtl></ns2:IncomeDtls></ns2:Part1><ns2:Part1><ns2:Basicdtls><ns2:AssesseeName>THANKAMMA JOSEPH</ns2:AssesseeName><ns2:AssesseePAN>AKXPT5321Q</ns2:AssesseePAN><ns2:AssesseeDOB>1953-01-12</ns2:AssesseeDOB><ns2:PreviousYr>2019</ns2:PreviousYr><ns2:FlatDoorNo>PALAKKAD</ns2:FlatDoorNo><ns2:LocalityOrArea>PALAKKAD</ns2:LocalityOrArea><ns2:CityOrTownOrDistrict>PALAKKAD</ns2:CityOrTownOrDistrict><ns2:StateCode>99</ns2:StateCode><ns2:PinCode>678686</ns2:PinCode><ns2:EmailAddress>NULL@EMAIL.COM</ns2:EmailAddress><ns2:MobileNo>9995823400</ns2:MobileNo><ns2:TaxAssessedFlag>N</ns2:TaxAssessedFlag><ns2:EstimatedInc>16043</ns2:EstimatedInc><ns2:EstimatedTotalIncPrvYr>16043</ns2:EstimatedTotalIncPrvYr><ns2:TotalNoOfForm15H>0</ns2:TotalNoOfForm15H><ns2:AggregateAmtForm15H>0</ns2:AggregateAmtForm15H><ns2:UniqueIdNumber>H000191962201920CHNC00696D</ns2:UniqueIdNumber><ns2:DeclarationDate>2019-09-10</ns2:DeclarationDate><ns2:AmtOfIncPaid>16043</ns2:AmtOfIncPaid><ns2:DateIncPaid>2019-09-10</ns2:DateIncPaid></ns2:Basicdtls><ns2:IncomeDtls><ns2:IncomeDtl><ns2:SrlNo>12</ns2:SrlNo><ns2:IdenficationNum>10550100210302</ns2:IdenficationNum><ns2:NatureOfInc>INTEREST INCOME</ns2:NatureOfInc><ns2:DeductSection>194A</ns2:DeductSection><ns2:AmtOfInc>15393</ns2:AmtOfInc></ns2:IncomeDtl><ns2:IncomeDtl><ns2:SrlNo>13</ns2:SrlNo><ns2:IdenficationNum>10550100210296</ns2:IdenficationNum><ns2:NatureOfInc>INTEREST INCOME</ns2:NatureOfInc><ns2:DeductSection>194A</ns2:DeductSection><ns2:AmtOfInc>319</ns2:AmtOfInc></ns2:IncomeDtl><ns2:IncomeDtl><ns2:SrlNo>14</ns2:SrlNo><ns2:IdenficationNum>10550100210311</ns2:IdenficationNum><ns2:NatureOfInc>INTEREST INCOME</ns2:NatureOfInc><ns2:DeductSection>194A</ns2:DeductSection><ns2:AmtOfInc>331</ns2:AmtOfInc></ns2:IncomeDtl></ns2:IncomeDtls></ns2:Part1><ns2:Part1><ns2:Basicdtls><ns2:AssesseeName>E.SIVADASAN</ns2:AssesseeName><ns2:AssesseePAN>CUGPS0209F</ns2:AssesseePAN><ns2:AssesseeDOB>1949-01-23</ns2:AssesseeDOB><ns2:PreviousYr>2019</ns2:PreviousYr><ns2:FlatDoorNo>PALAKKAD</ns2:FlatDoorNo><ns2:LocalityOrArea>PALAKKAD</ns2:LocalityOrArea><ns2:CityOrTownOrDistrict>PALAKKAD</ns2:CityOrTownOrDistrict><ns2:StateCode>99</ns2:StateCode><ns2:PinCode>678686</ns2:PinCode><ns2:EmailAddress>NULL@EMAIL.COM</ns2:EmailAddress><ns2:MobileNo>9946782791</ns2:MobileNo><ns2:TaxAssessedFlag>N</ns2:TaxAssessedFlag><ns2:EstimatedInc>1</ns2:EstimatedInc><ns2:EstimatedTotalIncPrvYr>30817</ns2:EstimatedTotalIncPrvYr><ns2:TotalNoOfForm15H>0</ns2:TotalNoOfForm15H><ns2:AggregateAmtForm15H>0</ns2:AggregateAmtForm15H><ns2:UniqueIdNumber>H000202183201920CHNC00696D</ns2:UniqueIdNumber><ns2:DeclarationDate>2019-03-12</ns2:DeclarationDate><ns2:AmtOfIncPaid>1</ns2:AmtOfIncPaid><ns2:DateIncPaid>2019-03-12</ns2:DateIncPaid></ns2:Basicdtls><ns2:IncomeDtls><ns2:IncomeDtl><ns2:SrlNo>15</ns2:SrlNo><ns2:IdenficationNum>2010219386</ns2:IdenficationNum><ns2:NatureOfInc>INTEREST INCOME</ns2:NatureOfInc><ns2:DeductSection>194A</ns2:DeductSection><ns2:AmtOfInc>1</ns2:AmtOfInc></ns2:IncomeDtl></ns2:IncomeDtls></ns2:Part1><ns2:Part1><ns2:Basicdtls><ns2:AssesseeName>RADHAKRISHNAN P</ns2:AssesseeName><ns2:AssesseePAN>ADBPR7402D</ns2:AssesseePAN><ns2:AssesseeDOB>1959-04-21</ns2:AssesseeDOB><ns2:PreviousYr>2019</ns2:PreviousYr><ns2:FlatDoorNo>PALAKKAD</ns2:FlatDoorNo><ns2:LocalityOrArea>PALAKKAD</ns2:LocalityOrArea><ns2:CityOrTownOrDistrict>PALAKKAD</ns2:CityOrTownOrDistrict><ns2:StateCode>99</ns2:StateCode><ns2:PinCode>678682</ns2:PinCode><ns2:EmailAddress>RADHAKRISHNANP507@GMAIL.COM</ns2:EmailAddress><ns2:MobileNo>9495185985</ns2:MobileNo><ns2:TaxAssessedFlag>N</ns2:TaxAssessedFlag><ns2:EstimatedInc>140980</ns2:EstimatedInc><ns2:EstimatedTotalIncPrvYr>140980</ns2:EstimatedTotalIncPrvYr><ns2:TotalNoOfForm15H>0</ns2:TotalNoOfForm15H><ns2:AggregateAmtForm15H>0</ns2:AggregateAmtForm15H><ns2:UniqueIdNumber>H000205490201920CHNC00696D</ns2:UniqueIdNumber><ns2:DeclarationDate>2019-12-23</ns2:DeclarationDate><ns2:AmtOfIncPaid>140980</ns2:AmtOfIncPaid><ns2:DateIncPaid>2019-12-23</ns2:DateIncPaid></ns2:Basicdtls><ns2:IncomeDtls><ns2:IncomeDtl><ns2:SrlNo>16</ns2:SrlNo><ns2:IdenficationNum>530101344850783</ns2:IdenficationNum><ns2:NatureOfInc>INTEREST INCOME</ns2:NatureOfInc><ns2:DeductSection>194A</ns2:DeductSection><ns2:AmtOfInc>70879</ns2:AmtOfInc></ns2:IncomeDtl><ns2:IncomeDtl><ns2:SrlNo>17</ns2:SrlNo><ns2:IdenficationNum>530101344850686</ns2:IdenficationNum><ns2:NatureOfInc>INTEREST INCOME</ns2:NatureOfInc><ns2:DeductSection>194A</ns2:DeductSection><ns2:AmtOfInc>35440</ns2:AmtOfInc></ns2:IncomeDtl></ns2:IncomeDtls></ns2:Part1><ns2:Part1><ns2:Basicdtls><ns2:AssesseeName>KRISHNAN</ns2:AssesseeName><ns2:AssesseePAN>AVYPC8789M</ns2:AssesseePAN><ns2:AssesseeDOB>1939-01-01</ns2:AssesseeDOB><ns2:PreviousYr>2019</ns2:PreviousYr><ns2:FlatDoorNo>PALAKKAD</ns2:FlatDoorNo><ns2:LocalityOrArea>PALAKKAD</ns2:LocalityOrArea><ns2:CityOrTownOrDistrict>PALAKKAD</ns2:CityOrTownOrDistrict><ns2:StateCode>99</ns2:StateCode><ns2:PinCode>678686</ns2:PinCode><ns2:EmailAddress>NULL@EMAIL.COM</ns2:EmailAddress><ns2:MobileNo>8281883385</ns2:MobileNo><ns2:TaxAssessedFlag>N</ns2:TaxAssessedFlag><ns2:EstimatedInc>14689</ns2:EstimatedInc><ns2:EstimatedTotalIncPrvYr>14689</ns2:EstimatedTotalIncPrvYr><ns2:TotalNoOfForm15H>0</ns2:TotalNoOfForm15H><ns2:AggregateAmtForm15H>0</ns2:AggregateAmtForm15H><ns2:UniqueIdNumber>H000195762201920CHNC00696D</ns2:UniqueIdNumber><ns2:DeclarationDate>2019-10-28</ns2:DeclarationDate><ns2:AmtOfIncPaid>14689</ns2:AmtOfIncPaid><ns2:DateIncPaid>2019-10-28</ns2:DateIncPaid></ns2:Basicdtls><ns2:IncomeDtls><ns2:IncomeDtl><ns2:SrlNo>18</ns2:SrlNo><ns2:IdenficationNum>530401008466840</ns2:IdenficationNum><ns2:NatureOfInc>INTEREST INCOME</ns2:NatureOfInc><ns2:DeductSection>194A</ns2:DeductSection><ns2:AmtOfInc>14689</ns2:AmtOfInc></ns2:IncomeDtl></ns2:IncomeDtls></ns2:Part1></ns2:Part1Dtls></ns2:Form15HDtls></ns2:FORM15H>