<?xml version="1.0" encoding="UTF-8" standalone="yes"?><ns2:FORM15H xmlns="http://incometaxindiaefiling.gov.in/common" xmlns:ns2="http://incometaxindiaefiling.gov.in/FORM15H"><ns2:FormCreationInfo><CreationInfo><SWVersionNo>11.8.2.0</SWVersionNo><SWCreatedBy>Relyon Softech Ltd</SWCreatedBy><XMLCreatedBy>SaralTDSWeb</XMLCreatedBy><XMLCreationDate>2020-01-06</XMLCreationDate></CreationInfo><Form_Details><FormName>FORM15H</FormName><AssessmentYear>2020</AssessmentYear><SchemaVer>V1.0</SchemaVer><FormVer>1.0</FormVer></Form_Details></ns2:FormCreationInfo><ns2:Form15HDtls><ns2:TAN>NGPC02597A</ns2:TAN><ns2:Quarter>Q3</ns2:Quarter><ns2:FinancialYr>2019</ns2:FinancialYr><ns2:FilingType>O</ns2:FilingType><ns2:Part1Dtls><ns2:Part1><ns2:Basicdtls><ns2:AssesseeName>SURESH TUKARAM SONUNE</ns2:AssesseeName><ns2:AssesseePAN>AKRPS8153R</ns2:AssesseePAN><ns2:AssesseeDOB>1952-01-10</ns2:AssesseeDOB><ns2:PreviousYr>2019</ns2:PreviousYr><ns2:FlatDoorNo>NAGPUR</ns2:FlatDoorNo><ns2:LocalityOrArea>NAGPUR</ns2:LocalityOrArea><ns2:CityOrTownOrDistrict>NAGPUR</ns2:CityOrTownOrDistrict><ns2:StateCode>99</ns2:StateCode><ns2:PinCode>440022</ns2:PinCode><ns2:EmailAddress>KOMALKATE9.KK@GMAIL.COM</ns2:EmailAddress><ns2:MobileNo>9876543210</ns2:MobileNo><ns2:TaxAssessedFlag>N</ns2:TaxAssessedFlag><ns2:EstimatedInc>21946</ns2:EstimatedInc><ns2:EstimatedTotalIncPrvYr>21946</ns2:EstimatedTotalIncPrvYr><ns2:TotalNoOfForm15H>0</ns2:TotalNoOfForm15H><ns2:AggregateAmtForm15H>0</ns2:AggregateAmtForm15H><ns2:UniqueIdNumber>H000194283201920NGPC02597A</ns2:UniqueIdNumber><ns2:DeclarationDate>2019-10-18</ns2:DeclarationDate><ns2:AmtOfIncPaid>21946</ns2:AmtOfIncPaid><ns2:DateIncPaid>2019-10-18</ns2:DateIncPaid></ns2:Basicdtls><ns2:IncomeDtls><ns2:IncomeDtl><ns2:SrlNo>1</ns2:SrlNo><ns2:IdenficationNum>530401015871593</ns2:IdenficationNum><ns2:NatureOfInc>INTEREST INCOME</ns2:NatureOfInc><ns2:DeductSection>194A</ns2:DeductSection><ns2:AmtOfInc>14844</ns2:AmtOfInc></ns2:IncomeDtl><ns2:IncomeDtl><ns2:SrlNo>2</ns2:SrlNo><ns2:IdenficationNum>530401015237411</ns2:IdenficationNum><ns2:NatureOfInc>INTEREST INCOME</ns2:NatureOfInc><ns2:DeductSection>194A</ns2:DeductSection><ns2:AmtOfInc>10867</ns2:AmtOfInc></ns2:IncomeDtl></ns2:IncomeDtls></ns2:Part1><ns2:Part1><ns2:Basicdtls><ns2:AssesseeName>SMITA KRUSHNARAO SATFALE</ns2:AssesseeName><ns2:AssesseePAN>AERPS4420B</ns2:AssesseePAN><ns2:AssesseeDOB>1959-11-18</ns2:AssesseeDOB><ns2:PreviousYr>2019</ns2:PreviousYr><ns2:FlatDoorNo>NAGAPUR</ns2:FlatDoorNo><ns2:LocalityOrArea>NAGAPUR</ns2:LocalityOrArea><ns2:CityOrTownOrDistrict>NAGAPUR</ns2:CityOrTownOrDistrict><ns2:StateCode>99</ns2:StateCode><ns2:PinCode>440009</ns2:PinCode><ns2:EmailAddress>PANDE.RAJEEV@HOTMAIL.COM</ns2:EmailAddress><ns2:MobileNo>9960723051</ns2:MobileNo><ns2:TaxAssessedFlag>N</ns2:TaxAssessedFlag><ns2:EstimatedInc>36799</ns2:EstimatedInc><ns2:EstimatedTotalIncPrvYr>36799</ns2:EstimatedTotalIncPrvYr><ns2:TotalNoOfForm15H>0</ns2:TotalNoOfForm15H><ns2:AggregateAmtForm15H>0</ns2:AggregateAmtForm15H><ns2:UniqueIdNumber>H000200740201920NGPC02597A</ns2:UniqueIdNumber><ns2:DeclarationDate>2019-11-25</ns2:DeclarationDate><ns2:AmtOfIncPaid>36799</ns2:AmtOfIncPaid><ns2:DateIncPaid>2019-11-25</ns2:DateIncPaid></ns2:Basicdtls><ns2:IncomeDtls><ns2:IncomeDtl><ns2:SrlNo>3</ns2:SrlNo><ns2:IdenficationNum>530401036923431</ns2:IdenficationNum><ns2:NatureOfInc>INTEREST INCOME</ns2:NatureOfInc><ns2:DeductSection>194A</ns2:DeductSection><ns2:AmtOfInc>36799</ns2:AmtOfInc></ns2:IncomeDtl><ns2:IncomeDtl><ns2:SrlNo>4</ns2:SrlNo><ns2:IdenficationNum>530101344230235</ns2:IdenficationNum><ns2:NatureOfInc>INTEREST INCOME</ns2:NatureOfInc><ns2:DeductSection>194A</ns2:DeductSection><ns2:AmtOfInc>1</ns2:AmtOfInc></ns2:IncomeDtl></ns2:IncomeDtls></ns2:Part1><ns2:Part1><ns2:Basicdtls><ns2:AssesseeName>PRAVEEN KAMLAKAR KARKARE</ns2:AssesseeName><ns2:AssesseePAN>AFUPK3814M</ns2:AssesseePAN><ns2:AssesseeDOB>1959-12-09</ns2:AssesseeDOB><ns2:PreviousYr>2019</ns2:PreviousYr><ns2:FlatDoorNo>BETUL</ns2:FlatDoorNo><ns2:LocalityOrArea>BETUL</ns2:LocalityOrArea><ns2:CityOrTownOrDistrict>BETUL</ns2:CityOrTownOrDistrict><ns2:StateCode>99</ns2:StateCode><ns2:PinCode>403007</ns2:PinCode><ns2:EmailAddress>KANCHAN1973@YAHOO.CO.IN</ns2:EmailAddress><ns2:MobileNo>9423150091</ns2:MobileNo><ns2:TaxAssessedFlag>Y</ns2:TaxAssessedFlag><ns2:LatestAsstYr>2019</ns2:LatestAsstYr><ns2:EstimatedInc>40500</ns2:EstimatedInc><ns2:EstimatedTotalIncPrvYr>400000</ns2:EstimatedTotalIncPrvYr><ns2:TotalNoOfForm15H>0</ns2:TotalNoOfForm15H><ns2:AggregateAmtForm15H>0</ns2:AggregateAmtForm15H><ns2:UniqueIdNumber>H000201780201920NGPC02597A</ns2:UniqueIdNumber><ns2:DeclarationDate>2019-11-30</ns2:DeclarationDate><ns2:AmtOfIncPaid>40500</ns2:AmtOfIncPaid><ns2:DateIncPaid>2019-11-30</ns2:DateIncPaid></ns2:Basicdtls><ns2:IncomeDtls><ns2:IncomeDtl><ns2:SrlNo>5</ns2:SrlNo><ns2:IdenficationNum>530101346653810</ns2:IdenficationNum><ns2:NatureOfInc>INTEREST INCOME</ns2:NatureOfInc><ns2:DeductSection>194A</ns2:DeductSection><ns2:AmtOfInc>40500</ns2:AmtOfInc></ns2:IncomeDtl></ns2:IncomeDtls></ns2:Part1><ns2:Part1><ns2:Basicdtls><ns2:AssesseeName>CHINTAMAN MAHADEORAO MATE</ns2:AssesseeName><ns2:AssesseePAN>AFOPM6305F</ns2:AssesseePAN><ns2:AssesseeDOB>1951-10-03</ns2:AssesseeDOB><ns2:PreviousYr>2019</ns2:PreviousYr><ns2:FlatDoorNo>NAGPUR</ns2:FlatDoorNo><ns2:LocalityOrArea>NAGPUR</ns2:LocalityOrArea><ns2:CityOrTownOrDistrict>NAGPUR</ns2:CityOrTownOrDistrict><ns2:StateCode>99</ns2:StateCode><ns2:PinCode>440014</ns2:PinCode><ns2:EmailAddress>MHETRESHASHIKALA01@GMAIL.COM</ns2:EmailAddress><ns2:MobileNo>9673504740</ns2:MobileNo><ns2:TaxAssessedFlag>N</ns2:TaxAssessedFlag><ns2:EstimatedInc>39642</ns2:EstimatedInc><ns2:EstimatedTotalIncPrvYr>50000</ns2:EstimatedTotalIncPrvYr><ns2:TotalNoOfForm15H>0</ns2:TotalNoOfForm15H><ns2:AggregateAmtForm15H>0</ns2:AggregateAmtForm15H><ns2:UniqueIdNumber>H000193718201920NGPC02597A</ns2:UniqueIdNumber><ns2:DeclarationDate>2019-10-16</ns2:DeclarationDate><ns2:AmtOfIncPaid>39642</ns2:AmtOfIncPaid><ns2:DateIncPaid>2019-10-16</ns2:DateIncPaid></ns2:Basicdtls><ns2:IncomeDtls><ns2:IncomeDtl><ns2:SrlNo>6</ns2:SrlNo><ns2:IdenficationNum>530401032034674</ns2:IdenficationNum><ns2:NatureOfInc>INTEREST INCOME</ns2:NatureOfInc><ns2:DeductSection>194A</ns2:DeductSection><ns2:AmtOfInc>39642</ns2:AmtOfInc></ns2:IncomeDtl></ns2:IncomeDtls></ns2:Part1><ns2:Part1><ns2:Basicdtls><ns2:AssesseeName>SUDHAKAR AMBADAS JAOLIKAR</ns2:AssesseeName><ns2:AssesseePAN>ABGPJ3655D</ns2:AssesseePAN><ns2:AssesseeDOB>1935-06-18</ns2:AssesseeDOB><ns2:PreviousYr>2019</ns2:PreviousYr><ns2:FlatDoorNo>NAGPUR</ns2:FlatDoorNo><ns2:LocalityOrArea>NAGPUR</ns2:LocalityOrArea><ns2:CityOrTownOrDistrict>NAGPUR</ns2:CityOrTownOrDistrict><ns2:StateCode>99</ns2:StateCode><ns2:PinCode>440015</ns2:PinCode><ns2:EmailAddress>KARKAREPRAVEENK@GMAIL.COM</ns2:EmailAddress><ns2:MobileNo>9096017202</ns2:MobileNo><ns2:TaxAssessedFlag>N</ns2:TaxAssessedFlag><ns2:EstimatedInc>4729</ns2:EstimatedInc><ns2:EstimatedTotalIncPrvYr>4729</ns2:EstimatedTotalIncPrvYr><ns2:TotalNoOfForm15H>0</ns2:TotalNoOfForm15H><ns2:AggregateAmtForm15H>0</ns2:AggregateAmtForm15H><ns2:UniqueIdNumber>H000195536201920NGPC02597A</ns2:UniqueIdNumber><ns2:DeclarationDate>2019-10-25</ns2:DeclarationDate><ns2:AmtOfIncPaid>4729</ns2:AmtOfIncPaid><ns2:DateIncPaid>2019-10-25</ns2:DateIncPaid></ns2:Basicdtls><ns2:IncomeDtls><ns2:IncomeDtl><ns2:SrlNo>7</ns2:SrlNo><ns2:IdenficationNum>530401015609848</ns2:IdenficationNum><ns2:NatureOfInc>INTEREST INCOME</ns2:NatureOfInc><ns2:DeductSection>194A</ns2:DeductSection><ns2:AmtOfInc>1</ns2:AmtOfInc></ns2:IncomeDtl></ns2:IncomeDtls></ns2:Part1></ns2:Part1Dtls></ns2:Form15HDtls></ns2:FORM15H>