<?xml version="1.0" encoding="UTF-8" standalone="yes"?><ns2:FORM15H xmlns="http://incometaxindiaefiling.gov.in/common" xmlns:ns2="http://incometaxindiaefiling.gov.in/FORM15H"><ns2:FormCreationInfo><CreationInfo><SWVersionNo>11.8.2.0</SWVersionNo><SWCreatedBy>Relyon Softech Ltd</SWCreatedBy><XMLCreatedBy>SaralTDSWeb</XMLCreatedBy><XMLCreationDate>2020-01-06</XMLCreationDate></CreationInfo><Form_Details><FormName>FORM15H</FormName><AssessmentYear>2020</AssessmentYear><SchemaVer>V1.0</SchemaVer><FormVer>1.0</FormVer></Form_Details></ns2:FormCreationInfo><ns2:Form15HDtls><ns2:TAN>BLRC03358F</ns2:TAN><ns2:Quarter>Q3</ns2:Quarter><ns2:FinancialYr>2019</ns2:FinancialYr><ns2:FilingType>O</ns2:FilingType><ns2:Part1Dtls><ns2:Part1><ns2:Basicdtls><ns2:AssesseeName>CHANDRAVATHI</ns2:AssesseeName><ns2:AssesseePAN>BAQPC1599B</ns2:AssesseePAN><ns2:AssesseeDOB>1958-10-02</ns2:AssesseeDOB><ns2:PreviousYr>2019</ns2:PreviousYr><ns2:FlatDoorNo>SHIMOGA</ns2:FlatDoorNo><ns2:LocalityOrArea>SHIMOGA</ns2:LocalityOrArea><ns2:CityOrTownOrDistrict>SHIMOGA</ns2:CityOrTownOrDistrict><ns2:StateCode>99</ns2:StateCode><ns2:PinCode>577432</ns2:PinCode><ns2:EmailAddress>NULL@EMAIL.COM</ns2:EmailAddress><ns2:MobileNo>9448907300</ns2:MobileNo><ns2:TaxAssessedFlag>N</ns2:TaxAssessedFlag><ns2:EstimatedInc>9998</ns2:EstimatedInc><ns2:EstimatedTotalIncPrvYr>110000</ns2:EstimatedTotalIncPrvYr><ns2:TotalNoOfForm15H>0</ns2:TotalNoOfForm15H><ns2:AggregateAmtForm15H>0</ns2:AggregateAmtForm15H><ns2:UniqueIdNumber>H000194756201920BLRC03358F</ns2:UniqueIdNumber><ns2:DeclarationDate>2019-10-21</ns2:DeclarationDate><ns2:AmtOfIncPaid>9998</ns2:AmtOfIncPaid><ns2:DateIncPaid>2019-10-21</ns2:DateIncPaid></ns2:Basicdtls><ns2:IncomeDtls><ns2:IncomeDtl><ns2:SrlNo>1</ns2:SrlNo><ns2:IdenficationNum>530401038723985</ns2:IdenficationNum><ns2:NatureOfInc>INTEREST INCOME</ns2:NatureOfInc><ns2:DeductSection>194A</ns2:DeductSection><ns2:AmtOfInc>2168</ns2:AmtOfInc></ns2:IncomeDtl><ns2:IncomeDtl><ns2:SrlNo>2</ns2:SrlNo><ns2:IdenficationNum>530401036506757</ns2:IdenficationNum><ns2:NatureOfInc>INTEREST INCOME</ns2:NatureOfInc><ns2:DeductSection>194A</ns2:DeductSection><ns2:AmtOfInc>4513</ns2:AmtOfInc></ns2:IncomeDtl><ns2:IncomeDtl><ns2:SrlNo>3</ns2:SrlNo><ns2:IdenficationNum>530401039443516</ns2:IdenficationNum><ns2:NatureOfInc>INTEREST INCOME</ns2:NatureOfInc><ns2:DeductSection>194A</ns2:DeductSection><ns2:AmtOfInc>3317</ns2:AmtOfInc></ns2:IncomeDtl></ns2:IncomeDtls></ns2:Part1><ns2:Part1><ns2:Basicdtls><ns2:AssesseeName>VEENA</ns2:AssesseeName><ns2:AssesseePAN>ANKPV4632N</ns2:AssesseePAN><ns2:AssesseeDOB>1950-01-06</ns2:AssesseeDOB><ns2:PreviousYr>2019</ns2:PreviousYr><ns2:FlatDoorNo>TIRTHAHALLI</ns2:FlatDoorNo><ns2:LocalityOrArea>TIRTHAHALLI</ns2:LocalityOrArea><ns2:CityOrTownOrDistrict>TIRTHAHALLI</ns2:CityOrTownOrDistrict><ns2:StateCode>99</ns2:StateCode><ns2:PinCode>577432</ns2:PinCode><ns2:EmailAddress>NULL@EMAIL.COM</ns2:EmailAddress><ns2:MobileNo>9448393974</ns2:MobileNo><ns2:TaxAssessedFlag>N</ns2:TaxAssessedFlag><ns2:EstimatedInc>20859</ns2:EstimatedInc><ns2:EstimatedTotalIncPrvYr>110000</ns2:EstimatedTotalIncPrvYr><ns2:TotalNoOfForm15H>0</ns2:TotalNoOfForm15H><ns2:AggregateAmtForm15H>0</ns2:AggregateAmtForm15H><ns2:UniqueIdNumber>H000198513201920BLRC03358F</ns2:UniqueIdNumber><ns2:DeclarationDate>2019-11-13</ns2:DeclarationDate><ns2:AmtOfIncPaid>20859</ns2:AmtOfIncPaid><ns2:DateIncPaid>2019-11-13</ns2:DateIncPaid></ns2:Basicdtls><ns2:IncomeDtls><ns2:IncomeDtl><ns2:SrlNo>4</ns2:SrlNo><ns2:IdenficationNum>530401018534709</ns2:IdenficationNum><ns2:NatureOfInc>INTEREST INCOME</ns2:NatureOfInc><ns2:DeductSection>194A</ns2:DeductSection><ns2:AmtOfInc>1</ns2:AmtOfInc></ns2:IncomeDtl><ns2:IncomeDtl><ns2:SrlNo>5</ns2:SrlNo><ns2:IdenficationNum>530401018540563</ns2:IdenficationNum><ns2:NatureOfInc>INTEREST INCOME</ns2:NatureOfInc><ns2:DeductSection>194A</ns2:DeductSection><ns2:AmtOfInc>20859</ns2:AmtOfInc></ns2:IncomeDtl></ns2:IncomeDtls></ns2:Part1><ns2:Part1><ns2:Basicdtls><ns2:AssesseeName>GUNDAPPA GOWDA</ns2:AssesseeName><ns2:AssesseePAN>AVMPG4346G</ns2:AssesseePAN><ns2:AssesseeDOB>1942-01-01</ns2:AssesseeDOB><ns2:PreviousYr>2019</ns2:PreviousYr><ns2:FlatDoorNo>TIRTHAHALLI</ns2:FlatDoorNo><ns2:LocalityOrArea>TIRTHAHALLI</ns2:LocalityOrArea><ns2:CityOrTownOrDistrict>TIRTHAHALLI</ns2:CityOrTownOrDistrict><ns2:StateCode>99</ns2:StateCode><ns2:PinCode>111111</ns2:PinCode><ns2:EmailAddress>NULL@EMAIL.COM</ns2:EmailAddress><ns2:MobileNo>8277009468</ns2:MobileNo><ns2:TaxAssessedFlag>N</ns2:TaxAssessedFlag><ns2:EstimatedInc>1</ns2:EstimatedInc><ns2:EstimatedTotalIncPrvYr>10000</ns2:EstimatedTotalIncPrvYr><ns2:TotalNoOfForm15H>0</ns2:TotalNoOfForm15H><ns2:AggregateAmtForm15H>0</ns2:AggregateAmtForm15H><ns2:UniqueIdNumber>H000199821201920BLRC03358F</ns2:UniqueIdNumber><ns2:DeclarationDate>2019-11-19</ns2:DeclarationDate><ns2:AmtOfIncPaid>1</ns2:AmtOfIncPaid><ns2:DateIncPaid>2019-11-19</ns2:DateIncPaid></ns2:Basicdtls><ns2:IncomeDtls><ns2:IncomeDtl><ns2:SrlNo>6</ns2:SrlNo><ns2:IdenficationNum>2019890355</ns2:IdenficationNum><ns2:NatureOfInc>INTEREST INCOME</ns2:NatureOfInc><ns2:DeductSection>194A</ns2:DeductSection><ns2:AmtOfInc>1</ns2:AmtOfInc></ns2:IncomeDtl></ns2:IncomeDtls></ns2:Part1><ns2:Part1><ns2:Basicdtls><ns2:AssesseeName>K SEETHARAM</ns2:AssesseeName><ns2:AssesseePAN>ARQPS9655L</ns2:AssesseePAN><ns2:AssesseeDOB>1952-07-13</ns2:AssesseeDOB><ns2:PreviousYr>2019</ns2:PreviousYr><ns2:FlatDoorNo>SHIMOGA</ns2:FlatDoorNo><ns2:LocalityOrArea>SHIMOGA</ns2:LocalityOrArea><ns2:CityOrTownOrDistrict>SHIMOGA</ns2:CityOrTownOrDistrict><ns2:StateCode>99</ns2:StateCode><ns2:PinCode>577432</ns2:PinCode><ns2:EmailAddress>NULL@EMAIL.COM</ns2:EmailAddress><ns2:MobileNo>9449495495</ns2:MobileNo><ns2:TaxAssessedFlag>N</ns2:TaxAssessedFlag><ns2:EstimatedInc>45000</ns2:EstimatedInc><ns2:EstimatedTotalIncPrvYr>120000</ns2:EstimatedTotalIncPrvYr><ns2:TotalNoOfForm15H>0</ns2:TotalNoOfForm15H><ns2:AggregateAmtForm15H>0</ns2:AggregateAmtForm15H><ns2:UniqueIdNumber>H000198917201920BLRC03358F</ns2:UniqueIdNumber><ns2:DeclarationDate>2019-11-14</ns2:DeclarationDate><ns2:AmtOfIncPaid>45000</ns2:AmtOfIncPaid><ns2:DateIncPaid>2019-11-14</ns2:DateIncPaid></ns2:Basicdtls><ns2:IncomeDtls><ns2:IncomeDtl><ns2:SrlNo>7</ns2:SrlNo><ns2:IdenficationNum>530101345017163</ns2:IdenficationNum><ns2:NatureOfInc>INTEREST INCOME</ns2:NatureOfInc><ns2:DeductSection>194A</ns2:DeductSection><ns2:AmtOfInc>45000</ns2:AmtOfInc></ns2:IncomeDtl></ns2:IncomeDtls></ns2:Part1><ns2:Part1><ns2:Basicdtls><ns2:AssesseeName>VASAPPA.T.R.</ns2:AssesseeName><ns2:AssesseePAN>AMQPV6128G</ns2:AssesseePAN><ns2:AssesseeDOB>1957-03-06</ns2:AssesseeDOB><ns2:PreviousYr>2019</ns2:PreviousYr><ns2:FlatDoorNo>TIRTHAHALLI</ns2:FlatDoorNo><ns2:LocalityOrArea>TIRTHAHALLI</ns2:LocalityOrArea><ns2:CityOrTownOrDistrict>TIRTHAHALLI</ns2:CityOrTownOrDistrict><ns2:StateCode>99</ns2:StateCode><ns2:PinCode>577432</ns2:PinCode><ns2:EmailAddress>NULL@EMAIL.COM</ns2:EmailAddress><ns2:MobileNo>9482701619</ns2:MobileNo><ns2:TaxAssessedFlag>N</ns2:TaxAssessedFlag><ns2:EstimatedInc>5385</ns2:EstimatedInc><ns2:EstimatedTotalIncPrvYr>150000</ns2:EstimatedTotalIncPrvYr><ns2:TotalNoOfForm15H>0</ns2:TotalNoOfForm15H><ns2:AggregateAmtForm15H>0</ns2:AggregateAmtForm15H><ns2:UniqueIdNumber>H000206481201920BLRC03358F</ns2:UniqueIdNumber><ns2:DeclarationDate>2019-12-31</ns2:DeclarationDate><ns2:AmtOfIncPaid>5385</ns2:AmtOfIncPaid><ns2:DateIncPaid>2019-12-31</ns2:DateIncPaid></ns2:Basicdtls><ns2:IncomeDtls><ns2:IncomeDtl><ns2:SrlNo>8</ns2:SrlNo><ns2:IdenficationNum>530401040521296</ns2:IdenficationNum><ns2:NatureOfInc>INTEREST INCOME</ns2:NatureOfInc><ns2:DeductSection>194A</ns2:DeductSection><ns2:AmtOfInc>5385</ns2:AmtOfInc></ns2:IncomeDtl></ns2:IncomeDtls></ns2:Part1><ns2:Part1><ns2:Basicdtls><ns2:AssesseeName>A.P SRIPATHI</ns2:AssesseeName><ns2:AssesseePAN>ARRPS6587J</ns2:AssesseePAN><ns2:AssesseeDOB>1944-07-23</ns2:AssesseeDOB><ns2:PreviousYr>2019</ns2:PreviousYr><ns2:FlatDoorNo>SHIMOGA</ns2:FlatDoorNo><ns2:LocalityOrArea>SHIMOGA</ns2:LocalityOrArea><ns2:CityOrTownOrDistrict>SHIMOGA</ns2:CityOrTownOrDistrict><ns2:StateCode>99</ns2:StateCode><ns2:PinCode>577432</ns2:PinCode><ns2:EmailAddress>NULL@EMAIL.COM</ns2:EmailAddress><ns2:MobileNo>9449170942</ns2:MobileNo><ns2:TaxAssessedFlag>N</ns2:TaxAssessedFlag><ns2:EstimatedInc>2066</ns2:EstimatedInc><ns2:EstimatedTotalIncPrvYr>150000</ns2:EstimatedTotalIncPrvYr><ns2:TotalNoOfForm15H>0</ns2:TotalNoOfForm15H><ns2:AggregateAmtForm15H>0</ns2:AggregateAmtForm15H><ns2:UniqueIdNumber>H000204720201920BLRC03358F</ns2:UniqueIdNumber><ns2:DeclarationDate>2019-12-18</ns2:DeclarationDate><ns2:AmtOfIncPaid>2066</ns2:AmtOfIncPaid><ns2:DateIncPaid>2019-12-18</ns2:DateIncPaid></ns2:Basicdtls><ns2:IncomeDtls><ns2:IncomeDtl><ns2:SrlNo>9</ns2:SrlNo><ns2:IdenficationNum>530401040331963</ns2:IdenficationNum><ns2:NatureOfInc>INTEREST INCOME</ns2:NatureOfInc><ns2:DeductSection>194A</ns2:DeductSection><ns2:AmtOfInc>2066</ns2:AmtOfInc></ns2:IncomeDtl></ns2:IncomeDtls></ns2:Part1><ns2:Part1><ns2:Basicdtls><ns2:AssesseeName>ANUSUYA K P BHATT</ns2:AssesseeName><ns2:AssesseePAN>BHSPB9337D</ns2:AssesseePAN><ns2:AssesseeDOB>1937-09-10</ns2:AssesseeDOB><ns2:PreviousYr>2019</ns2:PreviousYr><ns2:FlatDoorNo>SHIMOGA</ns2:FlatDoorNo><ns2:LocalityOrArea>SHIMOGA</ns2:LocalityOrArea><ns2:CityOrTownOrDistrict>SHIMOGA</ns2:CityOrTownOrDistrict><ns2:StateCode>99</ns2:StateCode><ns2:PinCode>577432</ns2:PinCode><ns2:EmailAddress>NULL@EMAIL.COM</ns2:EmailAddress><ns2:MobileNo>9141775152</ns2:MobileNo><ns2:TaxAssessedFlag>N</ns2:TaxAssessedFlag><ns2:EstimatedInc>5288</ns2:EstimatedInc><ns2:EstimatedTotalIncPrvYr>150000</ns2:EstimatedTotalIncPrvYr><ns2:TotalNoOfForm15H>0</ns2:TotalNoOfForm15H><ns2:AggregateAmtForm15H>0</ns2:AggregateAmtForm15H><ns2:UniqueIdNumber>H000205599201920BLRC03358F</ns2:UniqueIdNumber><ns2:DeclarationDate>2019-12-24</ns2:DeclarationDate><ns2:AmtOfIncPaid>5288</ns2:AmtOfIncPaid><ns2:DateIncPaid>2019-12-24</ns2:DateIncPaid></ns2:Basicdtls><ns2:IncomeDtls><ns2:IncomeDtl><ns2:SrlNo>10</ns2:SrlNo><ns2:IdenficationNum>530101346795125</ns2:IdenficationNum><ns2:NatureOfInc>INTEREST INCOME</ns2:NatureOfInc><ns2:DeductSection>194A</ns2:DeductSection><ns2:AmtOfInc>5288</ns2:AmtOfInc></ns2:IncomeDtl><ns2:IncomeDtl><ns2:SrlNo>11</ns2:SrlNo><ns2:IdenficationNum>530401040391004</ns2:IdenficationNum><ns2:NatureOfInc>INTEREST INCOME</ns2:NatureOfInc><ns2:DeductSection>194A</ns2:DeductSection><ns2:AmtOfInc>5982</ns2:AmtOfInc></ns2:IncomeDtl></ns2:IncomeDtls></ns2:Part1><ns2:Part1><ns2:Basicdtls><ns2:AssesseeName>U.S MANJUNATH</ns2:AssesseeName><ns2:AssesseePAN>BSUPM7183D</ns2:AssesseePAN><ns2:AssesseeDOB>1945-01-31</ns2:AssesseeDOB><ns2:PreviousYr>2019</ns2:PreviousYr><ns2:FlatDoorNo>SHIMOGA</ns2:FlatDoorNo><ns2:LocalityOrArea>SHIMOGA</ns2:LocalityOrArea><ns2:CityOrTownOrDistrict>SHIMOGA</ns2:CityOrTownOrDistrict><ns2:StateCode>99</ns2:StateCode><ns2:PinCode>577432</ns2:PinCode><ns2:EmailAddress>NULL@EMAIL.COM</ns2:EmailAddress><ns2:MobileNo>9876543210</ns2:MobileNo><ns2:TaxAssessedFlag>N</ns2:TaxAssessedFlag><ns2:EstimatedInc>14200</ns2:EstimatedInc><ns2:EstimatedTotalIncPrvYr>100000</ns2:EstimatedTotalIncPrvYr><ns2:TotalNoOfForm15H>0</ns2:TotalNoOfForm15H><ns2:AggregateAmtForm15H>0</ns2:AggregateAmtForm15H><ns2:UniqueIdNumber>H000202580201920BLRC03358F</ns2:UniqueIdNumber><ns2:DeclarationDate>2019-05-12</ns2:DeclarationDate><ns2:AmtOfIncPaid>14200</ns2:AmtOfIncPaid><ns2:DateIncPaid>2019-05-12</ns2:DateIncPaid></ns2:Basicdtls><ns2:IncomeDtls><ns2:IncomeDtl><ns2:SrlNo>12</ns2:SrlNo><ns2:IdenficationNum>530101009746696</ns2:IdenficationNum><ns2:NatureOfInc>INTEREST INCOME</ns2:NatureOfInc><ns2:DeductSection>194A</ns2:DeductSection><ns2:AmtOfInc>14200</ns2:AmtOfInc></ns2:IncomeDtl></ns2:IncomeDtls></ns2:Part1><ns2:Part1><ns2:Basicdtls><ns2:AssesseeName>DEVENDAR M L</ns2:AssesseeName><ns2:AssesseePAN>AZEPD5668C</ns2:AssesseePAN><ns2:AssesseeDOB>1952-11-19</ns2:AssesseeDOB><ns2:PreviousYr>2019</ns2:PreviousYr><ns2:FlatDoorNo>SHIMOGA</ns2:FlatDoorNo><ns2:LocalityOrArea>SHIMOGA</ns2:LocalityOrArea><ns2:CityOrTownOrDistrict>SHIMOGA</ns2:CityOrTownOrDistrict><ns2:StateCode>99</ns2:StateCode><ns2:PinCode>577201</ns2:PinCode><ns2:EmailAddress>NULL@EMAIL.COM</ns2:EmailAddress><ns2:MobileNo>8870496532</ns2:MobileNo><ns2:TaxAssessedFlag>N</ns2:TaxAssessedFlag><ns2:EstimatedInc>49942</ns2:EstimatedInc><ns2:EstimatedTotalIncPrvYr>150000</ns2:EstimatedTotalIncPrvYr><ns2:TotalNoOfForm15H>0</ns2:TotalNoOfForm15H><ns2:AggregateAmtForm15H>0</ns2:AggregateAmtForm15H><ns2:UniqueIdNumber>H000197537201920BLRC03358F</ns2:UniqueIdNumber><ns2:DeclarationDate>2019-06-11</ns2:DeclarationDate><ns2:AmtOfIncPaid>49942</ns2:AmtOfIncPaid><ns2:DateIncPaid>2019-06-11</ns2:DateIncPaid></ns2:Basicdtls><ns2:IncomeDtls><ns2:IncomeDtl><ns2:SrlNo>13</ns2:SrlNo><ns2:IdenficationNum>530401029711328</ns2:IdenficationNum><ns2:NatureOfInc>INTEREST INCOME</ns2:NatureOfInc><ns2:DeductSection>194A</ns2:DeductSection><ns2:AmtOfInc>49942</ns2:AmtOfInc></ns2:IncomeDtl><ns2:IncomeDtl><ns2:SrlNo>14</ns2:SrlNo><ns2:IdenficationNum>530401018540555</ns2:IdenficationNum><ns2:NatureOfInc>INTEREST INCOME</ns2:NatureOfInc><ns2:DeductSection>194A</ns2:DeductSection><ns2:AmtOfInc>1</ns2:AmtOfInc></ns2:IncomeDtl><ns2:IncomeDtl><ns2:SrlNo>15</ns2:SrlNo><ns2:IdenficationNum>530401018534490</ns2:IdenficationNum><ns2:NatureOfInc>INTEREST INCOME</ns2:NatureOfInc><ns2:DeductSection>194A</ns2:DeductSection><ns2:AmtOfInc>1</ns2:AmtOfInc></ns2:IncomeDtl></ns2:IncomeDtls></ns2:Part1><ns2:Part1><ns2:Basicdtls><ns2:AssesseeName>K H  SRINIVASA RAO</ns2:AssesseeName><ns2:AssesseePAN>CUEPS6827H</ns2:AssesseePAN><ns2:AssesseeDOB>1939-04-09</ns2:AssesseeDOB><ns2:PreviousYr>2019</ns2:PreviousYr><ns2:FlatDoorNo>SHIMOGA</ns2:FlatDoorNo><ns2:LocalityOrArea>SHIMOGA</ns2:LocalityOrArea><ns2:CityOrTownOrDistrict>SHIMOGA</ns2:CityOrTownOrDistrict><ns2:StateCode>99</ns2:StateCode><ns2:PinCode>577232</ns2:PinCode><ns2:EmailAddress>NULL@EMAIL.COM</ns2:EmailAddress><ns2:MobileNo>9876543210</ns2:MobileNo><ns2:TaxAssessedFlag>N</ns2:TaxAssessedFlag><ns2:EstimatedInc>62897</ns2:EstimatedInc><ns2:EstimatedTotalIncPrvYr>100000</ns2:EstimatedTotalIncPrvYr><ns2:TotalNoOfForm15H>0</ns2:TotalNoOfForm15H><ns2:AggregateAmtForm15H>0</ns2:AggregateAmtForm15H><ns2:UniqueIdNumber>H000202407201920BLRC03358F</ns2:UniqueIdNumber><ns2:DeclarationDate>2019-04-12</ns2:DeclarationDate><ns2:AmtOfIncPaid>62897</ns2:AmtOfIncPaid><ns2:DateIncPaid>2019-04-12</ns2:DateIncPaid></ns2:Basicdtls><ns2:IncomeDtls><ns2:IncomeDtl><ns2:SrlNo>16</ns2:SrlNo><ns2:IdenficationNum>530401038801096</ns2:IdenficationNum><ns2:NatureOfInc>INTEREST INCOME</ns2:NatureOfInc><ns2:DeductSection>194A</ns2:DeductSection><ns2:AmtOfInc>62897</ns2:AmtOfInc></ns2:IncomeDtl></ns2:IncomeDtls></ns2:Part1><ns2:Part1><ns2:Basicdtls><ns2:AssesseeName>G D KRISHNAVENI</ns2:AssesseeName><ns2:AssesseePAN>AHUPD4173E</ns2:AssesseePAN><ns2:AssesseeDOB>1959-05-29</ns2:AssesseeDOB><ns2:PreviousYr>2019</ns2:PreviousYr><ns2:FlatDoorNo>SHIMOGA</ns2:FlatDoorNo><ns2:LocalityOrArea>SHIMOGA</ns2:LocalityOrArea><ns2:CityOrTownOrDistrict>SHIMOGA</ns2:CityOrTownOrDistrict><ns2:StateCode>99</ns2:StateCode><ns2:PinCode>577432</ns2:PinCode><ns2:EmailAddress>NULL@EMAIL.COM</ns2:EmailAddress><ns2:MobileNo>9482781066</ns2:MobileNo><ns2:TaxAssessedFlag>N</ns2:TaxAssessedFlag><ns2:EstimatedInc>22873</ns2:EstimatedInc><ns2:EstimatedTotalIncPrvYr>150000</ns2:EstimatedTotalIncPrvYr><ns2:TotalNoOfForm15H>0</ns2:TotalNoOfForm15H><ns2:AggregateAmtForm15H>0</ns2:AggregateAmtForm15H><ns2:UniqueIdNumber>H000204007201920BLRC03358F</ns2:UniqueIdNumber><ns2:DeclarationDate>2019-12-12</ns2:DeclarationDate><ns2:AmtOfIncPaid>22873</ns2:AmtOfIncPaid><ns2:DateIncPaid>2019-12-12</ns2:DateIncPaid></ns2:Basicdtls><ns2:IncomeDtls><ns2:IncomeDtl><ns2:SrlNo>17</ns2:SrlNo><ns2:IdenficationNum>530101345941152</ns2:IdenficationNum><ns2:NatureOfInc>INTEREST INCOME</ns2:NatureOfInc><ns2:DeductSection>194A</ns2:DeductSection><ns2:AmtOfInc>10863</ns2:AmtOfInc></ns2:IncomeDtl><ns2:IncomeDtl><ns2:SrlNo>18</ns2:SrlNo><ns2:IdenficationNum>530401040125807</ns2:IdenficationNum><ns2:NatureOfInc>INTEREST INCOME</ns2:NatureOfInc><ns2:DeductSection>194A</ns2:DeductSection><ns2:AmtOfInc>12010</ns2:AmtOfInc></ns2:IncomeDtl></ns2:IncomeDtls></ns2:Part1><ns2:Part1><ns2:Basicdtls><ns2:AssesseeName>S USHA RANI</ns2:AssesseeName><ns2:AssesseePAN>ABHPU7012N</ns2:AssesseePAN><ns2:AssesseeDOB>1955-02-24</ns2:AssesseeDOB><ns2:PreviousYr>2019</ns2:PreviousYr><ns2:FlatDoorNo>SHIMOGA</ns2:FlatDoorNo><ns2:LocalityOrArea>SHIMOGA</ns2:LocalityOrArea><ns2:CityOrTownOrDistrict>SHIMOGA</ns2:CityOrTownOrDistrict><ns2:StateCode>99</ns2:StateCode><ns2:PinCode>577432</ns2:PinCode><ns2:EmailAddress>NULL@EMAIL.COM</ns2:EmailAddress><ns2:MobileNo>9449819276</ns2:MobileNo><ns2:TaxAssessedFlag>N</ns2:TaxAssessedFlag><ns2:EstimatedInc>1</ns2:EstimatedInc><ns2:EstimatedTotalIncPrvYr>110000</ns2:EstimatedTotalIncPrvYr><ns2:TotalNoOfForm15H>0</ns2:TotalNoOfForm15H><ns2:AggregateAmtForm15H>0</ns2:AggregateAmtForm15H><ns2:UniqueIdNumber>H000191129201920BLRC03358F</ns2:UniqueIdNumber><ns2:DeclarationDate>2019-04-10</ns2:DeclarationDate><ns2:AmtOfIncPaid>1</ns2:AmtOfIncPaid><ns2:DateIncPaid>2019-04-10</ns2:DateIncPaid></ns2:Basicdtls><ns2:IncomeDtls><ns2:IncomeDtl><ns2:SrlNo>19</ns2:SrlNo><ns2:IdenficationNum>2019887600</ns2:IdenficationNum><ns2:NatureOfInc>INTEREST INCOME</ns2:NatureOfInc><ns2:DeductSection>194A</ns2:DeductSection><ns2:AmtOfInc>1</ns2:AmtOfInc></ns2:IncomeDtl></ns2:IncomeDtls></ns2:Part1><ns2:Part1><ns2:Basicdtls><ns2:AssesseeName>M G CHANDRU</ns2:AssesseeName><ns2:AssesseePAN>AXXPG2614G</ns2:AssesseePAN><ns2:AssesseeDOB>1958-04-10</ns2:AssesseeDOB><ns2:PreviousYr>2019</ns2:PreviousYr><ns2:FlatDoorNo>SHIMOGA</ns2:FlatDoorNo><ns2:LocalityOrArea>SHIMOGA</ns2:LocalityOrArea><ns2:CityOrTownOrDistrict>SHIMOGA</ns2:CityOrTownOrDistrict><ns2:StateCode>99</ns2:StateCode><ns2:PinCode>577226</ns2:PinCode><ns2:EmailAddress>NULL@EMAIL.COM</ns2:EmailAddress><ns2:MobileNo>9972723815</ns2:MobileNo><ns2:TaxAssessedFlag>N</ns2:TaxAssessedFlag><ns2:EstimatedInc>108515</ns2:EstimatedInc><ns2:EstimatedTotalIncPrvYr>240000</ns2:EstimatedTotalIncPrvYr><ns2:TotalNoOfForm15H>0</ns2:TotalNoOfForm15H><ns2:AggregateAmtForm15H>0</ns2:AggregateAmtForm15H><ns2:UniqueIdNumber>H000195784201920BLRC03358F</ns2:UniqueIdNumber><ns2:DeclarationDate>2019-10-28</ns2:DeclarationDate><ns2:AmtOfIncPaid>108515</ns2:AmtOfIncPaid><ns2:DateIncPaid>2019-10-28</ns2:DateIncPaid></ns2:Basicdtls><ns2:IncomeDtls><ns2:IncomeDtl><ns2:SrlNo>20</ns2:SrlNo><ns2:IdenficationNum>530401039577280</ns2:IdenficationNum><ns2:NatureOfInc>INTEREST INCOME</ns2:NatureOfInc><ns2:DeductSection>194A</ns2:DeductSection><ns2:AmtOfInc>21703</ns2:AmtOfInc></ns2:IncomeDtl><ns2:IncomeDtl><ns2:SrlNo>21</ns2:SrlNo><ns2:IdenficationNum>530401039576832</ns2:IdenficationNum><ns2:NatureOfInc>INTEREST INCOME</ns2:NatureOfInc><ns2:DeductSection>194A</ns2:DeductSection><ns2:AmtOfInc>21703</ns2:AmtOfInc></ns2:IncomeDtl><ns2:IncomeDtl><ns2:SrlNo>22</ns2:SrlNo><ns2:IdenficationNum>530401039577037</ns2:IdenficationNum><ns2:NatureOfInc>INTEREST INCOME</ns2:NatureOfInc><ns2:DeductSection>194A</ns2:DeductSection><ns2:AmtOfInc>21703</ns2:AmtOfInc></ns2:IncomeDtl><ns2:IncomeDtl><ns2:SrlNo>23</ns2:SrlNo><ns2:IdenficationNum>530401039577440</ns2:IdenficationNum><ns2:NatureOfInc>INTEREST INCOME</ns2:NatureOfInc><ns2:DeductSection>194A</ns2:DeductSection><ns2:AmtOfInc>21703</ns2:AmtOfInc></ns2:IncomeDtl><ns2:IncomeDtl><ns2:SrlNo>24</ns2:SrlNo><ns2:IdenficationNum>530401039577594</ns2:IdenficationNum><ns2:NatureOfInc>INTEREST INCOME</ns2:NatureOfInc><ns2:DeductSection>194A</ns2:DeductSection><ns2:AmtOfInc>21703</ns2:AmtOfInc></ns2:IncomeDtl></ns2:IncomeDtls></ns2:Part1><ns2:Part1><ns2:Basicdtls><ns2:AssesseeName>A NARAYANA SHETTY</ns2:AssesseeName><ns2:AssesseePAN>AKJPN7620G</ns2:AssesseePAN><ns2:AssesseeDOB>1958-01-01</ns2:AssesseeDOB><ns2:PreviousYr>2019</ns2:PreviousYr><ns2:FlatDoorNo>TIRTHAHALLI</ns2:FlatDoorNo><ns2:LocalityOrArea>TIRTHAHALLI</ns2:LocalityOrArea><ns2:CityOrTownOrDistrict>TIRTHAHALLI</ns2:CityOrTownOrDistrict><ns2:StateCode>99</ns2:StateCode><ns2:PinCode>577432</ns2:PinCode><ns2:EmailAddress>NULL@EMAIL.COM</ns2:EmailAddress><ns2:MobileNo>7899562474</ns2:MobileNo><ns2:TaxAssessedFlag>N</ns2:TaxAssessedFlag><ns2:EstimatedInc>99402</ns2:EstimatedInc><ns2:EstimatedTotalIncPrvYr>100000</ns2:EstimatedTotalIncPrvYr><ns2:TotalNoOfForm15H>0</ns2:TotalNoOfForm15H><ns2:AggregateAmtForm15H>0</ns2:AggregateAmtForm15H><ns2:UniqueIdNumber>H000197891201920BLRC03358F</ns2:UniqueIdNumber><ns2:DeclarationDate>2019-07-11</ns2:DeclarationDate><ns2:AmtOfIncPaid>99402</ns2:AmtOfIncPaid><ns2:DateIncPaid>2019-07-11</ns2:DateIncPaid></ns2:Basicdtls><ns2:IncomeDtls><ns2:IncomeDtl><ns2:SrlNo>25</ns2:SrlNo><ns2:IdenficationNum>530401035650635</ns2:IdenficationNum><ns2:NatureOfInc>INTEREST INCOME</ns2:NatureOfInc><ns2:DeductSection>194A</ns2:DeductSection><ns2:AmtOfInc>4117</ns2:AmtOfInc></ns2:IncomeDtl><ns2:IncomeDtl><ns2:SrlNo>26</ns2:SrlNo><ns2:IdenficationNum>530401018525394</ns2:IdenficationNum><ns2:NatureOfInc>INTEREST INCOME</ns2:NatureOfInc><ns2:DeductSection>194A</ns2:DeductSection><ns2:AmtOfInc>8481</ns2:AmtOfInc></ns2:IncomeDtl><ns2:IncomeDtl><ns2:SrlNo>27</ns2:SrlNo><ns2:IdenficationNum>530401035650888</ns2:IdenficationNum><ns2:NatureOfInc>INTEREST INCOME</ns2:NatureOfInc><ns2:DeductSection>194A</ns2:DeductSection><ns2:AmtOfInc>9484</ns2:AmtOfInc></ns2:IncomeDtl><ns2:IncomeDtl><ns2:SrlNo>28</ns2:SrlNo><ns2:IdenficationNum>530401035650758</ns2:IdenficationNum><ns2:NatureOfInc>INTEREST INCOME</ns2:NatureOfInc><ns2:DeductSection>194A</ns2:DeductSection><ns2:AmtOfInc>47108</ns2:AmtOfInc></ns2:IncomeDtl><ns2:IncomeDtl><ns2:SrlNo>29</ns2:SrlNo><ns2:IdenficationNum>530401018513531</ns2:IdenficationNum><ns2:NatureOfInc>INTEREST INCOME</ns2:NatureOfInc><ns2:DeductSection>194A</ns2:DeductSection><ns2:AmtOfInc>5498</ns2:AmtOfInc></ns2:IncomeDtl><ns2:IncomeDtl><ns2:SrlNo>30</ns2:SrlNo><ns2:IdenficationNum>530401018513523</ns2:IdenficationNum><ns2:NatureOfInc>INTEREST INCOME</ns2:NatureOfInc><ns2:DeductSection>194A</ns2:DeductSection><ns2:AmtOfInc>44944</ns2:AmtOfInc></ns2:IncomeDtl><ns2:IncomeDtl><ns2:SrlNo>31</ns2:SrlNo><ns2:IdenficationNum>530401018523588</ns2:IdenficationNum><ns2:NatureOfInc>INTEREST INCOME</ns2:NatureOfInc><ns2:DeductSection>194A</ns2:DeductSection><ns2:AmtOfInc>3668</ns2:AmtOfInc></ns2:IncomeDtl><ns2:IncomeDtl><ns2:SrlNo>32</ns2:SrlNo><ns2:IdenficationNum>530401035650826</ns2:IdenficationNum><ns2:NatureOfInc>INTEREST INCOME</ns2:NatureOfInc><ns2:DeductSection>194A</ns2:DeductSection><ns2:AmtOfInc>5762</ns2:AmtOfInc></ns2:IncomeDtl><ns2:IncomeDtl><ns2:SrlNo>33</ns2:SrlNo><ns2:IdenficationNum>530401018520430</ns2:IdenficationNum><ns2:NatureOfInc>INTEREST INCOME</ns2:NatureOfInc><ns2:DeductSection>194A</ns2:DeductSection><ns2:AmtOfInc>6913</ns2:AmtOfInc></ns2:IncomeDtl><ns2:IncomeDtl><ns2:SrlNo>34</ns2:SrlNo><ns2:IdenficationNum>530401035638343</ns2:IdenficationNum><ns2:NatureOfInc>INTEREST INCOME</ns2:NatureOfInc><ns2:DeductSection>194A</ns2:DeductSection><ns2:AmtOfInc>6218</ns2:AmtOfInc></ns2:IncomeDtl><ns2:IncomeDtl><ns2:SrlNo>35</ns2:SrlNo><ns2:IdenficationNum>530401018499016</ns2:IdenficationNum><ns2:NatureOfInc>INTEREST INCOME</ns2:NatureOfInc><ns2:DeductSection>194A</ns2:DeductSection><ns2:AmtOfInc>1</ns2:AmtOfInc></ns2:IncomeDtl><ns2:IncomeDtl><ns2:SrlNo>36</ns2:SrlNo><ns2:IdenficationNum>530401018514902</ns2:IdenficationNum><ns2:NatureOfInc>INTEREST INCOME</ns2:NatureOfInc><ns2:DeductSection>194A</ns2:DeductSection><ns2:AmtOfInc>7482</ns2:AmtOfInc></ns2:IncomeDtl><ns2:IncomeDtl><ns2:SrlNo>37</ns2:SrlNo><ns2:IdenficationNum>530401018499822</ns2:IdenficationNum><ns2:NatureOfInc>INTEREST INCOME</ns2:NatureOfInc><ns2:DeductSection>194A</ns2:DeductSection><ns2:AmtOfInc>4745</ns2:AmtOfInc></ns2:IncomeDtl><ns2:IncomeDtl><ns2:SrlNo>38</ns2:SrlNo><ns2:IdenficationNum>530401035650727</ns2:IdenficationNum><ns2:NatureOfInc>INTEREST INCOME</ns2:NatureOfInc><ns2:DeductSection>194A</ns2:DeductSection><ns2:AmtOfInc>11387</ns2:AmtOfInc></ns2:IncomeDtl><ns2:IncomeDtl><ns2:SrlNo>39</ns2:SrlNo><ns2:IdenficationNum>530401018497528</ns2:IdenficationNum><ns2:NatureOfInc>INTEREST INCOME</ns2:NatureOfInc><ns2:DeductSection>194A</ns2:DeductSection><ns2:AmtOfInc>1</ns2:AmtOfInc></ns2:IncomeDtl><ns2:IncomeDtl><ns2:SrlNo>40</ns2:SrlNo><ns2:IdenficationNum>530401028719820</ns2:IdenficationNum><ns2:NatureOfInc>INTEREST INCOME</ns2:NatureOfInc><ns2:DeductSection>194A</ns2:DeductSection><ns2:AmtOfInc>3601</ns2:AmtOfInc></ns2:IncomeDtl></ns2:IncomeDtls></ns2:Part1><ns2:Part1><ns2:Basicdtls><ns2:AssesseeName>S.PANDURANGA MALLYA</ns2:AssesseeName><ns2:AssesseePAN>BFXPP7573N</ns2:AssesseePAN><ns2:AssesseeDOB>1951-09-27</ns2:AssesseeDOB><ns2:PreviousYr>2019</ns2:PreviousYr><ns2:FlatDoorNo>SHIMOGA</ns2:FlatDoorNo><ns2:LocalityOrArea>SHIMOGA</ns2:LocalityOrArea><ns2:CityOrTownOrDistrict>SHIMOGA</ns2:CityOrTownOrDistrict><ns2:StateCode>99</ns2:StateCode><ns2:PinCode>577432</ns2:PinCode><ns2:EmailAddress>NULL@EMAIL.COM</ns2:EmailAddress><ns2:MobileNo>9448761941</ns2:MobileNo><ns2:TaxAssessedFlag>N</ns2:TaxAssessedFlag><ns2:EstimatedInc>10897</ns2:EstimatedInc><ns2:EstimatedTotalIncPrvYr>210000</ns2:EstimatedTotalIncPrvYr><ns2:TotalNoOfForm15H>0</ns2:TotalNoOfForm15H><ns2:AggregateAmtForm15H>0</ns2:AggregateAmtForm15H><ns2:UniqueIdNumber>H000190350201920BLRC03358F</ns2:UniqueIdNumber><ns2:DeclarationDate>2019-01-10</ns2:DeclarationDate><ns2:AmtOfIncPaid>10897</ns2:AmtOfIncPaid><ns2:DateIncPaid>2019-01-10</ns2:DateIncPaid></ns2:Basicdtls><ns2:IncomeDtls><ns2:IncomeDtl><ns2:SrlNo>41</ns2:SrlNo><ns2:IdenficationNum>530401039191844</ns2:IdenficationNum><ns2:NatureOfInc>INTEREST INCOME</ns2:NatureOfInc><ns2:DeductSection>194A</ns2:DeductSection><ns2:AmtOfInc>10897</ns2:AmtOfInc></ns2:IncomeDtl></ns2:IncomeDtls></ns2:Part1><ns2:Part1><ns2:Basicdtls><ns2:AssesseeName>T S GAFOOR</ns2:AssesseeName><ns2:AssesseePAN>AVNPG2839H</ns2:AssesseePAN><ns2:AssesseeDOB>1946-07-15</ns2:AssesseeDOB><ns2:PreviousYr>2019</ns2:PreviousYr><ns2:FlatDoorNo>TIRTHAHALLI</ns2:FlatDoorNo><ns2:LocalityOrArea>TIRTHAHALLI</ns2:LocalityOrArea><ns2:CityOrTownOrDistrict>TIRTHAHALLI</ns2:CityOrTownOrDistrict><ns2:StateCode>99</ns2:StateCode><ns2:PinCode>577432</ns2:PinCode><ns2:EmailAddress>NULL@EMAIL.COM</ns2:EmailAddress><ns2:MobileNo>9480158699</ns2:MobileNo><ns2:TaxAssessedFlag>N</ns2:TaxAssessedFlag><ns2:EstimatedInc>17499</ns2:EstimatedInc><ns2:EstimatedTotalIncPrvYr>250000</ns2:EstimatedTotalIncPrvYr><ns2:TotalNoOfForm15H>0</ns2:TotalNoOfForm15H><ns2:AggregateAmtForm15H>0</ns2:AggregateAmtForm15H><ns2:UniqueIdNumber>H000194100201920BLRC03358F</ns2:UniqueIdNumber><ns2:DeclarationDate>2019-10-17</ns2:DeclarationDate><ns2:AmtOfIncPaid>17499</ns2:AmtOfIncPaid><ns2:DateIncPaid>2019-10-17</ns2:DateIncPaid></ns2:Basicdtls><ns2:IncomeDtls><ns2:IncomeDtl><ns2:SrlNo>42</ns2:SrlNo><ns2:IdenficationNum>530401037255982</ns2:IdenficationNum><ns2:NatureOfInc>INTEREST INCOME</ns2:NatureOfInc><ns2:DeductSection>194A</ns2:DeductSection><ns2:AmtOfInc>12523</ns2:AmtOfInc></ns2:IncomeDtl><ns2:IncomeDtl><ns2:SrlNo>43</ns2:SrlNo><ns2:IdenficationNum>530401039436532</ns2:IdenficationNum><ns2:NatureOfInc>INTEREST INCOME</ns2:NatureOfInc><ns2:DeductSection>194A</ns2:DeductSection><ns2:AmtOfInc>4976</ns2:AmtOfInc></ns2:IncomeDtl></ns2:IncomeDtls></ns2:Part1><ns2:Part1><ns2:Basicdtls><ns2:AssesseeName>B.R NAGARAJ</ns2:AssesseeName><ns2:AssesseePAN>ACTPN7864L</ns2:AssesseePAN><ns2:AssesseeDOB>1949-04-29</ns2:AssesseeDOB><ns2:PreviousYr>2019</ns2:PreviousYr><ns2:FlatDoorNo>TIRTHAHALLI</ns2:FlatDoorNo><ns2:LocalityOrArea>TIRTHAHALLI</ns2:LocalityOrArea><ns2:CityOrTownOrDistrict>TIRTHAHALLI</ns2:CityOrTownOrDistrict><ns2:StateCode>99</ns2:StateCode><ns2:PinCode>577415</ns2:PinCode><ns2:EmailAddress>NULL@EMAIL.COM</ns2:EmailAddress><ns2:MobileNo>9482206805</ns2:MobileNo><ns2:TaxAssessedFlag>N</ns2:TaxAssessedFlag><ns2:EstimatedInc>3238</ns2:EstimatedInc><ns2:EstimatedTotalIncPrvYr>210000</ns2:EstimatedTotalIncPrvYr><ns2:TotalNoOfForm15H>0</ns2:TotalNoOfForm15H><ns2:AggregateAmtForm15H>0</ns2:AggregateAmtForm15H><ns2:UniqueIdNumber>H000194875201920BLRC03358F</ns2:UniqueIdNumber><ns2:DeclarationDate>2019-10-21</ns2:DeclarationDate><ns2:AmtOfIncPaid>3238</ns2:AmtOfIncPaid><ns2:DateIncPaid>2019-10-21</ns2:DateIncPaid></ns2:Basicdtls><ns2:IncomeDtls><ns2:IncomeDtl><ns2:SrlNo>44</ns2:SrlNo><ns2:IdenficationNum>530401039497267</ns2:IdenficationNum><ns2:NatureOfInc>INTEREST INCOME</ns2:NatureOfInc><ns2:DeductSection>194A</ns2:DeductSection><ns2:AmtOfInc>3238</ns2:AmtOfInc></ns2:IncomeDtl></ns2:IncomeDtls></ns2:Part1><ns2:Part1><ns2:Basicdtls><ns2:AssesseeName>KAREEM SAHEB</ns2:AssesseeName><ns2:AssesseePAN>ESZPS0182J</ns2:AssesseePAN><ns2:AssesseeDOB>1935-12-01</ns2:AssesseeDOB><ns2:PreviousYr>2019</ns2:PreviousYr><ns2:FlatDoorNo>SHIMOGA</ns2:FlatDoorNo><ns2:LocalityOrArea>SHIMOGA</ns2:LocalityOrArea><ns2:CityOrTownOrDistrict>SHIMOGA</ns2:CityOrTownOrDistrict><ns2:StateCode>99</ns2:StateCode><ns2:PinCode>577432</ns2:PinCode><ns2:EmailAddress>NULL@EMAIL.COM</ns2:EmailAddress><ns2:MobileNo>9876543210</ns2:MobileNo><ns2:TaxAssessedFlag>N</ns2:TaxAssessedFlag><ns2:EstimatedInc>12784</ns2:EstimatedInc><ns2:EstimatedTotalIncPrvYr>210000</ns2:EstimatedTotalIncPrvYr><ns2:TotalNoOfForm15H>0</ns2:TotalNoOfForm15H><ns2:AggregateAmtForm15H>0</ns2:AggregateAmtForm15H><ns2:UniqueIdNumber>H000192365201920BLRC03358F</ns2:UniqueIdNumber><ns2:DeclarationDate>2019-10-10</ns2:DeclarationDate><ns2:AmtOfIncPaid>12784</ns2:AmtOfIncPaid><ns2:DateIncPaid>2019-10-10</ns2:DateIncPaid></ns2:Basicdtls><ns2:IncomeDtls><ns2:IncomeDtl><ns2:SrlNo>45</ns2:SrlNo><ns2:IdenficationNum>530401039326178</ns2:IdenficationNum><ns2:NatureOfInc>INTEREST INCOME</ns2:NatureOfInc><ns2:DeductSection>194A</ns2:DeductSection><ns2:AmtOfInc>12784</ns2:AmtOfInc></ns2:IncomeDtl></ns2:IncomeDtls></ns2:Part1><ns2:Part1><ns2:Basicdtls><ns2:AssesseeName>DATTATREYA P</ns2:AssesseeName><ns2:AssesseePAN>CAMPD7354Q</ns2:AssesseePAN><ns2:AssesseeDOB>1953-05-02</ns2:AssesseeDOB><ns2:PreviousYr>2019</ns2:PreviousYr><ns2:FlatDoorNo>TIRTHAHALLI</ns2:FlatDoorNo><ns2:LocalityOrArea>TIRTHAHALLI</ns2:LocalityOrArea><ns2:CityOrTownOrDistrict>TIRTHAHALLI</ns2:CityOrTownOrDistrict><ns2:StateCode>99</ns2:StateCode><ns2:PinCode>577232</ns2:PinCode><ns2:EmailAddress>NULL@EMAIL.COM</ns2:EmailAddress><ns2:MobileNo>9483856622</ns2:MobileNo><ns2:TaxAssessedFlag>N</ns2:TaxAssessedFlag><ns2:EstimatedInc>6487</ns2:EstimatedInc><ns2:EstimatedTotalIncPrvYr>210000</ns2:EstimatedTotalIncPrvYr><ns2:TotalNoOfForm15H>0</ns2:TotalNoOfForm15H><ns2:AggregateAmtForm15H>0</ns2:AggregateAmtForm15H><ns2:UniqueIdNumber>H000195135201920BLRC03358F</ns2:UniqueIdNumber><ns2:DeclarationDate>2019-10-23</ns2:DeclarationDate><ns2:AmtOfIncPaid>6487</ns2:AmtOfIncPaid><ns2:DateIncPaid>2019-10-23</ns2:DateIncPaid></ns2:Basicdtls><ns2:IncomeDtls><ns2:IncomeDtl><ns2:SrlNo>46</ns2:SrlNo><ns2:IdenficationNum>530401039529388</ns2:IdenficationNum><ns2:NatureOfInc>INTEREST INCOME</ns2:NatureOfInc><ns2:DeductSection>194A</ns2:DeductSection><ns2:AmtOfInc>6487</ns2:AmtOfInc></ns2:IncomeDtl></ns2:IncomeDtls></ns2:Part1></ns2:Part1Dtls></ns2:Form15HDtls></ns2:FORM15H>