<?xml version="1.0" standalone="yes"?>
<DocumentElement>
  <Errors>
    <ID_PK>1</ID_PK>
    <ErrorID>0</ErrorID>
    <RowNo>1</RowNo>
    <Description>Branch Code (6800) does not exist.</Description>
  </Errors>
  <Errors>
    <ID_PK>2</ID_PK>
    <ErrorID>0</ErrorID>
    <RowNo>2</RowNo>
    <Description>Paid/Credited Date should be with in the selected month of Financial year.</Description>
  </Errors>
  <Errors>
    <ID_PK>3</ID_PK>
    <ErrorID>0</ErrorID>
    <RowNo>3</RowNo>
    <Description>Paid/Credited Date should be with in the selected month of Financial year.</Description>
  </Errors>
  <Errors>
    <ID_PK>4</ID_PK>
    <ErrorID>0</ErrorID>
    <RowNo>4</RowNo>
    <Description>Paid/Credited Date should be with in the selected month of Financial year.</Description>
  </Errors>
</DocumentElement>