<?xml version="1.0" standalone="yes"?>
<DocumentElement>
  <Errors1>
    <ID_PK>1</ID_PK>
    <ErrorID>0</ErrorID>
    <RowNo>2</RowNo>
    <Description>Paid/Credited date should be of September or Check the Month selected.</Description>
    <Column_No>19</Column_No>
  </Errors1>
  <Errors1>
    <ID_PK>2</ID_PK>
    <ErrorID>0</ErrorID>
    <RowNo>3</RowNo>
    <Description>Paid/Credited date should be of September or Check the Month selected.</Description>
    <Column_No>19</Column_No>
  </Errors1>
  <Errors1>
    <ID_PK>3</ID_PK>
    <ErrorID>0</ErrorID>
    <RowNo>4</RowNo>
    <Description>Paid/Credited date should be of September or Check the Month selected.</Description>
    <Column_No>19</Column_No>
  </Errors1>
  <Errors1>
    <ID_PK>4</ID_PK>
    <ErrorID>0</ErrorID>
    <RowNo>5</RowNo>
    <Description>Paid/Credited date should be of September or Check the Month selected.</Description>
    <Column_No>19</Column_No>
  </Errors1>
  <Errors1>
    <ID_PK>5</ID_PK>
    <ErrorID>0</ErrorID>
    <RowNo>6</RowNo>
    <Description>Paid/Credited date should be of September or Check the Month selected.</Description>
    <Column_No>19</Column_No>
  </Errors1>
  <Errors1>
    <ID_PK>6</ID_PK>
    <ErrorID>0</ErrorID>
    <RowNo>7</RowNo>
    <Description>Paid/Credited date should be of September or Check the Month selected.</Description>
    <Column_No>19</Column_No>
  </Errors1>
  <Errors1>
    <ID_PK>7</ID_PK>
    <ErrorID>0</ErrorID>
    <RowNo>8</RowNo>
    <Description>Paid/Credited date should be of September or Check the Month selected.</Description>
    <Column_No>19</Column_No>
  </Errors1>
  <Errors1>
    <ID_PK>8</ID_PK>
    <ErrorID>0</ErrorID>
    <RowNo>9</RowNo>
    <Description>Paid/Credited date should be of September or Check the Month selected.</Description>
    <Column_No>19</Column_No>
  </Errors1>
  <Errors1>
    <ID_PK>9</ID_PK>
    <ErrorID>0</ErrorID>
    <RowNo>10</RowNo>
    <Description>Paid/Credited date should be of September or Check the Month selected.</Description>
    <Column_No>19</Column_No>
  </Errors1>
</DocumentElement>