<?xml version="1.0" encoding="UTF-8" standalone="yes"?><ns2:FORM15H xmlns="http://incometaxindiaefiling.gov.in/common" xmlns:ns2="http://incometaxindiaefiling.gov.in/FORM15H"><ns2:FormCreationInfo><CreationInfo><SWVersionNo>11.8.2.0</SWVersionNo><SWCreatedBy>Relyon Softech Ltd</SWCreatedBy><XMLCreatedBy>SaralTDSWeb</XMLCreatedBy><XMLCreationDate>2020-01-06</XMLCreationDate></CreationInfo><Form_Details><FormName>FORM15H</FormName><AssessmentYear>2020</AssessmentYear><SchemaVer>V1.0</SchemaVer><FormVer>1.0</FormVer></Form_Details></ns2:FormCreationInfo><ns2:Form15HDtls><ns2:TAN>MRTC01111F</ns2:TAN><ns2:Quarter>Q3</ns2:Quarter><ns2:FinancialYr>2019</ns2:FinancialYr><ns2:FilingType>O</ns2:FilingType><ns2:Part1Dtls><ns2:Part1><ns2:Basicdtls><ns2:AssesseeName>SUSHMA GARG</ns2:AssesseeName><ns2:AssesseePAN>AAOPG6272A</ns2:AssesseePAN><ns2:AssesseeDOB>1954-10-07</ns2:AssesseeDOB><ns2:PreviousYr>2019</ns2:PreviousYr><ns2:FlatDoorNo>GHAZIABAD</ns2:FlatDoorNo><ns2:LocalityOrArea>GHAZIABAD</ns2:LocalityOrArea><ns2:CityOrTownOrDistrict>GHAZIABAD</ns2:CityOrTownOrDistrict><ns2:StateCode>99</ns2:StateCode><ns2:PinCode>201010</ns2:PinCode><ns2:EmailAddress>NULL@EMAIL.COM</ns2:EmailAddress><ns2:MobileNo>9818665797</ns2:MobileNo><ns2:TaxAssessedFlag>N</ns2:TaxAssessedFlag><ns2:EstimatedInc>1</ns2:EstimatedInc><ns2:EstimatedTotalIncPrvYr>7000</ns2:EstimatedTotalIncPrvYr><ns2:TotalNoOfForm15H>0</ns2:TotalNoOfForm15H><ns2:AggregateAmtForm15H>0</ns2:AggregateAmtForm15H><ns2:UniqueIdNumber>H000193911201920MRTC01111F</ns2:UniqueIdNumber><ns2:DeclarationDate>2019-10-17</ns2:DeclarationDate><ns2:AmtOfIncPaid>1</ns2:AmtOfIncPaid><ns2:DateIncPaid>2019-10-17</ns2:DateIncPaid></ns2:Basicdtls><ns2:IncomeDtls><ns2:IncomeDtl><ns2:SrlNo>1</ns2:SrlNo><ns2:IdenficationNum>2001970547</ns2:IdenficationNum><ns2:NatureOfInc>INTEREST INCOME</ns2:NatureOfInc><ns2:DeductSection>194A</ns2:DeductSection><ns2:AmtOfInc>1</ns2:AmtOfInc></ns2:IncomeDtl></ns2:IncomeDtls></ns2:Part1><ns2:Part1><ns2:Basicdtls><ns2:AssesseeName>INDU PRASAD</ns2:AssesseeName><ns2:AssesseePAN>AFDPP8105P</ns2:AssesseePAN><ns2:AssesseeDOB>1945-10-24</ns2:AssesseeDOB><ns2:PreviousYr>2019</ns2:PreviousYr><ns2:FlatDoorNo>GHAZIABAD</ns2:FlatDoorNo><ns2:LocalityOrArea>GHAZIABAD</ns2:LocalityOrArea><ns2:CityOrTownOrDistrict>GHAZIABAD</ns2:CityOrTownOrDistrict><ns2:StateCode>99</ns2:StateCode><ns2:PinCode>201010</ns2:PinCode><ns2:EmailAddress>ABHSRAJ@GMAIL.COM</ns2:EmailAddress><ns2:MobileNo>9540167487</ns2:MobileNo><ns2:TaxAssessedFlag>N</ns2:TaxAssessedFlag><ns2:EstimatedInc>17449</ns2:EstimatedInc><ns2:EstimatedTotalIncPrvYr>50000</ns2:EstimatedTotalIncPrvYr><ns2:TotalNoOfForm15H>0</ns2:TotalNoOfForm15H><ns2:AggregateAmtForm15H>0</ns2:AggregateAmtForm15H><ns2:UniqueIdNumber>H000197257201920MRTC01111F</ns2:UniqueIdNumber><ns2:DeclarationDate>2019-05-11</ns2:DeclarationDate><ns2:AmtOfIncPaid>17449</ns2:AmtOfIncPaid><ns2:DateIncPaid>2019-05-11</ns2:DateIncPaid></ns2:Basicdtls><ns2:IncomeDtls><ns2:IncomeDtl><ns2:SrlNo>2</ns2:SrlNo><ns2:IdenficationNum>2001964641</ns2:IdenficationNum><ns2:NatureOfInc>INTEREST INCOME</ns2:NatureOfInc><ns2:DeductSection>194A</ns2:DeductSection><ns2:AmtOfInc>17449</ns2:AmtOfInc></ns2:IncomeDtl></ns2:IncomeDtls></ns2:Part1><ns2:Part1><ns2:Basicdtls><ns2:AssesseeName>SHYAM KRISHNA SHRIVASTVA</ns2:AssesseeName><ns2:AssesseePAN>AIJPS7918N</ns2:AssesseePAN><ns2:AssesseeDOB>1940-01-07</ns2:AssesseeDOB><ns2:PreviousYr>2019</ns2:PreviousYr><ns2:FlatDoorNo>GHAZIABAD</ns2:FlatDoorNo><ns2:LocalityOrArea>GHAZIABAD</ns2:LocalityOrArea><ns2:CityOrTownOrDistrict>GHAZIABAD</ns2:CityOrTownOrDistrict><ns2:StateCode>99</ns2:StateCode><ns2:PinCode>201010</ns2:PinCode><ns2:EmailAddress>NULL@EMAIL.COM</ns2:EmailAddress><ns2:MobileNo>9871792910</ns2:MobileNo><ns2:TaxAssessedFlag>Y</ns2:TaxAssessedFlag><ns2:LatestAsstYr>2019</ns2:LatestAsstYr><ns2:EstimatedInc>64134</ns2:EstimatedInc><ns2:EstimatedTotalIncPrvYr>64134</ns2:EstimatedTotalIncPrvYr><ns2:TotalNoOfForm15H>0</ns2:TotalNoOfForm15H><ns2:AggregateAmtForm15H>0</ns2:AggregateAmtForm15H><ns2:UniqueIdNumber>H000200542201920MRTC01111F</ns2:UniqueIdNumber><ns2:DeclarationDate>2019-11-22</ns2:DeclarationDate><ns2:AmtOfIncPaid>64134</ns2:AmtOfIncPaid><ns2:DateIncPaid>2019-11-22</ns2:DateIncPaid></ns2:Basicdtls><ns2:IncomeDtls><ns2:IncomeDtl><ns2:SrlNo>3</ns2:SrlNo><ns2:IdenficationNum>530101346558418</ns2:IdenficationNum><ns2:NatureOfInc>INTEREST INCOME</ns2:NatureOfInc><ns2:DeductSection>194A</ns2:DeductSection><ns2:AmtOfInc>1</ns2:AmtOfInc></ns2:IncomeDtl><ns2:IncomeDtl><ns2:SrlNo>4</ns2:SrlNo><ns2:IdenficationNum>530401003983553</ns2:IdenficationNum><ns2:NatureOfInc>INTEREST INCOME</ns2:NatureOfInc><ns2:DeductSection>194A</ns2:DeductSection><ns2:AmtOfInc>1</ns2:AmtOfInc></ns2:IncomeDtl><ns2:IncomeDtl><ns2:SrlNo>5</ns2:SrlNo><ns2:IdenficationNum>530401003986439</ns2:IdenficationNum><ns2:NatureOfInc>INTEREST INCOME</ns2:NatureOfInc><ns2:DeductSection>194A</ns2:DeductSection><ns2:AmtOfInc>64134</ns2:AmtOfInc></ns2:IncomeDtl></ns2:IncomeDtls></ns2:Part1><ns2:Part1><ns2:Basicdtls><ns2:AssesseeName>MAYA SHRIVASTAVA</ns2:AssesseeName><ns2:AssesseePAN>AIJPS7919P</ns2:AssesseePAN><ns2:AssesseeDOB>1946-01-08</ns2:AssesseeDOB><ns2:PreviousYr>2019</ns2:PreviousYr><ns2:FlatDoorNo>GHAZIABAD</ns2:FlatDoorNo><ns2:LocalityOrArea>GHAZIABAD</ns2:LocalityOrArea><ns2:CityOrTownOrDistrict>GHAZIABAD</ns2:CityOrTownOrDistrict><ns2:StateCode>99</ns2:StateCode><ns2:PinCode>201010</ns2:PinCode><ns2:EmailAddress>NULL@EMAIL.COM</ns2:EmailAddress><ns2:MobileNo>9540613575</ns2:MobileNo><ns2:TaxAssessedFlag>Y</ns2:TaxAssessedFlag><ns2:LatestAsstYr>2019</ns2:LatestAsstYr><ns2:EstimatedInc>89230</ns2:EstimatedInc><ns2:EstimatedTotalIncPrvYr>89230</ns2:EstimatedTotalIncPrvYr><ns2:TotalNoOfForm15H>0</ns2:TotalNoOfForm15H><ns2:AggregateAmtForm15H>0</ns2:AggregateAmtForm15H><ns2:UniqueIdNumber>H000200544201920MRTC01111F</ns2:UniqueIdNumber><ns2:DeclarationDate>2019-11-22</ns2:DeclarationDate><ns2:AmtOfIncPaid>89230</ns2:AmtOfIncPaid><ns2:DateIncPaid>2019-11-22</ns2:DateIncPaid></ns2:Basicdtls><ns2:IncomeDtls><ns2:IncomeDtl><ns2:SrlNo>6</ns2:SrlNo><ns2:IdenficationNum>530401003983537</ns2:IdenficationNum><ns2:NatureOfInc>INTEREST INCOME</ns2:NatureOfInc><ns2:DeductSection>194A</ns2:DeductSection><ns2:AmtOfInc>1</ns2:AmtOfInc></ns2:IncomeDtl><ns2:IncomeDtl><ns2:SrlNo>7</ns2:SrlNo><ns2:IdenficationNum>530101346558427</ns2:IdenficationNum><ns2:NatureOfInc>INTEREST INCOME</ns2:NatureOfInc><ns2:DeductSection>194A</ns2:DeductSection><ns2:AmtOfInc>1</ns2:AmtOfInc></ns2:IncomeDtl><ns2:IncomeDtl><ns2:SrlNo>8</ns2:SrlNo><ns2:IdenficationNum>530401003986420</ns2:IdenficationNum><ns2:NatureOfInc>INTEREST INCOME</ns2:NatureOfInc><ns2:DeductSection>194A</ns2:DeductSection><ns2:AmtOfInc>64350</ns2:AmtOfInc></ns2:IncomeDtl><ns2:IncomeDtl><ns2:SrlNo>9</ns2:SrlNo><ns2:IdenficationNum>530401003983545</ns2:IdenficationNum><ns2:NatureOfInc>INTEREST INCOME</ns2:NatureOfInc><ns2:DeductSection>194A</ns2:DeductSection><ns2:AmtOfInc>1</ns2:AmtOfInc></ns2:IncomeDtl><ns2:IncomeDtl><ns2:SrlNo>10</ns2:SrlNo><ns2:IdenficationNum>530401034526962</ns2:IdenficationNum><ns2:NatureOfInc>INTEREST INCOME</ns2:NatureOfInc><ns2:DeductSection>194A</ns2:DeductSection><ns2:AmtOfInc>12265</ns2:AmtOfInc></ns2:IncomeDtl></ns2:IncomeDtls></ns2:Part1><ns2:Part1><ns2:Basicdtls><ns2:AssesseeName>MADHU GUPTA</ns2:AssesseeName><ns2:AssesseePAN>AKQPG0897B</ns2:AssesseePAN><ns2:AssesseeDOB>1959-12-07</ns2:AssesseeDOB><ns2:PreviousYr>2019</ns2:PreviousYr><ns2:FlatDoorNo>GHAZIABAD</ns2:FlatDoorNo><ns2:LocalityOrArea>GHAZIABAD</ns2:LocalityOrArea><ns2:CityOrTownOrDistrict>GHAZIABAD</ns2:CityOrTownOrDistrict><ns2:StateCode>99</ns2:StateCode><ns2:PinCode>201010</ns2:PinCode><ns2:EmailAddress>MADHUGUPTAUS@GMAIL.COM</ns2:EmailAddress><ns2:MobileNo>9654995133</ns2:MobileNo><ns2:TaxAssessedFlag>Y</ns2:TaxAssessedFlag><ns2:LatestAsstYr>2019</ns2:LatestAsstYr><ns2:EstimatedInc>34920</ns2:EstimatedInc><ns2:EstimatedTotalIncPrvYr>34920</ns2:EstimatedTotalIncPrvYr><ns2:TotalNoOfForm15H>0</ns2:TotalNoOfForm15H><ns2:AggregateAmtForm15H>0</ns2:AggregateAmtForm15H><ns2:UniqueIdNumber>H000199343201920MRTC01111F</ns2:UniqueIdNumber><ns2:DeclarationDate>2019-11-16</ns2:DeclarationDate><ns2:AmtOfIncPaid>34920</ns2:AmtOfIncPaid><ns2:DateIncPaid>2019-11-16</ns2:DateIncPaid></ns2:Basicdtls><ns2:IncomeDtls><ns2:IncomeDtl><ns2:SrlNo>11</ns2:SrlNo><ns2:IdenficationNum>530401038378444</ns2:IdenficationNum><ns2:NatureOfInc>INTEREST INCOME</ns2:NatureOfInc><ns2:DeductSection>194A</ns2:DeductSection><ns2:AmtOfInc>4815</ns2:AmtOfInc></ns2:IncomeDtl><ns2:IncomeDtl><ns2:SrlNo>12</ns2:SrlNo><ns2:IdenficationNum>530401038378215</ns2:IdenficationNum><ns2:NatureOfInc>INTEREST INCOME</ns2:NatureOfInc><ns2:DeductSection>194A</ns2:DeductSection><ns2:AmtOfInc>24076</ns2:AmtOfInc></ns2:IncomeDtl><ns2:IncomeDtl><ns2:SrlNo>13</ns2:SrlNo><ns2:IdenficationNum>530401003951813</ns2:IdenficationNum><ns2:NatureOfInc>INTEREST INCOME</ns2:NatureOfInc><ns2:DeductSection>194A</ns2:DeductSection><ns2:AmtOfInc>1</ns2:AmtOfInc></ns2:IncomeDtl><ns2:IncomeDtl><ns2:SrlNo>14</ns2:SrlNo><ns2:IdenficationNum>530401003965504</ns2:IdenficationNum><ns2:NatureOfInc>INTEREST INCOME</ns2:NatureOfInc><ns2:DeductSection>194A</ns2:DeductSection><ns2:AmtOfInc>4964</ns2:AmtOfInc></ns2:IncomeDtl><ns2:IncomeDtl><ns2:SrlNo>15</ns2:SrlNo><ns2:IdenficationNum>530401003965512</ns2:IdenficationNum><ns2:NatureOfInc>INTEREST INCOME</ns2:NatureOfInc><ns2:DeductSection>194A</ns2:DeductSection><ns2:AmtOfInc>4556</ns2:AmtOfInc></ns2:IncomeDtl><ns2:IncomeDtl><ns2:SrlNo>16</ns2:SrlNo><ns2:IdenficationNum>530401039880045</ns2:IdenficationNum><ns2:NatureOfInc>INTEREST INCOME</ns2:NatureOfInc><ns2:DeductSection>194A</ns2:DeductSection><ns2:AmtOfInc>13440</ns2:AmtOfInc></ns2:IncomeDtl><ns2:IncomeDtl><ns2:SrlNo>17</ns2:SrlNo><ns2:IdenficationNum>530401003951805</ns2:IdenficationNum><ns2:NatureOfInc>INTEREST INCOME</ns2:NatureOfInc><ns2:DeductSection>194A</ns2:DeductSection><ns2:AmtOfInc>1</ns2:AmtOfInc></ns2:IncomeDtl><ns2:IncomeDtl><ns2:SrlNo>18</ns2:SrlNo><ns2:IdenficationNum>530401003974279</ns2:IdenficationNum><ns2:NatureOfInc>INTEREST INCOME</ns2:NatureOfInc><ns2:DeductSection>194A</ns2:DeductSection><ns2:AmtOfInc>1660</ns2:AmtOfInc></ns2:IncomeDtl></ns2:IncomeDtls></ns2:Part1><ns2:Part1><ns2:Basicdtls><ns2:AssesseeName>NEM CHAND JAIN</ns2:AssesseeName><ns2:AssesseePAN>ABWPJ5280A</ns2:AssesseePAN><ns2:AssesseeDOB>1945-08-14</ns2:AssesseeDOB><ns2:PreviousYr>2019</ns2:PreviousYr><ns2:FlatDoorNo>GHAZIABAD</ns2:FlatDoorNo><ns2:LocalityOrArea>GHAZIABAD</ns2:LocalityOrArea><ns2:CityOrTownOrDistrict>GHAZIABAD</ns2:CityOrTownOrDistrict><ns2:StateCode>99</ns2:StateCode><ns2:PinCode>201010</ns2:PinCode><ns2:EmailAddress>NULL@EMAIL.COM</ns2:EmailAddress><ns2:MobileNo>9871915573</ns2:MobileNo><ns2:TaxAssessedFlag>Y</ns2:TaxAssessedFlag><ns2:LatestAsstYr>2019</ns2:LatestAsstYr><ns2:EstimatedInc>53037</ns2:EstimatedInc><ns2:EstimatedTotalIncPrvYr>60000</ns2:EstimatedTotalIncPrvYr><ns2:TotalNoOfForm15H>0</ns2:TotalNoOfForm15H><ns2:AggregateAmtForm15H>0</ns2:AggregateAmtForm15H><ns2:UniqueIdNumber>H000190452201920MRTC01111F</ns2:UniqueIdNumber><ns2:DeclarationDate>2019-03-10</ns2:DeclarationDate><ns2:AmtOfIncPaid>53037</ns2:AmtOfIncPaid><ns2:DateIncPaid>2019-03-10</ns2:DateIncPaid></ns2:Basicdtls><ns2:IncomeDtls><ns2:IncomeDtl><ns2:SrlNo>19</ns2:SrlNo><ns2:IdenficationNum>530401088642083</ns2:IdenficationNum><ns2:NatureOfInc>INTEREST INCOME</ns2:NatureOfInc><ns2:DeductSection>194A</ns2:DeductSection><ns2:AmtOfInc>1362</ns2:AmtOfInc></ns2:IncomeDtl><ns2:IncomeDtl><ns2:SrlNo>20</ns2:SrlNo><ns2:IdenficationNum>530401030763378</ns2:IdenficationNum><ns2:NatureOfInc>INTEREST INCOME</ns2:NatureOfInc><ns2:DeductSection>194A</ns2:DeductSection><ns2:AmtOfInc>10699</ns2:AmtOfInc></ns2:IncomeDtl></ns2:IncomeDtls></ns2:Part1><ns2:Part1><ns2:Basicdtls><ns2:AssesseeName>RITA DAS</ns2:AssesseeName><ns2:AssesseePAN>APAPD3169E</ns2:AssesseePAN><ns2:AssesseeDOB>1956-03-06</ns2:AssesseeDOB><ns2:PreviousYr>2019</ns2:PreviousYr><ns2:FlatDoorNo>GHAZIABAD</ns2:FlatDoorNo><ns2:LocalityOrArea>GHAZIABAD</ns2:LocalityOrArea><ns2:CityOrTownOrDistrict>GHAZIABAD</ns2:CityOrTownOrDistrict><ns2:StateCode>99</ns2:StateCode><ns2:PinCode>201010</ns2:PinCode><ns2:EmailAddress>NULL@EMAIL.COM</ns2:EmailAddress><ns2:MobileNo>9876543210</ns2:MobileNo><ns2:TaxAssessedFlag>N</ns2:TaxAssessedFlag><ns2:EstimatedInc>10433</ns2:EstimatedInc><ns2:EstimatedTotalIncPrvYr>280000</ns2:EstimatedTotalIncPrvYr><ns2:TotalNoOfForm15H>0</ns2:TotalNoOfForm15H><ns2:AggregateAmtForm15H>0</ns2:AggregateAmtForm15H><ns2:UniqueIdNumber>H000200469201920MRTC01111F</ns2:UniqueIdNumber><ns2:DeclarationDate>2019-11-22</ns2:DeclarationDate><ns2:AmtOfIncPaid>10433</ns2:AmtOfIncPaid><ns2:DateIncPaid>2019-11-22</ns2:DateIncPaid></ns2:Basicdtls><ns2:IncomeDtls><ns2:IncomeDtl><ns2:SrlNo>21</ns2:SrlNo><ns2:IdenficationNum>530401039666007</ns2:IdenficationNum><ns2:NatureOfInc>INTEREST INCOME</ns2:NatureOfInc><ns2:DeductSection>194A</ns2:DeductSection><ns2:AmtOfInc>10433</ns2:AmtOfInc></ns2:IncomeDtl></ns2:IncomeDtls></ns2:Part1><ns2:Part1><ns2:Basicdtls><ns2:AssesseeName>NAVIN  KUMAR  GUPTA</ns2:AssesseeName><ns2:AssesseePAN>ABWPG5705D</ns2:AssesseePAN><ns2:AssesseeDOB>1953-07-22</ns2:AssesseeDOB><ns2:PreviousYr>2019</ns2:PreviousYr><ns2:FlatDoorNo>GHAZIABAD</ns2:FlatDoorNo><ns2:LocalityOrArea>GHAZIABAD</ns2:LocalityOrArea><ns2:CityOrTownOrDistrict>GHAZIABAD</ns2:CityOrTownOrDistrict><ns2:StateCode>99</ns2:StateCode><ns2:PinCode>201010</ns2:PinCode><ns2:EmailAddress>NULL@EMAIL.COM</ns2:EmailAddress><ns2:MobileNo>8860002085</ns2:MobileNo><ns2:TaxAssessedFlag>N</ns2:TaxAssessedFlag><ns2:EstimatedInc>53745</ns2:EstimatedInc><ns2:EstimatedTotalIncPrvYr>53745</ns2:EstimatedTotalIncPrvYr><ns2:TotalNoOfForm15H>0</ns2:TotalNoOfForm15H><ns2:AggregateAmtForm15H>0</ns2:AggregateAmtForm15H><ns2:UniqueIdNumber>H000196939201920MRTC01111F</ns2:UniqueIdNumber><ns2:DeclarationDate>2019-04-11</ns2:DeclarationDate><ns2:AmtOfIncPaid>53745</ns2:AmtOfIncPaid><ns2:DateIncPaid>2019-04-11</ns2:DateIncPaid></ns2:Basicdtls><ns2:IncomeDtls><ns2:IncomeDtl><ns2:SrlNo>22</ns2:SrlNo><ns2:IdenficationNum>88550500503786</ns2:IdenficationNum><ns2:NatureOfInc>INTEREST INCOME</ns2:NatureOfInc><ns2:DeductSection>194A</ns2:DeductSection><ns2:AmtOfInc>6169</ns2:AmtOfInc></ns2:IncomeDtl><ns2:IncomeDtl><ns2:SrlNo>23</ns2:SrlNo><ns2:IdenficationNum>88550500503494</ns2:IdenficationNum><ns2:NatureOfInc>INTEREST INCOME</ns2:NatureOfInc><ns2:DeductSection>194A</ns2:DeductSection><ns2:AmtOfInc>47576</ns2:AmtOfInc></ns2:IncomeDtl></ns2:IncomeDtls></ns2:Part1><ns2:Part1><ns2:Basicdtls><ns2:AssesseeName>SUSHMA JAIN</ns2:AssesseeName><ns2:AssesseePAN>ACYPJ3009N</ns2:AssesseePAN><ns2:AssesseeDOB>1959-06-08</ns2:AssesseeDOB><ns2:PreviousYr>2019</ns2:PreviousYr><ns2:FlatDoorNo>GHAZIABAD</ns2:FlatDoorNo><ns2:LocalityOrArea>GHAZIABAD</ns2:LocalityOrArea><ns2:CityOrTownOrDistrict>GHAZIABAD</ns2:CityOrTownOrDistrict><ns2:StateCode>99</ns2:StateCode><ns2:PinCode>201010</ns2:PinCode><ns2:EmailAddress>NULL@EMAIL.COM</ns2:EmailAddress><ns2:MobileNo>9311991515</ns2:MobileNo><ns2:TaxAssessedFlag>N</ns2:TaxAssessedFlag><ns2:EstimatedInc>34948</ns2:EstimatedInc><ns2:EstimatedTotalIncPrvYr>34948</ns2:EstimatedTotalIncPrvYr><ns2:TotalNoOfForm15H>0</ns2:TotalNoOfForm15H><ns2:AggregateAmtForm15H>0</ns2:AggregateAmtForm15H><ns2:UniqueIdNumber>H000193734201920MRTC01111F</ns2:UniqueIdNumber><ns2:DeclarationDate>2019-10-16</ns2:DeclarationDate><ns2:AmtOfIncPaid>34948</ns2:AmtOfIncPaid><ns2:DateIncPaid>2019-10-16</ns2:DateIncPaid></ns2:Basicdtls><ns2:IncomeDtls><ns2:IncomeDtl><ns2:SrlNo>24</ns2:SrlNo><ns2:IdenficationNum>530401036478436</ns2:IdenficationNum><ns2:NatureOfInc>INTEREST INCOME</ns2:NatureOfInc><ns2:DeductSection>194A</ns2:DeductSection><ns2:AmtOfInc>7047</ns2:AmtOfInc></ns2:IncomeDtl><ns2:IncomeDtl><ns2:SrlNo>25</ns2:SrlNo><ns2:IdenficationNum>530401037560581</ns2:IdenficationNum><ns2:NatureOfInc>INTEREST INCOME</ns2:NatureOfInc><ns2:DeductSection>194A</ns2:DeductSection><ns2:AmtOfInc>27901</ns2:AmtOfInc></ns2:IncomeDtl></ns2:IncomeDtls></ns2:Part1></ns2:Part1Dtls></ns2:Form15HDtls></ns2:FORM15H>