<?xml version="1.0" encoding="UTF-8" standalone="yes"?><ns2:FORM15H xmlns="http://incometaxindiaefiling.gov.in/common" xmlns:ns2="http://incometaxindiaefiling.gov.in/FORM15H"><ns2:FormCreationInfo><CreationInfo><SWVersionNo>11.8.2.0</SWVersionNo><SWCreatedBy>Relyon Softech Ltd</SWCreatedBy><XMLCreatedBy>SaralTDSWeb</XMLCreatedBy><XMLCreationDate>2020-01-06</XMLCreationDate></CreationInfo><Form_Details><FormName>FORM15H</FormName><AssessmentYear>2020</AssessmentYear><SchemaVer>V1.0</SchemaVer><FormVer>1.0</FormVer></Form_Details></ns2:FormCreationInfo><ns2:Form15HDtls><ns2:TAN>BLRC05161C</ns2:TAN><ns2:Quarter>Q3</ns2:Quarter><ns2:FinancialYr>2019</ns2:FinancialYr><ns2:FilingType>O</ns2:FilingType><ns2:Part1Dtls><ns2:Part1><ns2:Basicdtls><ns2:AssesseeName>K MANJUNATH KAMATH</ns2:AssesseeName><ns2:AssesseePAN>AMIPK4024A</ns2:AssesseePAN><ns2:AssesseeDOB>1937-07-30</ns2:AssesseeDOB><ns2:PreviousYr>2019</ns2:PreviousYr><ns2:FlatDoorNo>BANGALORE</ns2:FlatDoorNo><ns2:LocalityOrArea>BANGALORE</ns2:LocalityOrArea><ns2:CityOrTownOrDistrict>BANGALORE</ns2:CityOrTownOrDistrict><ns2:StateCode>99</ns2:StateCode><ns2:PinCode>560076</ns2:PinCode><ns2:EmailAddress>GIRIJARAVI2003@GMAIL.COM</ns2:EmailAddress><ns2:MobileNo>9632919455</ns2:MobileNo><ns2:TaxAssessedFlag>Y</ns2:TaxAssessedFlag><ns2:LatestAsstYr>2019</ns2:LatestAsstYr><ns2:EstimatedInc>36129</ns2:EstimatedInc><ns2:EstimatedTotalIncPrvYr>181369</ns2:EstimatedTotalIncPrvYr><ns2:TotalNoOfForm15H>0</ns2:TotalNoOfForm15H><ns2:AggregateAmtForm15H>0</ns2:AggregateAmtForm15H><ns2:UniqueIdNumber>H000192954201920BLRC05161C</ns2:UniqueIdNumber><ns2:DeclarationDate>2019-10-14</ns2:DeclarationDate><ns2:AmtOfIncPaid>36129</ns2:AmtOfIncPaid><ns2:DateIncPaid>2019-10-14</ns2:DateIncPaid></ns2:Basicdtls><ns2:IncomeDtls><ns2:IncomeDtl><ns2:SrlNo>1</ns2:SrlNo><ns2:IdenficationNum>530401039372366</ns2:IdenficationNum><ns2:NatureOfInc>INTEREST INCOME</ns2:NatureOfInc><ns2:DeductSection>194A</ns2:DeductSection><ns2:AmtOfInc>19248</ns2:AmtOfInc></ns2:IncomeDtl><ns2:IncomeDtl><ns2:SrlNo>2</ns2:SrlNo><ns2:IdenficationNum>530401039370935</ns2:IdenficationNum><ns2:NatureOfInc>INTEREST INCOME</ns2:NatureOfInc><ns2:DeductSection>194A</ns2:DeductSection><ns2:AmtOfInc>16881</ns2:AmtOfInc></ns2:IncomeDtl></ns2:IncomeDtls></ns2:Part1><ns2:Part1><ns2:Basicdtls><ns2:AssesseeName>M S RAGHUSHYAM PRASAD</ns2:AssesseeName><ns2:AssesseePAN>AJNPR9392J</ns2:AssesseePAN><ns2:AssesseeDOB>1956-01-07</ns2:AssesseeDOB><ns2:PreviousYr>2019</ns2:PreviousYr><ns2:FlatDoorNo>BANGALORE</ns2:FlatDoorNo><ns2:LocalityOrArea>BANGALORE</ns2:LocalityOrArea><ns2:CityOrTownOrDistrict>BANGALORE</ns2:CityOrTownOrDistrict><ns2:StateCode>99</ns2:StateCode><ns2:PinCode>560078</ns2:PinCode><ns2:EmailAddress>SUGANYASRIHARI@GMAIL.COM</ns2:EmailAddress><ns2:MobileNo>9876543210</ns2:MobileNo><ns2:TaxAssessedFlag>Y</ns2:TaxAssessedFlag><ns2:LatestAsstYr>2019</ns2:LatestAsstYr><ns2:EstimatedInc>11981</ns2:EstimatedInc><ns2:EstimatedTotalIncPrvYr>11981</ns2:EstimatedTotalIncPrvYr><ns2:TotalNoOfForm15H>0</ns2:TotalNoOfForm15H><ns2:AggregateAmtForm15H>0</ns2:AggregateAmtForm15H><ns2:UniqueIdNumber>H000192558201920BLRC05161C</ns2:UniqueIdNumber><ns2:DeclarationDate>2019-10-10</ns2:DeclarationDate><ns2:AmtOfIncPaid>11981</ns2:AmtOfIncPaid><ns2:DateIncPaid>2019-10-10</ns2:DateIncPaid></ns2:Basicdtls><ns2:IncomeDtls><ns2:IncomeDtl><ns2:SrlNo>3</ns2:SrlNo><ns2:IdenficationNum>530401009171232</ns2:IdenficationNum><ns2:NatureOfInc>INTEREST INCOME</ns2:NatureOfInc><ns2:DeductSection>194A</ns2:DeductSection><ns2:AmtOfInc>1</ns2:AmtOfInc></ns2:IncomeDtl><ns2:IncomeDtl><ns2:SrlNo>4</ns2:SrlNo><ns2:IdenficationNum>530401028290855</ns2:IdenficationNum><ns2:NatureOfInc>INTEREST INCOME</ns2:NatureOfInc><ns2:DeductSection>194A</ns2:DeductSection><ns2:AmtOfInc>7889</ns2:AmtOfInc></ns2:IncomeDtl><ns2:IncomeDtl><ns2:SrlNo>5</ns2:SrlNo><ns2:IdenficationNum>530401009180134</ns2:IdenficationNum><ns2:NatureOfInc>INTEREST INCOME</ns2:NatureOfInc><ns2:DeductSection>194A</ns2:DeductSection><ns2:AmtOfInc>4092</ns2:AmtOfInc></ns2:IncomeDtl></ns2:IncomeDtls></ns2:Part1><ns2:Part1><ns2:Basicdtls><ns2:AssesseeName>SAROJA .</ns2:AssesseeName><ns2:AssesseePAN>BWAPS8673Q</ns2:AssesseePAN><ns2:AssesseeDOB>1958-06-20</ns2:AssesseeDOB><ns2:PreviousYr>2019</ns2:PreviousYr><ns2:FlatDoorNo>BANGALORE</ns2:FlatDoorNo><ns2:LocalityOrArea>BANGALORE</ns2:LocalityOrArea><ns2:CityOrTownOrDistrict>BANGALORE</ns2:CityOrTownOrDistrict><ns2:StateCode>99</ns2:StateCode><ns2:PinCode>560078</ns2:PinCode><ns2:EmailAddress>POOVENDRA@GMAIL.COM</ns2:EmailAddress><ns2:MobileNo>9686591018</ns2:MobileNo><ns2:TaxAssessedFlag>N</ns2:TaxAssessedFlag><ns2:EstimatedInc>20616</ns2:EstimatedInc><ns2:EstimatedTotalIncPrvYr>20616</ns2:EstimatedTotalIncPrvYr><ns2:TotalNoOfForm15H>0</ns2:TotalNoOfForm15H><ns2:AggregateAmtForm15H>0</ns2:AggregateAmtForm15H><ns2:UniqueIdNumber>H000205889201920BLRC05161C</ns2:UniqueIdNumber><ns2:DeclarationDate>2019-12-26</ns2:DeclarationDate><ns2:AmtOfIncPaid>20616</ns2:AmtOfIncPaid><ns2:DateIncPaid>2019-12-26</ns2:DateIncPaid></ns2:Basicdtls><ns2:IncomeDtls><ns2:IncomeDtl><ns2:SrlNo>6</ns2:SrlNo><ns2:IdenficationNum>530401034788261</ns2:IdenficationNum><ns2:NatureOfInc>INTEREST INCOME</ns2:NatureOfInc><ns2:DeductSection>194A</ns2:DeductSection><ns2:AmtOfInc>20616</ns2:AmtOfInc></ns2:IncomeDtl></ns2:IncomeDtls></ns2:Part1><ns2:Part1><ns2:Basicdtls><ns2:AssesseeName>JAWARAIAH</ns2:AssesseeName><ns2:AssesseePAN>AKAPJ4196N</ns2:AssesseePAN><ns2:AssesseeDOB>1956-06-30</ns2:AssesseeDOB><ns2:PreviousYr>2019</ns2:PreviousYr><ns2:FlatDoorNo>BANGALORE</ns2:FlatDoorNo><ns2:LocalityOrArea>BANGALORE</ns2:LocalityOrArea><ns2:CityOrTownOrDistrict>BANGALORE</ns2:CityOrTownOrDistrict><ns2:StateCode>99</ns2:StateCode><ns2:PinCode>560019</ns2:PinCode><ns2:EmailAddress>ANNADURAI.ELANGO@GMAIL.COM</ns2:EmailAddress><ns2:MobileNo>8880080807</ns2:MobileNo><ns2:TaxAssessedFlag>N</ns2:TaxAssessedFlag><ns2:EstimatedInc>12323</ns2:EstimatedInc><ns2:EstimatedTotalIncPrvYr>12323</ns2:EstimatedTotalIncPrvYr><ns2:TotalNoOfForm15H>0</ns2:TotalNoOfForm15H><ns2:AggregateAmtForm15H>0</ns2:AggregateAmtForm15H><ns2:UniqueIdNumber>H000205659201920BLRC05161C</ns2:UniqueIdNumber><ns2:DeclarationDate>2019-12-24</ns2:DeclarationDate><ns2:AmtOfIncPaid>12323</ns2:AmtOfIncPaid><ns2:DateIncPaid>2019-12-24</ns2:DateIncPaid></ns2:Basicdtls><ns2:IncomeDtls><ns2:IncomeDtl><ns2:SrlNo>7</ns2:SrlNo><ns2:IdenficationNum>530401009179365</ns2:IdenficationNum><ns2:NatureOfInc>INTEREST INCOME</ns2:NatureOfInc><ns2:DeductSection>194A</ns2:DeductSection><ns2:AmtOfInc>12323</ns2:AmtOfInc></ns2:IncomeDtl></ns2:IncomeDtls></ns2:Part1><ns2:Part1><ns2:Basicdtls><ns2:AssesseeName>M.S.RAGHUSHYAM</ns2:AssesseeName><ns2:AssesseePAN>AJNPR9392J</ns2:AssesseePAN><ns2:AssesseeDOB>1956-01-07</ns2:AssesseeDOB><ns2:PreviousYr>2019</ns2:PreviousYr><ns2:FlatDoorNo>BANGALORE</ns2:FlatDoorNo><ns2:LocalityOrArea>BANGALORE</ns2:LocalityOrArea><ns2:CityOrTownOrDistrict>BANGALORE</ns2:CityOrTownOrDistrict><ns2:StateCode>99</ns2:StateCode><ns2:PinCode>560078</ns2:PinCode><ns2:EmailAddress>MAGHI.RAJ@GMAIL.COM</ns2:EmailAddress><ns2:MobileNo>9482539296</ns2:MobileNo><ns2:TaxAssessedFlag>N</ns2:TaxAssessedFlag><ns2:EstimatedInc>5358</ns2:EstimatedInc><ns2:EstimatedTotalIncPrvYr>5358</ns2:EstimatedTotalIncPrvYr><ns2:TotalNoOfForm15H>0</ns2:TotalNoOfForm15H><ns2:AggregateAmtForm15H>0</ns2:AggregateAmtForm15H><ns2:UniqueIdNumber>H000192596201920BLRC05161C</ns2:UniqueIdNumber><ns2:DeclarationDate>2019-10-10</ns2:DeclarationDate><ns2:AmtOfIncPaid>5358</ns2:AmtOfIncPaid><ns2:DateIncPaid>2019-10-10</ns2:DateIncPaid></ns2:Basicdtls><ns2:IncomeDtls><ns2:IncomeDtl><ns2:SrlNo>8</ns2:SrlNo><ns2:IdenficationNum>530401009150758</ns2:IdenficationNum><ns2:NatureOfInc>INTEREST INCOME</ns2:NatureOfInc><ns2:DeductSection>194A</ns2:DeductSection><ns2:AmtOfInc>5358</ns2:AmtOfInc></ns2:IncomeDtl></ns2:IncomeDtls></ns2:Part1><ns2:Part1><ns2:Basicdtls><ns2:AssesseeName>B SAINATH RAO</ns2:AssesseeName><ns2:AssesseePAN>AFNPR9503H</ns2:AssesseePAN><ns2:AssesseeDOB>1960-01-24</ns2:AssesseeDOB><ns2:PreviousYr>2019</ns2:PreviousYr><ns2:FlatDoorNo>BANGALORE</ns2:FlatDoorNo><ns2:LocalityOrArea>BANGALORE</ns2:LocalityOrArea><ns2:CityOrTownOrDistrict>BANGALORE</ns2:CityOrTownOrDistrict><ns2:StateCode>99</ns2:StateCode><ns2:PinCode>560041</ns2:PinCode><ns2:EmailAddress>VIJAYAM944@GMAIL.COM</ns2:EmailAddress><ns2:MobileNo>9880764174</ns2:MobileNo><ns2:TaxAssessedFlag>Y</ns2:TaxAssessedFlag><ns2:LatestAsstYr>2019</ns2:LatestAsstYr><ns2:EstimatedInc>15184</ns2:EstimatedInc><ns2:EstimatedTotalIncPrvYr>40000</ns2:EstimatedTotalIncPrvYr><ns2:TotalNoOfForm15H>0</ns2:TotalNoOfForm15H><ns2:AggregateAmtForm15H>0</ns2:AggregateAmtForm15H><ns2:UniqueIdNumber>H000205974201920BLRC05161C</ns2:UniqueIdNumber><ns2:DeclarationDate>2019-12-27</ns2:DeclarationDate><ns2:AmtOfIncPaid>15184</ns2:AmtOfIncPaid><ns2:DateIncPaid>2019-12-27</ns2:DateIncPaid></ns2:Basicdtls><ns2:IncomeDtls><ns2:IncomeDtl><ns2:SrlNo>9</ns2:SrlNo><ns2:IdenficationNum>530401039807202</ns2:IdenficationNum><ns2:NatureOfInc>INTEREST INCOME</ns2:NatureOfInc><ns2:DeductSection>194A</ns2:DeductSection><ns2:AmtOfInc>15184</ns2:AmtOfInc></ns2:IncomeDtl></ns2:IncomeDtls></ns2:Part1></ns2:Part1Dtls></ns2:Form15HDtls></ns2:FORM15H>