<?xml version="1.0" encoding="UTF-8" standalone="yes"?><ns2:FORM15H xmlns="http://incometaxindiaefiling.gov.in/common" xmlns:ns2="http://incometaxindiaefiling.gov.in/FORM15H"><ns2:FormCreationInfo><CreationInfo><SWVersionNo>11.8.2.0</SWVersionNo><SWCreatedBy>Relyon Softech Ltd</SWCreatedBy><XMLCreatedBy>SaralTDSWeb</XMLCreatedBy><XMLCreationDate>2020-01-06</XMLCreationDate></CreationInfo><Form_Details><FormName>FORM15H</FormName><AssessmentYear>2020</AssessmentYear><SchemaVer>V1.0</SchemaVer><FormVer>1.0</FormVer></Form_Details></ns2:FormCreationInfo><ns2:Form15HDtls><ns2:TAN>CALC07468G</ns2:TAN><ns2:Quarter>Q3</ns2:Quarter><ns2:FinancialYr>2019</ns2:FinancialYr><ns2:FilingType>O</ns2:FilingType><ns2:Part1Dtls><ns2:Part1><ns2:Basicdtls><ns2:AssesseeName>NANDAGOPAL ACHARYA</ns2:AssesseeName><ns2:AssesseePAN>AZPPA7957C</ns2:AssesseePAN><ns2:AssesseeDOB>1939-01-01</ns2:AssesseeDOB><ns2:PreviousYr>2019</ns2:PreviousYr><ns2:FlatDoorNo>KIRNAHAR</ns2:FlatDoorNo><ns2:LocalityOrArea>KIRNAHAR</ns2:LocalityOrArea><ns2:CityOrTownOrDistrict>KIRNAHAR</ns2:CityOrTownOrDistrict><ns2:StateCode>99</ns2:StateCode><ns2:PinCode>731302</ns2:PinCode><ns2:EmailAddress>NULL@EMAIL.COM</ns2:EmailAddress><ns2:MobileNo>9732159007</ns2:MobileNo><ns2:TaxAssessedFlag>N</ns2:TaxAssessedFlag><ns2:EstimatedInc>8490</ns2:EstimatedInc><ns2:EstimatedTotalIncPrvYr>8490</ns2:EstimatedTotalIncPrvYr><ns2:TotalNoOfForm15H>0</ns2:TotalNoOfForm15H><ns2:AggregateAmtForm15H>0</ns2:AggregateAmtForm15H><ns2:UniqueIdNumber>H000195985201920CALC07468G</ns2:UniqueIdNumber><ns2:DeclarationDate>2019-10-30</ns2:DeclarationDate><ns2:AmtOfIncPaid>8490</ns2:AmtOfIncPaid><ns2:DateIncPaid>2019-10-30</ns2:DateIncPaid></ns2:Basicdtls><ns2:IncomeDtls><ns2:IncomeDtl><ns2:SrlNo>1</ns2:SrlNo><ns2:IdenficationNum>2008614512</ns2:IdenficationNum><ns2:NatureOfInc>INTEREST INCOME</ns2:NatureOfInc><ns2:DeductSection>194A</ns2:DeductSection><ns2:AmtOfInc>8490</ns2:AmtOfInc></ns2:IncomeDtl></ns2:IncomeDtls></ns2:Part1><ns2:Part1><ns2:Basicdtls><ns2:AssesseeName>SRIMONTA DAS</ns2:AssesseeName><ns2:AssesseePAN>DSJPD2159B</ns2:AssesseePAN><ns2:AssesseeDOB>1959-01-01</ns2:AssesseeDOB><ns2:PreviousYr>2019</ns2:PreviousYr><ns2:FlatDoorNo>KIRNAHAR</ns2:FlatDoorNo><ns2:LocalityOrArea>KIRNAHAR</ns2:LocalityOrArea><ns2:CityOrTownOrDistrict>KIRNAHAR</ns2:CityOrTownOrDistrict><ns2:StateCode>99</ns2:StateCode><ns2:PinCode>731302</ns2:PinCode><ns2:EmailAddress>NULL@EMAIL.COM</ns2:EmailAddress><ns2:MobileNo>9474831934</ns2:MobileNo><ns2:TaxAssessedFlag>N</ns2:TaxAssessedFlag><ns2:EstimatedInc>14014</ns2:EstimatedInc><ns2:EstimatedTotalIncPrvYr>14014</ns2:EstimatedTotalIncPrvYr><ns2:TotalNoOfForm15H>0</ns2:TotalNoOfForm15H><ns2:AggregateAmtForm15H>0</ns2:AggregateAmtForm15H><ns2:UniqueIdNumber>H000192728201920CALC07468G</ns2:UniqueIdNumber><ns2:DeclarationDate>2019-11-10</ns2:DeclarationDate><ns2:AmtOfIncPaid>14014</ns2:AmtOfIncPaid><ns2:DateIncPaid>2019-11-10</ns2:DateIncPaid></ns2:Basicdtls><ns2:IncomeDtls><ns2:IncomeDtl><ns2:SrlNo>2</ns2:SrlNo><ns2:IdenficationNum>530401039331370</ns2:IdenficationNum><ns2:NatureOfInc>INTEREST INCOME</ns2:NatureOfInc><ns2:DeductSection>194A</ns2:DeductSection><ns2:AmtOfInc>14014</ns2:AmtOfInc></ns2:IncomeDtl></ns2:IncomeDtls></ns2:Part1><ns2:Part1><ns2:Basicdtls><ns2:AssesseeName>SHIBANI HAZRA</ns2:AssesseeName><ns2:AssesseePAN>AGOPH7055C</ns2:AssesseePAN><ns2:AssesseeDOB>1958-01-01</ns2:AssesseeDOB><ns2:PreviousYr>2019</ns2:PreviousYr><ns2:FlatDoorNo>KIRNAHAR</ns2:FlatDoorNo><ns2:LocalityOrArea>KIRNAHAR</ns2:LocalityOrArea><ns2:CityOrTownOrDistrict>KIRNAHAR</ns2:CityOrTownOrDistrict><ns2:StateCode>99</ns2:StateCode><ns2:PinCode>731302</ns2:PinCode><ns2:EmailAddress>HAZRAMRINAL6878@GMAIL.COM</ns2:EmailAddress><ns2:MobileNo>9029138676</ns2:MobileNo><ns2:TaxAssessedFlag>N</ns2:TaxAssessedFlag><ns2:EstimatedInc>5553</ns2:EstimatedInc><ns2:EstimatedTotalIncPrvYr>5553</ns2:EstimatedTotalIncPrvYr><ns2:TotalNoOfForm15H>0</ns2:TotalNoOfForm15H><ns2:AggregateAmtForm15H>0</ns2:AggregateAmtForm15H><ns2:UniqueIdNumber>H000201557201920CALC07468G</ns2:UniqueIdNumber><ns2:DeclarationDate>2019-11-29</ns2:DeclarationDate><ns2:AmtOfIncPaid>5553</ns2:AmtOfIncPaid><ns2:DateIncPaid>2019-11-29</ns2:DateIncPaid></ns2:Basicdtls><ns2:IncomeDtls><ns2:IncomeDtl><ns2:SrlNo>3</ns2:SrlNo><ns2:IdenficationNum>530401037772373</ns2:IdenficationNum><ns2:NatureOfInc>INTEREST INCOME</ns2:NatureOfInc><ns2:DeductSection>194A</ns2:DeductSection><ns2:AmtOfInc>5553</ns2:AmtOfInc></ns2:IncomeDtl></ns2:IncomeDtls></ns2:Part1><ns2:Part1><ns2:Basicdtls><ns2:AssesseeName>DILIP KUMAR MONDAL</ns2:AssesseeName><ns2:AssesseePAN>BCVPM8282Q</ns2:AssesseePAN><ns2:AssesseeDOB>1959-02-04</ns2:AssesseeDOB><ns2:PreviousYr>2019</ns2:PreviousYr><ns2:FlatDoorNo>KIRNAHAR</ns2:FlatDoorNo><ns2:LocalityOrArea>KIRNAHAR</ns2:LocalityOrArea><ns2:CityOrTownOrDistrict>KIRNAHAR</ns2:CityOrTownOrDistrict><ns2:StateCode>99</ns2:StateCode><ns2:PinCode>731302</ns2:PinCode><ns2:EmailAddress>NULL@EMAIL.COM</ns2:EmailAddress><ns2:MobileNo>8768800307</ns2:MobileNo><ns2:TaxAssessedFlag>N</ns2:TaxAssessedFlag><ns2:EstimatedInc>10271</ns2:EstimatedInc><ns2:EstimatedTotalIncPrvYr>10271</ns2:EstimatedTotalIncPrvYr><ns2:TotalNoOfForm15H>0</ns2:TotalNoOfForm15H><ns2:AggregateAmtForm15H>0</ns2:AggregateAmtForm15H><ns2:UniqueIdNumber>H000195157201920CALC07468G</ns2:UniqueIdNumber><ns2:DeclarationDate>2019-10-23</ns2:DeclarationDate><ns2:AmtOfIncPaid>10271</ns2:AmtOfIncPaid><ns2:DateIncPaid>2019-10-23</ns2:DateIncPaid></ns2:Basicdtls><ns2:IncomeDtls><ns2:IncomeDtl><ns2:SrlNo>4</ns2:SrlNo><ns2:IdenficationNum>530401039374889</ns2:IdenficationNum><ns2:NatureOfInc>INTEREST INCOME</ns2:NatureOfInc><ns2:DeductSection>194A</ns2:DeductSection><ns2:AmtOfInc>10271</ns2:AmtOfInc></ns2:IncomeDtl></ns2:IncomeDtls></ns2:Part1></ns2:Part1Dtls></ns2:Form15HDtls></ns2:FORM15H>