<?xml version="1.0" encoding="UTF-8" standalone="yes"?><ns2:FORM15H xmlns="http://incometaxindiaefiling.gov.in/common" xmlns:ns2="http://incometaxindiaefiling.gov.in/FORM15H"><ns2:FormCreationInfo><CreationInfo><SWVersionNo>11.8.2.0</SWVersionNo><SWCreatedBy>Relyon Softech Ltd</SWCreatedBy><XMLCreatedBy>SaralTDSWeb</XMLCreatedBy><XMLCreationDate>2020-01-06</XMLCreationDate></CreationInfo><Form_Details><FormName>FORM15H</FormName><AssessmentYear>2020</AssessmentYear><SchemaVer>V1.0</SchemaVer><FormVer>1.0</FormVer></Form_Details></ns2:FormCreationInfo><ns2:Form15HDtls><ns2:TAN>CHNC01288A</ns2:TAN><ns2:Quarter>Q3</ns2:Quarter><ns2:FinancialYr>2019</ns2:FinancialYr><ns2:FilingType>O</ns2:FilingType><ns2:Part1Dtls><ns2:Part1><ns2:Basicdtls><ns2:AssesseeName>P V JAYALAKSHMI</ns2:AssesseeName><ns2:AssesseePAN>AOMPJ7000F</ns2:AssesseePAN><ns2:AssesseeDOB>1954-03-10</ns2:AssesseeDOB><ns2:PreviousYr>2019</ns2:PreviousYr><ns2:FlatDoorNo>PALAKKAD</ns2:FlatDoorNo><ns2:LocalityOrArea>PALAKKAD</ns2:LocalityOrArea><ns2:CityOrTownOrDistrict>PALAKKAD</ns2:CityOrTownOrDistrict><ns2:StateCode>99</ns2:StateCode><ns2:PinCode>678001</ns2:PinCode><ns2:EmailAddress>SIVASWAYAMBOO@GMAIL.COM</ns2:EmailAddress><ns2:MobileNo>9496176453</ns2:MobileNo><ns2:TaxAssessedFlag>N</ns2:TaxAssessedFlag><ns2:EstimatedInc>7448</ns2:EstimatedInc><ns2:EstimatedTotalIncPrvYr>17448</ns2:EstimatedTotalIncPrvYr><ns2:TotalNoOfForm15H>0</ns2:TotalNoOfForm15H><ns2:AggregateAmtForm15H>0</ns2:AggregateAmtForm15H><ns2:UniqueIdNumber>H000190466201920CHNC01288A</ns2:UniqueIdNumber><ns2:DeclarationDate>2019-03-10</ns2:DeclarationDate><ns2:AmtOfIncPaid>7448</ns2:AmtOfIncPaid><ns2:DateIncPaid>2019-03-10</ns2:DateIncPaid></ns2:Basicdtls><ns2:IncomeDtls><ns2:IncomeDtl><ns2:SrlNo>1</ns2:SrlNo><ns2:IdenficationNum>530401039176391</ns2:IdenficationNum><ns2:NatureOfInc>INTEREST INCOME</ns2:NatureOfInc><ns2:DeductSection>194A</ns2:DeductSection><ns2:AmtOfInc>7448</ns2:AmtOfInc></ns2:IncomeDtl></ns2:IncomeDtls></ns2:Part1><ns2:Part1><ns2:Basicdtls><ns2:AssesseeName>SEETHA RAMACHANDRAN</ns2:AssesseeName><ns2:AssesseePAN>ACIPR6392J</ns2:AssesseePAN><ns2:AssesseeDOB>1932-12-18</ns2:AssesseeDOB><ns2:PreviousYr>2019</ns2:PreviousYr><ns2:FlatDoorNo>PALAKKAD</ns2:FlatDoorNo><ns2:LocalityOrArea>PALAKKAD</ns2:LocalityOrArea><ns2:CityOrTownOrDistrict>PALAKKAD</ns2:CityOrTownOrDistrict><ns2:StateCode>99</ns2:StateCode><ns2:PinCode>678011</ns2:PinCode><ns2:EmailAddress>NULL@EMAIL.COM</ns2:EmailAddress><ns2:MobileNo>9876543210</ns2:MobileNo><ns2:TaxAssessedFlag>N</ns2:TaxAssessedFlag><ns2:EstimatedInc>202297</ns2:EstimatedInc><ns2:EstimatedTotalIncPrvYr>212297</ns2:EstimatedTotalIncPrvYr><ns2:TotalNoOfForm15H>0</ns2:TotalNoOfForm15H><ns2:AggregateAmtForm15H>0</ns2:AggregateAmtForm15H><ns2:UniqueIdNumber>H000191147201920CHNC01288A</ns2:UniqueIdNumber><ns2:DeclarationDate>2019-04-10</ns2:DeclarationDate><ns2:AmtOfIncPaid>202297</ns2:AmtOfIncPaid><ns2:DateIncPaid>2019-04-10</ns2:DateIncPaid></ns2:Basicdtls><ns2:IncomeDtls><ns2:IncomeDtl><ns2:SrlNo>2</ns2:SrlNo><ns2:IdenficationNum>530101344790287</ns2:IdenficationNum><ns2:NatureOfInc>INTEREST INCOME</ns2:NatureOfInc><ns2:DeductSection>194A</ns2:DeductSection><ns2:AmtOfInc>97095</ns2:AmtOfInc></ns2:IncomeDtl><ns2:IncomeDtl><ns2:SrlNo>3</ns2:SrlNo><ns2:IdenficationNum>530101346164264</ns2:IdenficationNum><ns2:NatureOfInc>INTEREST INCOME</ns2:NatureOfInc><ns2:DeductSection>194A</ns2:DeductSection><ns2:AmtOfInc>22200</ns2:AmtOfInc></ns2:IncomeDtl><ns2:IncomeDtl><ns2:SrlNo>4</ns2:SrlNo><ns2:IdenficationNum>530101345304810</ns2:IdenficationNum><ns2:NatureOfInc>INTEREST INCOME</ns2:NatureOfInc><ns2:DeductSection>194A</ns2:DeductSection><ns2:AmtOfInc>43800</ns2:AmtOfInc></ns2:IncomeDtl><ns2:IncomeDtl><ns2:SrlNo>5</ns2:SrlNo><ns2:IdenficationNum>530101344511194</ns2:IdenficationNum><ns2:NatureOfInc>INTEREST INCOME</ns2:NatureOfInc><ns2:DeductSection>194A</ns2:DeductSection><ns2:AmtOfInc>36500</ns2:AmtOfInc></ns2:IncomeDtl></ns2:IncomeDtls></ns2:Part1><ns2:Part1><ns2:Basicdtls><ns2:AssesseeName>DAKSHAYANI M</ns2:AssesseeName><ns2:AssesseePAN>BDXPM6877Q</ns2:AssesseePAN><ns2:AssesseeDOB>1937-10-11</ns2:AssesseeDOB><ns2:PreviousYr>2019</ns2:PreviousYr><ns2:FlatDoorNo>PALAKKAD</ns2:FlatDoorNo><ns2:LocalityOrArea>PALAKKAD</ns2:LocalityOrArea><ns2:CityOrTownOrDistrict>PALAKKAD</ns2:CityOrTownOrDistrict><ns2:StateCode>99</ns2:StateCode><ns2:PinCode>678005</ns2:PinCode><ns2:EmailAddress>NULL@EMAIL.COM</ns2:EmailAddress><ns2:MobileNo>9446232614</ns2:MobileNo><ns2:TaxAssessedFlag>N</ns2:TaxAssessedFlag><ns2:EstimatedInc>1</ns2:EstimatedInc><ns2:EstimatedTotalIncPrvYr>10000</ns2:EstimatedTotalIncPrvYr><ns2:TotalNoOfForm15H>0</ns2:TotalNoOfForm15H><ns2:AggregateAmtForm15H>0</ns2:AggregateAmtForm15H><ns2:UniqueIdNumber>H000203967201920CHNC01288A</ns2:UniqueIdNumber><ns2:DeclarationDate>2019-12-12</ns2:DeclarationDate><ns2:AmtOfIncPaid>1</ns2:AmtOfIncPaid><ns2:DateIncPaid>2019-12-12</ns2:DateIncPaid></ns2:Basicdtls><ns2:IncomeDtls><ns2:IncomeDtl><ns2:SrlNo>6</ns2:SrlNo><ns2:IdenficationNum>2000881074</ns2:IdenficationNum><ns2:NatureOfInc>INTEREST INCOME</ns2:NatureOfInc><ns2:DeductSection>194A</ns2:DeductSection><ns2:AmtOfInc>1</ns2:AmtOfInc></ns2:IncomeDtl></ns2:IncomeDtls></ns2:Part1><ns2:Part1><ns2:Basicdtls><ns2:AssesseeName>C K MEENAKSHI</ns2:AssesseeName><ns2:AssesseePAN>AKCPM7427M</ns2:AssesseePAN><ns2:AssesseeDOB>1949-06-01</ns2:AssesseeDOB><ns2:PreviousYr>2019</ns2:PreviousYr><ns2:FlatDoorNo>PALAKKAD</ns2:FlatDoorNo><ns2:LocalityOrArea>PALAKKAD</ns2:LocalityOrArea><ns2:CityOrTownOrDistrict>PALAKKAD</ns2:CityOrTownOrDistrict><ns2:StateCode>99</ns2:StateCode><ns2:PinCode>678011</ns2:PinCode><ns2:EmailAddress>NULL@EMAIL.COM</ns2:EmailAddress><ns2:MobileNo>9846476184</ns2:MobileNo><ns2:TaxAssessedFlag>N</ns2:TaxAssessedFlag><ns2:EstimatedInc>69457</ns2:EstimatedInc><ns2:EstimatedTotalIncPrvYr>70000</ns2:EstimatedTotalIncPrvYr><ns2:TotalNoOfForm15H>0</ns2:TotalNoOfForm15H><ns2:AggregateAmtForm15H>0</ns2:AggregateAmtForm15H><ns2:UniqueIdNumber>H000204664201920CHNC01288A</ns2:UniqueIdNumber><ns2:DeclarationDate>2019-12-18</ns2:DeclarationDate><ns2:AmtOfIncPaid>69457</ns2:AmtOfIncPaid><ns2:DateIncPaid>2019-12-18</ns2:DateIncPaid></ns2:Basicdtls><ns2:IncomeDtls><ns2:IncomeDtl><ns2:SrlNo>7</ns2:SrlNo><ns2:IdenficationNum>530101344555259</ns2:IdenficationNum><ns2:NatureOfInc>INTEREST INCOME</ns2:NatureOfInc><ns2:DeductSection>194A</ns2:DeductSection><ns2:AmtOfInc>355</ns2:AmtOfInc></ns2:IncomeDtl><ns2:IncomeDtl><ns2:SrlNo>8</ns2:SrlNo><ns2:IdenficationNum>530101344555277</ns2:IdenficationNum><ns2:NatureOfInc>INTEREST INCOME</ns2:NatureOfInc><ns2:DeductSection>194A</ns2:DeductSection><ns2:AmtOfInc>710</ns2:AmtOfInc></ns2:IncomeDtl><ns2:IncomeDtl><ns2:SrlNo>9</ns2:SrlNo><ns2:IdenficationNum>530401039971187</ns2:IdenficationNum><ns2:NatureOfInc>INTEREST INCOME</ns2:NatureOfInc><ns2:DeductSection>194A</ns2:DeductSection><ns2:AmtOfInc>2262</ns2:AmtOfInc></ns2:IncomeDtl></ns2:IncomeDtls></ns2:Part1><ns2:Part1><ns2:Basicdtls><ns2:AssesseeName>VENKATACHALAM K</ns2:AssesseeName><ns2:AssesseePAN>BJZPK3745B</ns2:AssesseePAN><ns2:AssesseeDOB>1933-04-27</ns2:AssesseeDOB><ns2:PreviousYr>2019</ns2:PreviousYr><ns2:FlatDoorNo>PALAKKAD</ns2:FlatDoorNo><ns2:LocalityOrArea>PALAKKAD</ns2:LocalityOrArea><ns2:CityOrTownOrDistrict>PALAKKAD</ns2:CityOrTownOrDistrict><ns2:StateCode>99</ns2:StateCode><ns2:PinCode>678011</ns2:PinCode><ns2:EmailAddress>NULL@EMAIL.COM</ns2:EmailAddress><ns2:MobileNo>9876543210</ns2:MobileNo><ns2:TaxAssessedFlag>N</ns2:TaxAssessedFlag><ns2:EstimatedInc>26229</ns2:EstimatedInc><ns2:EstimatedTotalIncPrvYr>30000</ns2:EstimatedTotalIncPrvYr><ns2:TotalNoOfForm15H>0</ns2:TotalNoOfForm15H><ns2:AggregateAmtForm15H>0</ns2:AggregateAmtForm15H><ns2:UniqueIdNumber>H000191997201920CHNC01288A</ns2:UniqueIdNumber><ns2:DeclarationDate>2019-09-10</ns2:DeclarationDate><ns2:AmtOfIncPaid>26229</ns2:AmtOfIncPaid><ns2:DateIncPaid>2019-09-10</ns2:DateIncPaid></ns2:Basicdtls><ns2:IncomeDtls><ns2:IncomeDtl><ns2:SrlNo>10</ns2:SrlNo><ns2:IdenficationNum>530101344773518</ns2:IdenficationNum><ns2:NatureOfInc>INTEREST INCOME</ns2:NatureOfInc><ns2:DeductSection>194A</ns2:DeductSection><ns2:AmtOfInc>3650</ns2:AmtOfInc></ns2:IncomeDtl></ns2:IncomeDtls></ns2:Part1><ns2:Part1><ns2:Basicdtls><ns2:AssesseeName>VIJAYALAKSHMI P</ns2:AssesseeName><ns2:AssesseePAN>BCSPP2228N</ns2:AssesseePAN><ns2:AssesseeDOB>1938-04-18</ns2:AssesseeDOB><ns2:PreviousYr>2019</ns2:PreviousYr><ns2:FlatDoorNo>PALAKKAD</ns2:FlatDoorNo><ns2:LocalityOrArea>PALAKKAD</ns2:LocalityOrArea><ns2:CityOrTownOrDistrict>PALAKKAD</ns2:CityOrTownOrDistrict><ns2:StateCode>99</ns2:StateCode><ns2:PinCode>678011</ns2:PinCode><ns2:EmailAddress>NULL@EMAIL.COM</ns2:EmailAddress><ns2:MobileNo>9876543210</ns2:MobileNo><ns2:TaxAssessedFlag>N</ns2:TaxAssessedFlag><ns2:EstimatedInc>48998</ns2:EstimatedInc><ns2:EstimatedTotalIncPrvYr>50000</ns2:EstimatedTotalIncPrvYr><ns2:TotalNoOfForm15H>0</ns2:TotalNoOfForm15H><ns2:AggregateAmtForm15H>0</ns2:AggregateAmtForm15H><ns2:UniqueIdNumber>H000191999201920CHNC01288A</ns2:UniqueIdNumber><ns2:DeclarationDate>2019-09-10</ns2:DeclarationDate><ns2:AmtOfIncPaid>48998</ns2:AmtOfIncPaid><ns2:DateIncPaid>2019-09-10</ns2:DateIncPaid></ns2:Basicdtls><ns2:IncomeDtls><ns2:IncomeDtl><ns2:SrlNo>11</ns2:SrlNo><ns2:IdenficationNum>530101345967956</ns2:IdenficationNum><ns2:NatureOfInc>INTEREST INCOME</ns2:NatureOfInc><ns2:DeductSection>194A</ns2:DeductSection><ns2:AmtOfInc>1875</ns2:AmtOfInc></ns2:IncomeDtl><ns2:IncomeDtl><ns2:SrlNo>12</ns2:SrlNo><ns2:IdenficationNum>530101345967512</ns2:IdenficationNum><ns2:NatureOfInc>INTEREST INCOME</ns2:NatureOfInc><ns2:DeductSection>194A</ns2:DeductSection><ns2:AmtOfInc>1876</ns2:AmtOfInc></ns2:IncomeDtl><ns2:IncomeDtl><ns2:SrlNo>13</ns2:SrlNo><ns2:IdenficationNum>530101344604810</ns2:IdenficationNum><ns2:NatureOfInc>INTEREST INCOME</ns2:NatureOfInc><ns2:DeductSection>194A</ns2:DeductSection><ns2:AmtOfInc>3650</ns2:AmtOfInc></ns2:IncomeDtl></ns2:IncomeDtls></ns2:Part1><ns2:Part1><ns2:Basicdtls><ns2:AssesseeName>ALAMELU T P</ns2:AssesseeName><ns2:AssesseePAN>BTNPA7527F</ns2:AssesseePAN><ns2:AssesseeDOB>1954-04-15</ns2:AssesseeDOB><ns2:PreviousYr>2019</ns2:PreviousYr><ns2:FlatDoorNo>PALAKKAD</ns2:FlatDoorNo><ns2:LocalityOrArea>PALAKKAD</ns2:LocalityOrArea><ns2:CityOrTownOrDistrict>PALAKKAD</ns2:CityOrTownOrDistrict><ns2:StateCode>99</ns2:StateCode><ns2:PinCode>678005</ns2:PinCode><ns2:EmailAddress>NULL@EMAIL.COM</ns2:EmailAddress><ns2:MobileNo>9400408843</ns2:MobileNo><ns2:TaxAssessedFlag>N</ns2:TaxAssessedFlag><ns2:EstimatedInc>3650</ns2:EstimatedInc><ns2:EstimatedTotalIncPrvYr>13650</ns2:EstimatedTotalIncPrvYr><ns2:TotalNoOfForm15H>0</ns2:TotalNoOfForm15H><ns2:AggregateAmtForm15H>0</ns2:AggregateAmtForm15H><ns2:UniqueIdNumber>H000195951201920CHNC01288A</ns2:UniqueIdNumber><ns2:DeclarationDate>2019-10-30</ns2:DeclarationDate><ns2:AmtOfIncPaid>3650</ns2:AmtOfIncPaid><ns2:DateIncPaid>2019-10-30</ns2:DateIncPaid></ns2:Basicdtls><ns2:IncomeDtls><ns2:IncomeDtl><ns2:SrlNo>14</ns2:SrlNo><ns2:IdenficationNum>530101346456484</ns2:IdenficationNum><ns2:NatureOfInc>INTEREST INCOME</ns2:NatureOfInc><ns2:DeductSection>194A</ns2:DeductSection><ns2:AmtOfInc>3650</ns2:AmtOfInc></ns2:IncomeDtl></ns2:IncomeDtls></ns2:Part1><ns2:Part1><ns2:Basicdtls><ns2:AssesseeName>LATHIKA.D.MENON</ns2:AssesseeName><ns2:AssesseePAN>AFXPL5560L</ns2:AssesseePAN><ns2:AssesseeDOB>1936-09-21</ns2:AssesseeDOB><ns2:PreviousYr>2019</ns2:PreviousYr><ns2:FlatDoorNo>PALAKKAD</ns2:FlatDoorNo><ns2:LocalityOrArea>PALAKKAD</ns2:LocalityOrArea><ns2:CityOrTownOrDistrict>PALAKKAD</ns2:CityOrTownOrDistrict><ns2:StateCode>99</ns2:StateCode><ns2:PinCode>678011</ns2:PinCode><ns2:EmailAddress>LATHIKA1MENON@OUTLOOK.COM</ns2:EmailAddress><ns2:MobileNo>4082056108</ns2:MobileNo><ns2:TaxAssessedFlag>N</ns2:TaxAssessedFlag><ns2:EstimatedInc>106116</ns2:EstimatedInc><ns2:EstimatedTotalIncPrvYr>116116</ns2:EstimatedTotalIncPrvYr><ns2:TotalNoOfForm15H>0</ns2:TotalNoOfForm15H><ns2:AggregateAmtForm15H>0</ns2:AggregateAmtForm15H><ns2:UniqueIdNumber>H000190448201920CHNC01288A</ns2:UniqueIdNumber><ns2:DeclarationDate>2019-03-10</ns2:DeclarationDate><ns2:AmtOfIncPaid>106116</ns2:AmtOfIncPaid><ns2:DateIncPaid>2019-03-10</ns2:DateIncPaid></ns2:Basicdtls><ns2:IncomeDtls><ns2:IncomeDtl><ns2:SrlNo>15</ns2:SrlNo><ns2:IdenficationNum>2000877037</ns2:IdenficationNum><ns2:NatureOfInc>INTEREST INCOME</ns2:NatureOfInc><ns2:DeductSection>194A</ns2:DeductSection><ns2:AmtOfInc>106116</ns2:AmtOfInc></ns2:IncomeDtl></ns2:IncomeDtls></ns2:Part1><ns2:Part1><ns2:Basicdtls><ns2:AssesseeName>RAJAM PICHUKUTTY</ns2:AssesseeName><ns2:AssesseePAN>CAPPR0608L</ns2:AssesseePAN><ns2:AssesseeDOB>1950-01-22</ns2:AssesseeDOB><ns2:PreviousYr>2019</ns2:PreviousYr><ns2:FlatDoorNo>KANCHEEPURAM</ns2:FlatDoorNo><ns2:LocalityOrArea>KANCHEEPURAM</ns2:LocalityOrArea><ns2:CityOrTownOrDistrict>KANCHEEPURAM</ns2:CityOrTownOrDistrict><ns2:StateCode>99</ns2:StateCode><ns2:PinCode>631501</ns2:PinCode><ns2:EmailAddress>NULL@EMAIL.COM</ns2:EmailAddress><ns2:MobileNo>8921651536</ns2:MobileNo><ns2:TaxAssessedFlag>N</ns2:TaxAssessedFlag><ns2:EstimatedInc>17875</ns2:EstimatedInc><ns2:EstimatedTotalIncPrvYr>27875</ns2:EstimatedTotalIncPrvYr><ns2:TotalNoOfForm15H>0</ns2:TotalNoOfForm15H><ns2:AggregateAmtForm15H>0</ns2:AggregateAmtForm15H><ns2:UniqueIdNumber>H000202028201920CHNC01288A</ns2:UniqueIdNumber><ns2:DeclarationDate>2019-02-12</ns2:DeclarationDate><ns2:AmtOfIncPaid>17875</ns2:AmtOfIncPaid><ns2:DateIncPaid>2019-02-12</ns2:DateIncPaid></ns2:Basicdtls><ns2:IncomeDtls><ns2:IncomeDtl><ns2:SrlNo>16</ns2:SrlNo><ns2:IdenficationNum>530101346669389</ns2:IdenficationNum><ns2:NatureOfInc>INTEREST INCOME</ns2:NatureOfInc><ns2:DeductSection>194A</ns2:DeductSection><ns2:AmtOfInc>17875</ns2:AmtOfInc></ns2:IncomeDtl></ns2:IncomeDtls></ns2:Part1><ns2:Part1><ns2:Basicdtls><ns2:AssesseeName>K P RADHA</ns2:AssesseeName><ns2:AssesseePAN>BGOPP8916R</ns2:AssesseePAN><ns2:AssesseeDOB>1950-03-20</ns2:AssesseeDOB><ns2:PreviousYr>2019</ns2:PreviousYr><ns2:FlatDoorNo>PALAKKAD</ns2:FlatDoorNo><ns2:LocalityOrArea>PALAKKAD</ns2:LocalityOrArea><ns2:CityOrTownOrDistrict>PALAKKAD</ns2:CityOrTownOrDistrict><ns2:StateCode>99</ns2:StateCode><ns2:PinCode>678005</ns2:PinCode><ns2:EmailAddress>NULL@EMAIL.COM</ns2:EmailAddress><ns2:MobileNo>9495651950</ns2:MobileNo><ns2:TaxAssessedFlag>N</ns2:TaxAssessedFlag><ns2:EstimatedInc>131359</ns2:EstimatedInc><ns2:EstimatedTotalIncPrvYr>141359</ns2:EstimatedTotalIncPrvYr><ns2:TotalNoOfForm15H>0</ns2:TotalNoOfForm15H><ns2:AggregateAmtForm15H>0</ns2:AggregateAmtForm15H><ns2:UniqueIdNumber>H000197550201920CHNC01288A</ns2:UniqueIdNumber><ns2:DeclarationDate>2019-06-11</ns2:DeclarationDate><ns2:AmtOfIncPaid>131359</ns2:AmtOfIncPaid><ns2:DateIncPaid>2019-06-11</ns2:DateIncPaid></ns2:Basicdtls><ns2:IncomeDtls><ns2:IncomeDtl><ns2:SrlNo>17</ns2:SrlNo><ns2:IdenficationNum>2000877506</ns2:IdenficationNum><ns2:NatureOfInc>INTEREST INCOME</ns2:NatureOfInc><ns2:DeductSection>194A</ns2:DeductSection><ns2:AmtOfInc>131359</ns2:AmtOfInc></ns2:IncomeDtl></ns2:IncomeDtls></ns2:Part1><ns2:Part1><ns2:Basicdtls><ns2:AssesseeName>AMBIKA P MENON</ns2:AssesseeName><ns2:AssesseePAN>AEPPM2806K</ns2:AssesseePAN><ns2:AssesseeDOB>1940-03-21</ns2:AssesseeDOB><ns2:PreviousYr>2019</ns2:PreviousYr><ns2:FlatDoorNo>PALAKKAD</ns2:FlatDoorNo><ns2:LocalityOrArea>PALAKKAD</ns2:LocalityOrArea><ns2:CityOrTownOrDistrict>PALAKKAD</ns2:CityOrTownOrDistrict><ns2:StateCode>99</ns2:StateCode><ns2:PinCode>678011</ns2:PinCode><ns2:EmailAddress>AMBIKA1MENON@OUTLOOK.COM</ns2:EmailAddress><ns2:MobileNo>4082056108</ns2:MobileNo><ns2:TaxAssessedFlag>N</ns2:TaxAssessedFlag><ns2:EstimatedInc>95347</ns2:EstimatedInc><ns2:EstimatedTotalIncPrvYr>100347</ns2:EstimatedTotalIncPrvYr><ns2:TotalNoOfForm15H>0</ns2:TotalNoOfForm15H><ns2:AggregateAmtForm15H>0</ns2:AggregateAmtForm15H><ns2:UniqueIdNumber>H000190425201920CHNC01288A</ns2:UniqueIdNumber><ns2:DeclarationDate>2019-03-10</ns2:DeclarationDate><ns2:AmtOfIncPaid>95347</ns2:AmtOfIncPaid><ns2:DateIncPaid>2019-03-10</ns2:DateIncPaid></ns2:Basicdtls><ns2:IncomeDtls><ns2:IncomeDtl><ns2:SrlNo>18</ns2:SrlNo><ns2:IdenficationNum>530401032890836</ns2:IdenficationNum><ns2:NatureOfInc>INTEREST INCOME</ns2:NatureOfInc><ns2:DeductSection>194A</ns2:DeductSection><ns2:AmtOfInc>14987</ns2:AmtOfInc></ns2:IncomeDtl></ns2:IncomeDtls></ns2:Part1><ns2:Part1><ns2:Basicdtls><ns2:AssesseeName>VIJAYA SUBRAMANIAN</ns2:AssesseeName><ns2:AssesseePAN>ANBPV9100E</ns2:AssesseePAN><ns2:AssesseeDOB>1946-04-04</ns2:AssesseeDOB><ns2:PreviousYr>2019</ns2:PreviousYr><ns2:FlatDoorNo>PALAKKAD</ns2:FlatDoorNo><ns2:LocalityOrArea>PALAKKAD</ns2:LocalityOrArea><ns2:CityOrTownOrDistrict>PALAKKAD</ns2:CityOrTownOrDistrict><ns2:StateCode>99</ns2:StateCode><ns2:PinCode>678011</ns2:PinCode><ns2:EmailAddress>NULL@EMAIL.COM</ns2:EmailAddress><ns2:MobileNo>9876543210</ns2:MobileNo><ns2:TaxAssessedFlag>N</ns2:TaxAssessedFlag><ns2:EstimatedInc>5623</ns2:EstimatedInc><ns2:EstimatedTotalIncPrvYr>10623</ns2:EstimatedTotalIncPrvYr><ns2:TotalNoOfForm15H>0</ns2:TotalNoOfForm15H><ns2:AggregateAmtForm15H>0</ns2:AggregateAmtForm15H><ns2:UniqueIdNumber>H000194409201920CHNC01288A</ns2:UniqueIdNumber><ns2:DeclarationDate>2019-10-18</ns2:DeclarationDate><ns2:AmtOfIncPaid>5623</ns2:AmtOfIncPaid><ns2:DateIncPaid>2019-10-18</ns2:DateIncPaid></ns2:Basicdtls><ns2:IncomeDtls><ns2:IncomeDtl><ns2:SrlNo>19</ns2:SrlNo><ns2:IdenficationNum>530401039414424</ns2:IdenficationNum><ns2:NatureOfInc>INTEREST INCOME</ns2:NatureOfInc><ns2:DeductSection>194A</ns2:DeductSection><ns2:AmtOfInc>846</ns2:AmtOfInc></ns2:IncomeDtl><ns2:IncomeDtl><ns2:SrlNo>20</ns2:SrlNo><ns2:IdenficationNum>530401039414950</ns2:IdenficationNum><ns2:NatureOfInc>INTEREST INCOME</ns2:NatureOfInc><ns2:DeductSection>194A</ns2:DeductSection><ns2:AmtOfInc>4229</ns2:AmtOfInc></ns2:IncomeDtl><ns2:IncomeDtl><ns2:SrlNo>21</ns2:SrlNo><ns2:IdenficationNum>530101346380297</ns2:IdenficationNum><ns2:NatureOfInc>INTEREST INCOME</ns2:NatureOfInc><ns2:DeductSection>194A</ns2:DeductSection><ns2:AmtOfInc>548</ns2:AmtOfInc></ns2:IncomeDtl></ns2:IncomeDtls></ns2:Part1><ns2:Part1><ns2:Basicdtls><ns2:AssesseeName>VIJAYAM NATHAN</ns2:AssesseeName><ns2:AssesseePAN>ALCPV1184H</ns2:AssesseePAN><ns2:AssesseeDOB>1938-08-05</ns2:AssesseeDOB><ns2:PreviousYr>2019</ns2:PreviousYr><ns2:FlatDoorNo>PALAKKAD</ns2:FlatDoorNo><ns2:LocalityOrArea>PALAKKAD</ns2:LocalityOrArea><ns2:CityOrTownOrDistrict>PALAKKAD</ns2:CityOrTownOrDistrict><ns2:StateCode>99</ns2:StateCode><ns2:PinCode>678011</ns2:PinCode><ns2:EmailAddress>NULL@EMAIL.COM</ns2:EmailAddress><ns2:MobileNo>9876543210</ns2:MobileNo><ns2:TaxAssessedFlag>N</ns2:TaxAssessedFlag><ns2:EstimatedInc>1</ns2:EstimatedInc><ns2:EstimatedTotalIncPrvYr>10000</ns2:EstimatedTotalIncPrvYr><ns2:TotalNoOfForm15H>0</ns2:TotalNoOfForm15H><ns2:AggregateAmtForm15H>0</ns2:AggregateAmtForm15H><ns2:UniqueIdNumber>H000194604201920CHNC01288A</ns2:UniqueIdNumber><ns2:DeclarationDate>2019-10-19</ns2:DeclarationDate><ns2:AmtOfIncPaid>1</ns2:AmtOfIncPaid><ns2:DateIncPaid>2019-10-19</ns2:DateIncPaid></ns2:Basicdtls><ns2:IncomeDtls><ns2:IncomeDtl><ns2:SrlNo>22</ns2:SrlNo><ns2:IdenficationNum>2000877548</ns2:IdenficationNum><ns2:NatureOfInc>INTEREST INCOME</ns2:NatureOfInc><ns2:DeductSection>194A</ns2:DeductSection><ns2:AmtOfInc>1</ns2:AmtOfInc></ns2:IncomeDtl></ns2:IncomeDtls></ns2:Part1><ns2:Part1><ns2:Basicdtls><ns2:AssesseeName>SIVASUBRAMANIAM  T  R</ns2:AssesseeName><ns2:AssesseePAN>CMRPS8862H</ns2:AssesseePAN><ns2:AssesseeDOB>1955-12-30</ns2:AssesseeDOB><ns2:PreviousYr>2019</ns2:PreviousYr><ns2:FlatDoorNo>PALAKKAD</ns2:FlatDoorNo><ns2:LocalityOrArea>PALAKKAD</ns2:LocalityOrArea><ns2:CityOrTownOrDistrict>PALAKKAD</ns2:CityOrTownOrDistrict><ns2:StateCode>99</ns2:StateCode><ns2:PinCode>678003</ns2:PinCode><ns2:EmailAddress>RAM_CHANDRAN91@YAHOO.COM</ns2:EmailAddress><ns2:MobileNo>8281767224</ns2:MobileNo><ns2:TaxAssessedFlag>N</ns2:TaxAssessedFlag><ns2:EstimatedInc>3927</ns2:EstimatedInc><ns2:EstimatedTotalIncPrvYr>4000</ns2:EstimatedTotalIncPrvYr><ns2:TotalNoOfForm15H>0</ns2:TotalNoOfForm15H><ns2:AggregateAmtForm15H>0</ns2:AggregateAmtForm15H><ns2:UniqueIdNumber>H000205564201920CHNC01288A</ns2:UniqueIdNumber><ns2:DeclarationDate>2019-12-23</ns2:DeclarationDate><ns2:AmtOfIncPaid>3927</ns2:AmtOfIncPaid><ns2:DateIncPaid>2019-12-23</ns2:DateIncPaid></ns2:Basicdtls><ns2:IncomeDtls><ns2:IncomeDtl><ns2:SrlNo>23</ns2:SrlNo><ns2:IdenficationNum>530401040429288</ns2:IdenficationNum><ns2:NatureOfInc>INTEREST INCOME</ns2:NatureOfInc><ns2:DeductSection>194A</ns2:DeductSection><ns2:AmtOfInc>3927</ns2:AmtOfInc></ns2:IncomeDtl></ns2:IncomeDtls></ns2:Part1><ns2:Part1><ns2:Basicdtls><ns2:AssesseeName>PALLASSANA S NARAYANAN</ns2:AssesseeName><ns2:AssesseePAN>AABPN0539Q</ns2:AssesseePAN><ns2:AssesseeDOB>1940-07-05</ns2:AssesseeDOB><ns2:PreviousYr>2019</ns2:PreviousYr><ns2:FlatDoorNo>PALAKKAD</ns2:FlatDoorNo><ns2:LocalityOrArea>PALAKKAD</ns2:LocalityOrArea><ns2:CityOrTownOrDistrict>PALAKKAD</ns2:CityOrTownOrDistrict><ns2:StateCode>99</ns2:StateCode><ns2:PinCode>678011</ns2:PinCode><ns2:EmailAddress>NULL@EMAIL.COM</ns2:EmailAddress><ns2:MobileNo>9876543210</ns2:MobileNo><ns2:TaxAssessedFlag>N</ns2:TaxAssessedFlag><ns2:EstimatedInc>1</ns2:EstimatedInc><ns2:EstimatedTotalIncPrvYr>50000</ns2:EstimatedTotalIncPrvYr><ns2:TotalNoOfForm15H>0</ns2:TotalNoOfForm15H><ns2:AggregateAmtForm15H>0</ns2:AggregateAmtForm15H><ns2:UniqueIdNumber>H000191390201920CHNC01288A</ns2:UniqueIdNumber><ns2:DeclarationDate>2019-05-10</ns2:DeclarationDate><ns2:AmtOfIncPaid>1</ns2:AmtOfIncPaid><ns2:DateIncPaid>2019-05-10</ns2:DateIncPaid></ns2:Basicdtls><ns2:IncomeDtls><ns2:IncomeDtl><ns2:SrlNo>24</ns2:SrlNo><ns2:IdenficationNum>2000881597</ns2:IdenficationNum><ns2:NatureOfInc>INTEREST INCOME</ns2:NatureOfInc><ns2:DeductSection>194A</ns2:DeductSection><ns2:AmtOfInc>1</ns2:AmtOfInc></ns2:IncomeDtl></ns2:IncomeDtls></ns2:Part1><ns2:Part1><ns2:Basicdtls><ns2:AssesseeName>T.T.REMA DEVI</ns2:AssesseeName><ns2:AssesseePAN>AOBPR0025F</ns2:AssesseePAN><ns2:AssesseeDOB>1953-04-20</ns2:AssesseeDOB><ns2:PreviousYr>2019</ns2:PreviousYr><ns2:FlatDoorNo>PALAKKAD</ns2:FlatDoorNo><ns2:LocalityOrArea>PALAKKAD</ns2:LocalityOrArea><ns2:CityOrTownOrDistrict>PALAKKAD</ns2:CityOrTownOrDistrict><ns2:StateCode>99</ns2:StateCode><ns2:PinCode>678011</ns2:PinCode><ns2:EmailAddress>NULL@EMAIL.COM</ns2:EmailAddress><ns2:MobileNo>4912577623</ns2:MobileNo><ns2:TaxAssessedFlag>N</ns2:TaxAssessedFlag><ns2:EstimatedInc>1</ns2:EstimatedInc><ns2:EstimatedTotalIncPrvYr>10000</ns2:EstimatedTotalIncPrvYr><ns2:TotalNoOfForm15H>0</ns2:TotalNoOfForm15H><ns2:AggregateAmtForm15H>0</ns2:AggregateAmtForm15H><ns2:UniqueIdNumber>H000198927201920CHNC01288A</ns2:UniqueIdNumber><ns2:DeclarationDate>2019-11-14</ns2:DeclarationDate><ns2:AmtOfIncPaid>1</ns2:AmtOfIncPaid><ns2:DateIncPaid>2019-11-14</ns2:DateIncPaid></ns2:Basicdtls><ns2:IncomeDtls><ns2:IncomeDtl><ns2:SrlNo>25</ns2:SrlNo><ns2:IdenficationNum>2000877968</ns2:IdenficationNum><ns2:NatureOfInc>INTEREST INCOME</ns2:NatureOfInc><ns2:DeductSection>194A</ns2:DeductSection><ns2:AmtOfInc>1</ns2:AmtOfInc></ns2:IncomeDtl></ns2:IncomeDtls></ns2:Part1><ns2:Part1><ns2:Basicdtls><ns2:AssesseeName>S USHA ALIAS SUBRAMANI USHA</ns2:AssesseeName><ns2:AssesseePAN>AAGPU9519E</ns2:AssesseePAN><ns2:AssesseeDOB>1955-05-31</ns2:AssesseeDOB><ns2:PreviousYr>2019</ns2:PreviousYr><ns2:FlatDoorNo>PALAKKAD</ns2:FlatDoorNo><ns2:LocalityOrArea>PALAKKAD</ns2:LocalityOrArea><ns2:CityOrTownOrDistrict>PALAKKAD</ns2:CityOrTownOrDistrict><ns2:StateCode>99</ns2:StateCode><ns2:PinCode>678011</ns2:PinCode><ns2:EmailAddress>NULL@EMAIL.COM</ns2:EmailAddress><ns2:MobileNo>9497630492</ns2:MobileNo><ns2:TaxAssessedFlag>N</ns2:TaxAssessedFlag><ns2:EstimatedInc>1</ns2:EstimatedInc><ns2:EstimatedTotalIncPrvYr>10000</ns2:EstimatedTotalIncPrvYr><ns2:TotalNoOfForm15H>0</ns2:TotalNoOfForm15H><ns2:AggregateAmtForm15H>0</ns2:AggregateAmtForm15H><ns2:UniqueIdNumber>H000202364201920CHNC01288A</ns2:UniqueIdNumber><ns2:DeclarationDate>2019-04-12</ns2:DeclarationDate><ns2:AmtOfIncPaid>1</ns2:AmtOfIncPaid><ns2:DateIncPaid>2019-04-12</ns2:DateIncPaid></ns2:Basicdtls><ns2:IncomeDtls><ns2:IncomeDtl><ns2:SrlNo>26</ns2:SrlNo><ns2:IdenficationNum>2000882241</ns2:IdenficationNum><ns2:NatureOfInc>INTEREST INCOME</ns2:NatureOfInc><ns2:DeductSection>194A</ns2:DeductSection><ns2:AmtOfInc>1</ns2:AmtOfInc></ns2:IncomeDtl></ns2:IncomeDtls></ns2:Part1><ns2:Part1><ns2:Basicdtls><ns2:AssesseeName>RAJAKRISHNAN T</ns2:AssesseeName><ns2:AssesseePAN>CGBPR4205H</ns2:AssesseePAN><ns2:AssesseeDOB>1952-04-11</ns2:AssesseeDOB><ns2:PreviousYr>2019</ns2:PreviousYr><ns2:FlatDoorNo>PALAKKAD</ns2:FlatDoorNo><ns2:LocalityOrArea>PALAKKAD</ns2:LocalityOrArea><ns2:CityOrTownOrDistrict>PALAKKAD</ns2:CityOrTownOrDistrict><ns2:StateCode>99</ns2:StateCode><ns2:PinCode>678005</ns2:PinCode><ns2:EmailAddress>NULL@EMAIL.COM</ns2:EmailAddress><ns2:MobileNo>9655245130</ns2:MobileNo><ns2:TaxAssessedFlag>N</ns2:TaxAssessedFlag><ns2:EstimatedInc>11700</ns2:EstimatedInc><ns2:EstimatedTotalIncPrvYr>21700</ns2:EstimatedTotalIncPrvYr><ns2:TotalNoOfForm15H>0</ns2:TotalNoOfForm15H><ns2:AggregateAmtForm15H>0</ns2:AggregateAmtForm15H><ns2:UniqueIdNumber>H000205657201920CHNC01288A</ns2:UniqueIdNumber><ns2:DeclarationDate>2019-12-24</ns2:DeclarationDate><ns2:AmtOfIncPaid>11700</ns2:AmtOfIncPaid><ns2:DateIncPaid>2019-12-24</ns2:DateIncPaid></ns2:Basicdtls><ns2:IncomeDtls><ns2:IncomeDtl><ns2:SrlNo>27</ns2:SrlNo><ns2:IdenficationNum>530401040429875</ns2:IdenficationNum><ns2:NatureOfInc>INTEREST INCOME</ns2:NatureOfInc><ns2:DeductSection>194A</ns2:DeductSection><ns2:AmtOfInc>11700</ns2:AmtOfInc></ns2:IncomeDtl></ns2:IncomeDtls></ns2:Part1><ns2:Part1><ns2:Basicdtls><ns2:AssesseeName>ANNAPOORNI V S</ns2:AssesseeName><ns2:AssesseePAN>FYBPS7863H</ns2:AssesseePAN><ns2:AssesseeDOB>1939-06-14</ns2:AssesseeDOB><ns2:PreviousYr>2019</ns2:PreviousYr><ns2:FlatDoorNo>PALAKKAD</ns2:FlatDoorNo><ns2:LocalityOrArea>PALAKKAD</ns2:LocalityOrArea><ns2:CityOrTownOrDistrict>PALAKKAD</ns2:CityOrTownOrDistrict><ns2:StateCode>99</ns2:StateCode><ns2:PinCode>678005</ns2:PinCode><ns2:EmailAddress>NULL@EMAIL.COM</ns2:EmailAddress><ns2:MobileNo>9995142994</ns2:MobileNo><ns2:TaxAssessedFlag>N</ns2:TaxAssessedFlag><ns2:EstimatedInc>10563</ns2:EstimatedInc><ns2:EstimatedTotalIncPrvYr>20563</ns2:EstimatedTotalIncPrvYr><ns2:TotalNoOfForm15H>0</ns2:TotalNoOfForm15H><ns2:AggregateAmtForm15H>0</ns2:AggregateAmtForm15H><ns2:UniqueIdNumber>H000198191201920CHNC01288A</ns2:UniqueIdNumber><ns2:DeclarationDate>2019-11-11</ns2:DeclarationDate><ns2:AmtOfIncPaid>10563</ns2:AmtOfIncPaid><ns2:DateIncPaid>2019-11-11</ns2:DateIncPaid></ns2:Basicdtls><ns2:IncomeDtls><ns2:IncomeDtl><ns2:SrlNo>28</ns2:SrlNo><ns2:IdenficationNum>530101344334832</ns2:IdenficationNum><ns2:NatureOfInc>INTEREST INCOME</ns2:NatureOfInc><ns2:DeductSection>194A</ns2:DeductSection><ns2:AmtOfInc>24702</ns2:AmtOfInc></ns2:IncomeDtl><ns2:IncomeDtl><ns2:SrlNo>29</ns2:SrlNo><ns2:IdenficationNum>530101346541603</ns2:IdenficationNum><ns2:NatureOfInc>INTEREST INCOME</ns2:NatureOfInc><ns2:DeductSection>194A</ns2:DeductSection><ns2:AmtOfInc>4705</ns2:AmtOfInc></ns2:IncomeDtl><ns2:IncomeDtl><ns2:SrlNo>30</ns2:SrlNo><ns2:IdenficationNum>530101344585719</ns2:IdenficationNum><ns2:NatureOfInc>INTEREST INCOME</ns2:NatureOfInc><ns2:DeductSection>194A</ns2:DeductSection><ns2:AmtOfInc>28233</ns2:AmtOfInc></ns2:IncomeDtl></ns2:IncomeDtls></ns2:Part1><ns2:Part1><ns2:Basicdtls><ns2:AssesseeName>MAHALAKSHMI VENKATRAMAN</ns2:AssesseeName><ns2:AssesseePAN>AEWPV1893E</ns2:AssesseePAN><ns2:AssesseeDOB>1957-05-31</ns2:AssesseeDOB><ns2:PreviousYr>2019</ns2:PreviousYr><ns2:FlatDoorNo>PALAKKAD</ns2:FlatDoorNo><ns2:LocalityOrArea>PALAKKAD</ns2:LocalityOrArea><ns2:CityOrTownOrDistrict>PALAKKAD</ns2:CityOrTownOrDistrict><ns2:StateCode>99</ns2:StateCode><ns2:PinCode>678011</ns2:PinCode><ns2:EmailAddress>NULL@EMAIL.COM</ns2:EmailAddress><ns2:MobileNo>9446534980</ns2:MobileNo><ns2:TaxAssessedFlag>N</ns2:TaxAssessedFlag><ns2:EstimatedInc>1</ns2:EstimatedInc><ns2:EstimatedTotalIncPrvYr>10000</ns2:EstimatedTotalIncPrvYr><ns2:TotalNoOfForm15H>0</ns2:TotalNoOfForm15H><ns2:AggregateAmtForm15H>0</ns2:AggregateAmtForm15H><ns2:UniqueIdNumber>H000197788201920CHNC01288A</ns2:UniqueIdNumber><ns2:DeclarationDate>2019-07-11</ns2:DeclarationDate><ns2:AmtOfIncPaid>1</ns2:AmtOfIncPaid><ns2:DateIncPaid>2019-07-11</ns2:DateIncPaid></ns2:Basicdtls><ns2:IncomeDtls><ns2:IncomeDtl><ns2:SrlNo>31</ns2:SrlNo><ns2:IdenficationNum>2000879285</ns2:IdenficationNum><ns2:NatureOfInc>INTEREST INCOME</ns2:NatureOfInc><ns2:DeductSection>194A</ns2:DeductSection><ns2:AmtOfInc>1</ns2:AmtOfInc></ns2:IncomeDtl></ns2:IncomeDtls></ns2:Part1><ns2:Part1><ns2:Basicdtls><ns2:AssesseeName>R LALITHA</ns2:AssesseeName><ns2:AssesseePAN>AFPPL3152A</ns2:AssesseePAN><ns2:AssesseeDOB>1941-02-07</ns2:AssesseeDOB><ns2:PreviousYr>2019</ns2:PreviousYr><ns2:FlatDoorNo>PALAKKAD</ns2:FlatDoorNo><ns2:LocalityOrArea>PALAKKAD</ns2:LocalityOrArea><ns2:CityOrTownOrDistrict>PALAKKAD</ns2:CityOrTownOrDistrict><ns2:StateCode>99</ns2:StateCode><ns2:PinCode>555999</ns2:PinCode><ns2:EmailAddress>NULL@EMAIL.COM</ns2:EmailAddress><ns2:MobileNo>9876543210</ns2:MobileNo><ns2:TaxAssessedFlag>N</ns2:TaxAssessedFlag><ns2:EstimatedInc>6620</ns2:EstimatedInc><ns2:EstimatedTotalIncPrvYr>16620</ns2:EstimatedTotalIncPrvYr><ns2:TotalNoOfForm15H>0</ns2:TotalNoOfForm15H><ns2:AggregateAmtForm15H>0</ns2:AggregateAmtForm15H><ns2:UniqueIdNumber>H000198165201920CHNC01288A</ns2:UniqueIdNumber><ns2:DeclarationDate>2019-11-11</ns2:DeclarationDate><ns2:AmtOfIncPaid>6620</ns2:AmtOfIncPaid><ns2:DateIncPaid>2019-11-11</ns2:DateIncPaid></ns2:Basicdtls><ns2:IncomeDtls><ns2:IncomeDtl><ns2:SrlNo>32</ns2:SrlNo><ns2:IdenficationNum>530401001091426</ns2:IdenficationNum><ns2:NatureOfInc>INTEREST INCOME</ns2:NatureOfInc><ns2:DeductSection>194A</ns2:DeductSection><ns2:AmtOfInc>6620</ns2:AmtOfInc></ns2:IncomeDtl></ns2:IncomeDtls></ns2:Part1><ns2:Part1><ns2:Basicdtls><ns2:AssesseeName>P. NARAYANAN</ns2:AssesseeName><ns2:AssesseePAN>BXDPP9898N</ns2:AssesseePAN><ns2:AssesseeDOB>1936-07-17</ns2:AssesseeDOB><ns2:PreviousYr>2019</ns2:PreviousYr><ns2:FlatDoorNo>PALAKKAD</ns2:FlatDoorNo><ns2:LocalityOrArea>PALAKKAD</ns2:LocalityOrArea><ns2:CityOrTownOrDistrict>PALAKKAD</ns2:CityOrTownOrDistrict><ns2:StateCode>99</ns2:StateCode><ns2:PinCode>678005</ns2:PinCode><ns2:EmailAddress>NULL@EMAIL.COM</ns2:EmailAddress><ns2:MobileNo>8606963317</ns2:MobileNo><ns2:TaxAssessedFlag>N</ns2:TaxAssessedFlag><ns2:EstimatedInc>1</ns2:EstimatedInc><ns2:EstimatedTotalIncPrvYr>1000</ns2:EstimatedTotalIncPrvYr><ns2:TotalNoOfForm15H>0</ns2:TotalNoOfForm15H><ns2:AggregateAmtForm15H>0</ns2:AggregateAmtForm15H><ns2:UniqueIdNumber>H000205792201920CHNC01288A</ns2:UniqueIdNumber><ns2:DeclarationDate>2019-12-26</ns2:DeclarationDate><ns2:AmtOfIncPaid>1</ns2:AmtOfIncPaid><ns2:DateIncPaid>2019-12-26</ns2:DateIncPaid></ns2:Basicdtls><ns2:IncomeDtls><ns2:IncomeDtl><ns2:SrlNo>33</ns2:SrlNo><ns2:IdenficationNum>530401040456154</ns2:IdenficationNum><ns2:NatureOfInc>INTEREST INCOME</ns2:NatureOfInc><ns2:DeductSection>194A</ns2:DeductSection><ns2:AmtOfInc>1905</ns2:AmtOfInc></ns2:IncomeDtl><ns2:IncomeDtl><ns2:SrlNo>34</ns2:SrlNo><ns2:IdenficationNum>530401040456178</ns2:IdenficationNum><ns2:NatureOfInc>INTEREST INCOME</ns2:NatureOfInc><ns2:DeductSection>194A</ns2:DeductSection><ns2:AmtOfInc>1905</ns2:AmtOfInc></ns2:IncomeDtl><ns2:IncomeDtl><ns2:SrlNo>35</ns2:SrlNo><ns2:IdenficationNum>530401040456185</ns2:IdenficationNum><ns2:NatureOfInc>INTEREST INCOME</ns2:NatureOfInc><ns2:DeductSection>194A</ns2:DeductSection><ns2:AmtOfInc>280</ns2:AmtOfInc></ns2:IncomeDtl><ns2:IncomeDtl><ns2:SrlNo>36</ns2:SrlNo><ns2:IdenficationNum>530401040456161</ns2:IdenficationNum><ns2:NatureOfInc>INTEREST INCOME</ns2:NatureOfInc><ns2:DeductSection>194A</ns2:DeductSection><ns2:AmtOfInc>1905</ns2:AmtOfInc></ns2:IncomeDtl></ns2:IncomeDtls></ns2:Part1></ns2:Part1Dtls></ns2:Form15HDtls></ns2:FORM15H>