<?xml version="1.0" standalone="yes"?>
<DocumentElement>
  <ResponsiblePerson>
    <BRANCHCODE>01526</BRANCHCODE>
    <TAN>CHEI04994D</TAN>
    <PERSONNAME>K.Krishnakumar</PERSONNAME>
    <FATHERNAME />
    <DESIGNATION>Manager</DESIGNATION>
  </ResponsiblePerson>
  <ResponsiblePerson>
    <BRANCHCODE>01887</BRANCHCODE>
    <TAN>CHEI06527D</TAN>
    <PERSONNAME>N.RAMMOHAN</PERSONNAME>
    <FATHERNAME />
    <DESIGNATION>Chief Manager (BM)</DESIGNATION>
  </ResponsiblePerson>
  <ResponsiblePerson>
    <BRANCHCODE>01989</BRANCHCODE>
    <TAN>CHEI06793D</TAN>
    <PERSONNAME>M.MATHIMARAN</PERSONNAME>
    <FATHERNAME />
    <DESIGNATION>CHIEF MANAGER(BM)</DESIGNATION>
  </ResponsiblePerson>
  <ResponsiblePerson>
    <BRANCHCODE>09632</BRANCHCODE>
    <TAN>CHEI07290D</TAN>
    <PERSONNAME>Ramesh V</PERSONNAME>
    <FATHERNAME>R Venkatesa Tawker</FATHERNAME>
    <DESIGNATION>Manager</DESIGNATION>
  </ResponsiblePerson>
</DocumentElement>