<?xml version="1.0" encoding="UTF-8" standalone="yes"?><ns2:FORM15H xmlns="http://incometaxindiaefiling.gov.in/common" xmlns:ns2="http://incometaxindiaefiling.gov.in/FORM15H"><ns2:FormCreationInfo><CreationInfo><SWVersionNo>11.8.2.0</SWVersionNo><SWCreatedBy>Relyon Softech Ltd</SWCreatedBy><XMLCreatedBy>SaralTDSWeb</XMLCreatedBy><XMLCreationDate>2020-01-06</XMLCreationDate></CreationInfo><Form_Details><FormName>FORM15H</FormName><AssessmentYear>2020</AssessmentYear><SchemaVer>V1.0</SchemaVer><FormVer>1.0</FormVer></Form_Details></ns2:FormCreationInfo><ns2:Form15HDtls><ns2:TAN>CHNC03838C</ns2:TAN><ns2:Quarter>Q3</ns2:Quarter><ns2:FinancialYr>2019</ns2:FinancialYr><ns2:FilingType>O</ns2:FilingType><ns2:Part1Dtls><ns2:Part1><ns2:Basicdtls><ns2:AssesseeName>ANNIE JOSEPH ALIAS ANNIAMMA VARGHESE</ns2:AssesseeName><ns2:AssesseePAN>ABOPV9549C</ns2:AssesseePAN><ns2:AssesseeDOB>1957-10-25</ns2:AssesseeDOB><ns2:PreviousYr>2019</ns2:PreviousYr><ns2:FlatDoorNo>ERNAKULAM</ns2:FlatDoorNo><ns2:LocalityOrArea>ERNAKULAM</ns2:LocalityOrArea><ns2:CityOrTownOrDistrict>ERNAKULAM</ns2:CityOrTownOrDistrict><ns2:StateCode>99</ns2:StateCode><ns2:PinCode>682305</ns2:PinCode><ns2:EmailAddress>NULL@EMAIL.COM</ns2:EmailAddress><ns2:MobileNo>9895432698</ns2:MobileNo><ns2:TaxAssessedFlag>N</ns2:TaxAssessedFlag><ns2:EstimatedInc>26880</ns2:EstimatedInc><ns2:EstimatedTotalIncPrvYr>150000</ns2:EstimatedTotalIncPrvYr><ns2:TotalNoOfForm15H>0</ns2:TotalNoOfForm15H><ns2:AggregateAmtForm15H>0</ns2:AggregateAmtForm15H><ns2:UniqueIdNumber>H000199730201920CHNC03838C</ns2:UniqueIdNumber><ns2:DeclarationDate>2019-11-19</ns2:DeclarationDate><ns2:AmtOfIncPaid>26880</ns2:AmtOfIncPaid><ns2:DateIncPaid>2019-11-19</ns2:DateIncPaid></ns2:Basicdtls><ns2:IncomeDtls><ns2:IncomeDtl><ns2:SrlNo>1</ns2:SrlNo><ns2:IdenficationNum>530401039879858</ns2:IdenficationNum><ns2:NatureOfInc>INTEREST INCOME</ns2:NatureOfInc><ns2:DeductSection>194A</ns2:DeductSection><ns2:AmtOfInc>26880</ns2:AmtOfInc></ns2:IncomeDtl></ns2:IncomeDtls></ns2:Part1><ns2:Part1><ns2:Basicdtls><ns2:AssesseeName>BENNY M P</ns2:AssesseeName><ns2:AssesseePAN>ADOPB9509J</ns2:AssesseePAN><ns2:AssesseeDOB>1953-03-11</ns2:AssesseeDOB><ns2:PreviousYr>2019</ns2:PreviousYr><ns2:FlatDoorNo>ERNAKULAM</ns2:FlatDoorNo><ns2:LocalityOrArea>ERNAKULAM</ns2:LocalityOrArea><ns2:CityOrTownOrDistrict>ERNAKULAM</ns2:CityOrTownOrDistrict><ns2:StateCode>99</ns2:StateCode><ns2:PinCode>682305</ns2:PinCode><ns2:EmailAddress>NULL@EMAIL.COM</ns2:EmailAddress><ns2:MobileNo>8129598630</ns2:MobileNo><ns2:TaxAssessedFlag>N</ns2:TaxAssessedFlag><ns2:EstimatedInc>1</ns2:EstimatedInc><ns2:EstimatedTotalIncPrvYr>200000</ns2:EstimatedTotalIncPrvYr><ns2:TotalNoOfForm15H>0</ns2:TotalNoOfForm15H><ns2:AggregateAmtForm15H>0</ns2:AggregateAmtForm15H><ns2:UniqueIdNumber>H000200375201920CHNC03838C</ns2:UniqueIdNumber><ns2:DeclarationDate>2019-11-21</ns2:DeclarationDate><ns2:AmtOfIncPaid>1</ns2:AmtOfIncPaid><ns2:DateIncPaid>2019-11-21</ns2:DateIncPaid></ns2:Basicdtls><ns2:IncomeDtls><ns2:IncomeDtl><ns2:SrlNo>2</ns2:SrlNo><ns2:IdenficationNum>2000154281</ns2:IdenficationNum><ns2:NatureOfInc>INTEREST INCOME</ns2:NatureOfInc><ns2:DeductSection>194A</ns2:DeductSection><ns2:AmtOfInc>1</ns2:AmtOfInc></ns2:IncomeDtl></ns2:IncomeDtls></ns2:Part1><ns2:Part1><ns2:Basicdtls><ns2:AssesseeName>V MAHADEVAN</ns2:AssesseeName><ns2:AssesseePAN>BLGPM3383Q</ns2:AssesseePAN><ns2:AssesseeDOB>1937-08-20</ns2:AssesseeDOB><ns2:PreviousYr>2019</ns2:PreviousYr><ns2:FlatDoorNo>ERNAKULAM</ns2:FlatDoorNo><ns2:LocalityOrArea>ERNAKULAM</ns2:LocalityOrArea><ns2:CityOrTownOrDistrict>ERNAKULAM</ns2:CityOrTownOrDistrict><ns2:StateCode>99</ns2:StateCode><ns2:PinCode>682301</ns2:PinCode><ns2:EmailAddress>NULL@EMAIL.COM</ns2:EmailAddress><ns2:MobileNo>9999999992</ns2:MobileNo><ns2:TaxAssessedFlag>N</ns2:TaxAssessedFlag><ns2:EstimatedInc>9001</ns2:EstimatedInc><ns2:EstimatedTotalIncPrvYr>100000</ns2:EstimatedTotalIncPrvYr><ns2:TotalNoOfForm15H>0</ns2:TotalNoOfForm15H><ns2:AggregateAmtForm15H>0</ns2:AggregateAmtForm15H><ns2:UniqueIdNumber>H000195805201920CHNC03838C</ns2:UniqueIdNumber><ns2:DeclarationDate>2019-10-28</ns2:DeclarationDate><ns2:AmtOfIncPaid>9001</ns2:AmtOfIncPaid><ns2:DateIncPaid>2019-10-28</ns2:DateIncPaid></ns2:Basicdtls><ns2:IncomeDtls><ns2:IncomeDtl><ns2:SrlNo>3</ns2:SrlNo><ns2:IdenficationNum>2000015434</ns2:IdenficationNum><ns2:NatureOfInc>INTEREST INCOME</ns2:NatureOfInc><ns2:DeductSection>194A</ns2:DeductSection><ns2:AmtOfInc>9001</ns2:AmtOfInc></ns2:IncomeDtl></ns2:IncomeDtls></ns2:Part1><ns2:Part1><ns2:Basicdtls><ns2:AssesseeName>PRASANNA VARMA</ns2:AssesseeName><ns2:AssesseePAN>AJWPV3684N</ns2:AssesseePAN><ns2:AssesseeDOB>1959-04-04</ns2:AssesseeDOB><ns2:PreviousYr>2019</ns2:PreviousYr><ns2:FlatDoorNo>ERNAKULAM</ns2:FlatDoorNo><ns2:LocalityOrArea>ERNAKULAM</ns2:LocalityOrArea><ns2:CityOrTownOrDistrict>ERNAKULAM</ns2:CityOrTownOrDistrict><ns2:StateCode>99</ns2:StateCode><ns2:PinCode>682301</ns2:PinCode><ns2:EmailAddress>NULL@EMAIL.COM</ns2:EmailAddress><ns2:MobileNo>9895176314</ns2:MobileNo><ns2:TaxAssessedFlag>N</ns2:TaxAssessedFlag><ns2:EstimatedInc>10894</ns2:EstimatedInc><ns2:EstimatedTotalIncPrvYr>220000</ns2:EstimatedTotalIncPrvYr><ns2:TotalNoOfForm15H>0</ns2:TotalNoOfForm15H><ns2:AggregateAmtForm15H>0</ns2:AggregateAmtForm15H><ns2:UniqueIdNumber>H000204135201920CHNC03838C</ns2:UniqueIdNumber><ns2:DeclarationDate>2019-12-13</ns2:DeclarationDate><ns2:AmtOfIncPaid>10894</ns2:AmtOfIncPaid><ns2:DateIncPaid>2019-12-13</ns2:DateIncPaid></ns2:Basicdtls><ns2:IncomeDtls><ns2:IncomeDtl><ns2:SrlNo>4</ns2:SrlNo><ns2:IdenficationNum>530401040284023</ns2:IdenficationNum><ns2:NatureOfInc>INTEREST INCOME</ns2:NatureOfInc><ns2:DeductSection>194A</ns2:DeductSection><ns2:AmtOfInc>10894</ns2:AmtOfInc></ns2:IncomeDtl></ns2:IncomeDtls></ns2:Part1></ns2:Part1Dtls></ns2:Form15HDtls></ns2:FORM15H>