<?xml version="1.0" encoding="UTF-8" standalone="yes"?><ns2:FORM15H xmlns="http://incometaxindiaefiling.gov.in/common" xmlns:ns2="http://incometaxindiaefiling.gov.in/FORM15H"><ns2:FormCreationInfo><CreationInfo><SWVersionNo>11.8.2.0</SWVersionNo><SWCreatedBy>Relyon Softech Ltd</SWCreatedBy><XMLCreatedBy>SaralTDSWeb</XMLCreatedBy><XMLCreationDate>2020-01-06</XMLCreationDate></CreationInfo><Form_Details><FormName>FORM15H</FormName><AssessmentYear>2020</AssessmentYear><SchemaVer>V1.0</SchemaVer><FormVer>1.0</FormVer></Form_Details></ns2:FormCreationInfo><ns2:Form15HDtls><ns2:TAN>TVDC00653C</ns2:TAN><ns2:Quarter>Q3</ns2:Quarter><ns2:FinancialYr>2019</ns2:FinancialYr><ns2:FilingType>O</ns2:FilingType><ns2:Part1Dtls><ns2:Part1><ns2:Basicdtls><ns2:AssesseeName>N.LEKSHMY AMMAL</ns2:AssesseeName><ns2:AssesseePAN>AASPN3188Q</ns2:AssesseePAN><ns2:AssesseeDOB>1947-03-26</ns2:AssesseeDOB><ns2:PreviousYr>2019</ns2:PreviousYr><ns2:FlatDoorNo>ERNAKULAM</ns2:FlatDoorNo><ns2:LocalityOrArea>ERNAKULAM</ns2:LocalityOrArea><ns2:CityOrTownOrDistrict>ERNAKULAM</ns2:CityOrTownOrDistrict><ns2:StateCode>99</ns2:StateCode><ns2:PinCode>682020</ns2:PinCode><ns2:EmailAddress>NULL@EMAIL.COM</ns2:EmailAddress><ns2:MobileNo>9876543210</ns2:MobileNo><ns2:TaxAssessedFlag>N</ns2:TaxAssessedFlag><ns2:EstimatedInc>10677</ns2:EstimatedInc><ns2:EstimatedTotalIncPrvYr>10677</ns2:EstimatedTotalIncPrvYr><ns2:TotalNoOfForm15H>0</ns2:TotalNoOfForm15H><ns2:AggregateAmtForm15H>0</ns2:AggregateAmtForm15H><ns2:UniqueIdNumber>H000204255201920TVDC00653C</ns2:UniqueIdNumber><ns2:DeclarationDate>2019-12-16</ns2:DeclarationDate><ns2:AmtOfIncPaid>10677</ns2:AmtOfIncPaid><ns2:DateIncPaid>2019-12-16</ns2:DateIncPaid></ns2:Basicdtls><ns2:IncomeDtls><ns2:IncomeDtl><ns2:SrlNo>1</ns2:SrlNo><ns2:IdenficationNum>530401033837571</ns2:IdenficationNum><ns2:NatureOfInc>INTEREST INCOME</ns2:NatureOfInc><ns2:DeductSection>194A</ns2:DeductSection><ns2:AmtOfInc>10677</ns2:AmtOfInc></ns2:IncomeDtl></ns2:IncomeDtls></ns2:Part1><ns2:Part1><ns2:Basicdtls><ns2:AssesseeName>K.VIJAYALAKSHMI</ns2:AssesseeName><ns2:AssesseePAN>AKOPK5933A</ns2:AssesseePAN><ns2:AssesseeDOB>1948-05-15</ns2:AssesseeDOB><ns2:PreviousYr>2019</ns2:PreviousYr><ns2:FlatDoorNo>ERNAKULAM</ns2:FlatDoorNo><ns2:LocalityOrArea>ERNAKULAM</ns2:LocalityOrArea><ns2:CityOrTownOrDistrict>ERNAKULAM</ns2:CityOrTownOrDistrict><ns2:StateCode>99</ns2:StateCode><ns2:PinCode>682036</ns2:PinCode><ns2:EmailAddress>NULL@EMAIL.COM</ns2:EmailAddress><ns2:MobileNo>9846963662</ns2:MobileNo><ns2:TaxAssessedFlag>N</ns2:TaxAssessedFlag><ns2:EstimatedInc>11924</ns2:EstimatedInc><ns2:EstimatedTotalIncPrvYr>11924</ns2:EstimatedTotalIncPrvYr><ns2:TotalNoOfForm15H>0</ns2:TotalNoOfForm15H><ns2:AggregateAmtForm15H>0</ns2:AggregateAmtForm15H><ns2:UniqueIdNumber>H000199743201920TVDC00653C</ns2:UniqueIdNumber><ns2:DeclarationDate>2019-11-19</ns2:DeclarationDate><ns2:AmtOfIncPaid>11924</ns2:AmtOfIncPaid><ns2:DateIncPaid>2019-11-19</ns2:DateIncPaid></ns2:Basicdtls><ns2:IncomeDtls><ns2:IncomeDtl><ns2:SrlNo>2</ns2:SrlNo><ns2:IdenficationNum>530101346591361</ns2:IdenficationNum><ns2:NatureOfInc>INTEREST INCOME</ns2:NatureOfInc><ns2:DeductSection>194A</ns2:DeductSection><ns2:AmtOfInc>1775</ns2:AmtOfInc></ns2:IncomeDtl></ns2:IncomeDtls></ns2:Part1><ns2:Part1><ns2:Basicdtls><ns2:AssesseeName>P M SUBRAMANIAM</ns2:AssesseeName><ns2:AssesseePAN>BHWPS6280G</ns2:AssesseePAN><ns2:AssesseeDOB>1936-07-03</ns2:AssesseeDOB><ns2:PreviousYr>2019</ns2:PreviousYr><ns2:FlatDoorNo>ERNAKULAM</ns2:FlatDoorNo><ns2:LocalityOrArea>ERNAKULAM</ns2:LocalityOrArea><ns2:CityOrTownOrDistrict>ERNAKULAM</ns2:CityOrTownOrDistrict><ns2:StateCode>99</ns2:StateCode><ns2:PinCode>682016</ns2:PinCode><ns2:EmailAddress>NULL@EMAIL.COM</ns2:EmailAddress><ns2:MobileNo>9895533101</ns2:MobileNo><ns2:TaxAssessedFlag>N</ns2:TaxAssessedFlag><ns2:EstimatedInc>48904</ns2:EstimatedInc><ns2:EstimatedTotalIncPrvYr>48904</ns2:EstimatedTotalIncPrvYr><ns2:TotalNoOfForm15H>0</ns2:TotalNoOfForm15H><ns2:AggregateAmtForm15H>0</ns2:AggregateAmtForm15H><ns2:UniqueIdNumber>H000190203201920TVDC00653C</ns2:UniqueIdNumber><ns2:DeclarationDate>2019-01-10</ns2:DeclarationDate><ns2:AmtOfIncPaid>48904</ns2:AmtOfIncPaid><ns2:DateIncPaid>2019-01-10</ns2:DateIncPaid></ns2:Basicdtls><ns2:IncomeDtls><ns2:IncomeDtl><ns2:SrlNo>3</ns2:SrlNo><ns2:IdenficationNum>530401002000793</ns2:IdenficationNum><ns2:NatureOfInc>INTEREST INCOME</ns2:NatureOfInc><ns2:DeductSection>194A</ns2:DeductSection><ns2:AmtOfInc>2355</ns2:AmtOfInc></ns2:IncomeDtl><ns2:IncomeDtl><ns2:SrlNo>4</ns2:SrlNo><ns2:IdenficationNum>530401001989139</ns2:IdenficationNum><ns2:NatureOfInc>INTEREST INCOME</ns2:NatureOfInc><ns2:DeductSection>194A</ns2:DeductSection><ns2:AmtOfInc>7660</ns2:AmtOfInc></ns2:IncomeDtl><ns2:IncomeDtl><ns2:SrlNo>5</ns2:SrlNo><ns2:IdenficationNum>530401001988183</ns2:IdenficationNum><ns2:NatureOfInc>INTEREST INCOME</ns2:NatureOfInc><ns2:DeductSection>194A</ns2:DeductSection><ns2:AmtOfInc>1</ns2:AmtOfInc></ns2:IncomeDtl><ns2:IncomeDtl><ns2:SrlNo>6</ns2:SrlNo><ns2:IdenficationNum>530401001988701</ns2:IdenficationNum><ns2:NatureOfInc>INTEREST INCOME</ns2:NatureOfInc><ns2:DeductSection>194A</ns2:DeductSection><ns2:AmtOfInc>1</ns2:AmtOfInc></ns2:IncomeDtl><ns2:IncomeDtl><ns2:SrlNo>7</ns2:SrlNo><ns2:IdenficationNum>530401002001447</ns2:IdenficationNum><ns2:NatureOfInc>INTEREST INCOME</ns2:NatureOfInc><ns2:DeductSection>194A</ns2:DeductSection><ns2:AmtOfInc>6523</ns2:AmtOfInc></ns2:IncomeDtl><ns2:IncomeDtl><ns2:SrlNo>8</ns2:SrlNo><ns2:IdenficationNum>530401001988418</ns2:IdenficationNum><ns2:NatureOfInc>INTEREST INCOME</ns2:NatureOfInc><ns2:DeductSection>194A</ns2:DeductSection><ns2:AmtOfInc>1</ns2:AmtOfInc></ns2:IncomeDtl><ns2:IncomeDtl><ns2:SrlNo>9</ns2:SrlNo><ns2:IdenficationNum>530401001988698</ns2:IdenficationNum><ns2:NatureOfInc>INTEREST INCOME</ns2:NatureOfInc><ns2:DeductSection>194A</ns2:DeductSection><ns2:AmtOfInc>1</ns2:AmtOfInc></ns2:IncomeDtl><ns2:IncomeDtl><ns2:SrlNo>10</ns2:SrlNo><ns2:IdenficationNum>530401002000939</ns2:IdenficationNum><ns2:NatureOfInc>INTEREST INCOME</ns2:NatureOfInc><ns2:DeductSection>194A</ns2:DeductSection><ns2:AmtOfInc>914</ns2:AmtOfInc></ns2:IncomeDtl><ns2:IncomeDtl><ns2:SrlNo>11</ns2:SrlNo><ns2:IdenficationNum>530401002001048</ns2:IdenficationNum><ns2:NatureOfInc>INTEREST INCOME</ns2:NatureOfInc><ns2:DeductSection>194A</ns2:DeductSection><ns2:AmtOfInc>3948</ns2:AmtOfInc></ns2:IncomeDtl><ns2:IncomeDtl><ns2:SrlNo>12</ns2:SrlNo><ns2:IdenficationNum>530401002001439</ns2:IdenficationNum><ns2:NatureOfInc>INTEREST INCOME</ns2:NatureOfInc><ns2:DeductSection>194A</ns2:DeductSection><ns2:AmtOfInc>9196</ns2:AmtOfInc></ns2:IncomeDtl><ns2:IncomeDtl><ns2:SrlNo>13</ns2:SrlNo><ns2:IdenficationNum>530401001987144</ns2:IdenficationNum><ns2:NatureOfInc>INTEREST INCOME</ns2:NatureOfInc><ns2:DeductSection>194A</ns2:DeductSection><ns2:AmtOfInc>1694</ns2:AmtOfInc></ns2:IncomeDtl></ns2:IncomeDtls></ns2:Part1><ns2:Part1><ns2:Basicdtls><ns2:AssesseeName>PRASANNA SHIVADAS</ns2:AssesseeName><ns2:AssesseePAN>CXFPS0457M</ns2:AssesseePAN><ns2:AssesseeDOB>1952-04-22</ns2:AssesseeDOB><ns2:PreviousYr>2019</ns2:PreviousYr><ns2:FlatDoorNo>ERNAKULAM</ns2:FlatDoorNo><ns2:LocalityOrArea>ERNAKULAM</ns2:LocalityOrArea><ns2:CityOrTownOrDistrict>ERNAKULAM</ns2:CityOrTownOrDistrict><ns2:StateCode>99</ns2:StateCode><ns2:PinCode>682016</ns2:PinCode><ns2:EmailAddress>NULL@EMAIL.COM</ns2:EmailAddress><ns2:MobileNo>9387518289</ns2:MobileNo><ns2:TaxAssessedFlag>N</ns2:TaxAssessedFlag><ns2:EstimatedInc>18779</ns2:EstimatedInc><ns2:EstimatedTotalIncPrvYr>18779</ns2:EstimatedTotalIncPrvYr><ns2:TotalNoOfForm15H>0</ns2:TotalNoOfForm15H><ns2:AggregateAmtForm15H>0</ns2:AggregateAmtForm15H><ns2:UniqueIdNumber>H000196691201920TVDC00653C</ns2:UniqueIdNumber><ns2:DeclarationDate>2019-02-11</ns2:DeclarationDate><ns2:AmtOfIncPaid>18779</ns2:AmtOfIncPaid><ns2:DateIncPaid>2019-02-11</ns2:DateIncPaid></ns2:Basicdtls><ns2:IncomeDtls><ns2:IncomeDtl><ns2:SrlNo>14</ns2:SrlNo><ns2:IdenficationNum>530401028745485</ns2:IdenficationNum><ns2:NatureOfInc>INTEREST INCOME</ns2:NatureOfInc><ns2:DeductSection>194A</ns2:DeductSection><ns2:AmtOfInc>5872</ns2:AmtOfInc></ns2:IncomeDtl><ns2:IncomeDtl><ns2:SrlNo>15</ns2:SrlNo><ns2:IdenficationNum>530401035343001</ns2:IdenficationNum><ns2:NatureOfInc>INTEREST INCOME</ns2:NatureOfInc><ns2:DeductSection>194A</ns2:DeductSection><ns2:AmtOfInc>15798</ns2:AmtOfInc></ns2:IncomeDtl><ns2:IncomeDtl><ns2:SrlNo>16</ns2:SrlNo><ns2:IdenficationNum>530401039660395</ns2:IdenficationNum><ns2:NatureOfInc>INTEREST INCOME</ns2:NatureOfInc><ns2:DeductSection>194A</ns2:DeductSection><ns2:AmtOfInc>2981</ns2:AmtOfInc></ns2:IncomeDtl></ns2:IncomeDtls></ns2:Part1></ns2:Part1Dtls></ns2:Form15HDtls></ns2:FORM15H>