<?xml version="1.0" encoding="UTF-8" standalone="yes"?><ns2:FORM15H xmlns="http://incometaxindiaefiling.gov.in/common" xmlns:ns2="http://incometaxindiaefiling.gov.in/FORM15H"><ns2:FormCreationInfo><CreationInfo><SWVersionNo>11.8.2.0</SWVersionNo><SWCreatedBy>Relyon Softech Ltd</SWCreatedBy><XMLCreatedBy>SaralTDSWeb</XMLCreatedBy><XMLCreationDate>2020-01-06</XMLCreationDate></CreationInfo><Form_Details><FormName>FORM15H</FormName><AssessmentYear>2020</AssessmentYear><SchemaVer>V1.0</SchemaVer><FormVer>1.0</FormVer></Form_Details></ns2:FormCreationInfo><ns2:Form15HDtls><ns2:TAN>HYDC01299E</ns2:TAN><ns2:Quarter>Q3</ns2:Quarter><ns2:FinancialYr>2019</ns2:FinancialYr><ns2:FilingType>O</ns2:FilingType><ns2:Part1Dtls><ns2:Part1><ns2:Basicdtls><ns2:AssesseeName>T.SWARNALATA</ns2:AssesseeName><ns2:AssesseePAN>AHKPT1273H</ns2:AssesseePAN><ns2:AssesseeDOB>1954-06-13</ns2:AssesseeDOB><ns2:PreviousYr>2019</ns2:PreviousYr><ns2:FlatDoorNo>HYDERABAD</ns2:FlatDoorNo><ns2:LocalityOrArea>HYDERABAD</ns2:LocalityOrArea><ns2:CityOrTownOrDistrict>HYDERABAD</ns2:CityOrTownOrDistrict><ns2:StateCode>99</ns2:StateCode><ns2:PinCode>500038</ns2:PinCode><ns2:EmailAddress>MADHUGUPTAUS@GMAIL.COM</ns2:EmailAddress><ns2:MobileNo>9440245889</ns2:MobileNo><ns2:TaxAssessedFlag>N</ns2:TaxAssessedFlag><ns2:EstimatedInc>8823</ns2:EstimatedInc><ns2:EstimatedTotalIncPrvYr>150000</ns2:EstimatedTotalIncPrvYr><ns2:TotalNoOfForm15H>0</ns2:TotalNoOfForm15H><ns2:AggregateAmtForm15H>0</ns2:AggregateAmtForm15H><ns2:UniqueIdNumber>H000202428201920HYDC01299E</ns2:UniqueIdNumber><ns2:DeclarationDate>2019-04-12</ns2:DeclarationDate><ns2:AmtOfIncPaid>8823</ns2:AmtOfIncPaid><ns2:DateIncPaid>2019-04-12</ns2:DateIncPaid></ns2:Basicdtls><ns2:IncomeDtls><ns2:IncomeDtl><ns2:SrlNo>1</ns2:SrlNo><ns2:IdenficationNum>530101346683769</ns2:IdenficationNum><ns2:NatureOfInc>INTEREST INCOME</ns2:NatureOfInc><ns2:DeductSection>194A</ns2:DeductSection><ns2:AmtOfInc>8823</ns2:AmtOfInc></ns2:IncomeDtl></ns2:IncomeDtls></ns2:Part1><ns2:Part1><ns2:Basicdtls><ns2:AssesseeName>GURUZADA VIJAYA LAKSHMI</ns2:AssesseeName><ns2:AssesseePAN>BBOPG8346R</ns2:AssesseePAN><ns2:AssesseeDOB>1938-09-28</ns2:AssesseeDOB><ns2:PreviousYr>2019</ns2:PreviousYr><ns2:FlatDoorNo>HYDERABAD</ns2:FlatDoorNo><ns2:LocalityOrArea>HYDERABAD</ns2:LocalityOrArea><ns2:CityOrTownOrDistrict>HYDERABAD</ns2:CityOrTownOrDistrict><ns2:StateCode>99</ns2:StateCode><ns2:PinCode>500038</ns2:PinCode><ns2:EmailAddress>SKGEE2004@YAHOO.CO.IN</ns2:EmailAddress><ns2:MobileNo>9866047445</ns2:MobileNo><ns2:TaxAssessedFlag>Y</ns2:TaxAssessedFlag><ns2:LatestAsstYr>2019</ns2:LatestAsstYr><ns2:EstimatedInc>2426</ns2:EstimatedInc><ns2:EstimatedTotalIncPrvYr>400000</ns2:EstimatedTotalIncPrvYr><ns2:TotalNoOfForm15H>0</ns2:TotalNoOfForm15H><ns2:AggregateAmtForm15H>0</ns2:AggregateAmtForm15H><ns2:UniqueIdNumber>H000204594201920HYDC01299E</ns2:UniqueIdNumber><ns2:DeclarationDate>2019-12-17</ns2:DeclarationDate><ns2:AmtOfIncPaid>2426</ns2:AmtOfIncPaid><ns2:DateIncPaid>2019-12-17</ns2:DateIncPaid></ns2:Basicdtls><ns2:IncomeDtls><ns2:IncomeDtl><ns2:SrlNo>2</ns2:SrlNo><ns2:IdenficationNum>530401040342464</ns2:IdenficationNum><ns2:NatureOfInc>INTEREST INCOME</ns2:NatureOfInc><ns2:DeductSection>194A</ns2:DeductSection><ns2:AmtOfInc>1033</ns2:AmtOfInc></ns2:IncomeDtl><ns2:IncomeDtl><ns2:SrlNo>3</ns2:SrlNo><ns2:IdenficationNum>530401039782875</ns2:IdenficationNum><ns2:NatureOfInc>INTEREST INCOME</ns2:NatureOfInc><ns2:DeductSection>194A</ns2:DeductSection><ns2:AmtOfInc>1393</ns2:AmtOfInc></ns2:IncomeDtl></ns2:IncomeDtls></ns2:Part1><ns2:Part1><ns2:Basicdtls><ns2:AssesseeName>RAMESH DATH DUBEY</ns2:AssesseeName><ns2:AssesseePAN>ABVPD6437C</ns2:AssesseePAN><ns2:AssesseeDOB>1949-10-26</ns2:AssesseeDOB><ns2:PreviousYr>2019</ns2:PreviousYr><ns2:FlatDoorNo>HYDERABAD</ns2:FlatDoorNo><ns2:LocalityOrArea>HYDERABAD</ns2:LocalityOrArea><ns2:CityOrTownOrDistrict>HYDERABAD</ns2:CityOrTownOrDistrict><ns2:StateCode>99</ns2:StateCode><ns2:PinCode>500038</ns2:PinCode><ns2:EmailAddress>GSBV1412002@GMAIL.COM</ns2:EmailAddress><ns2:MobileNo>9704177072</ns2:MobileNo><ns2:TaxAssessedFlag>N</ns2:TaxAssessedFlag><ns2:EstimatedInc>42600</ns2:EstimatedInc><ns2:EstimatedTotalIncPrvYr>149000</ns2:EstimatedTotalIncPrvYr><ns2:TotalNoOfForm15H>0</ns2:TotalNoOfForm15H><ns2:AggregateAmtForm15H>0</ns2:AggregateAmtForm15H><ns2:UniqueIdNumber>H000195663201920HYDC01299E</ns2:UniqueIdNumber><ns2:DeclarationDate>2019-10-28</ns2:DeclarationDate><ns2:AmtOfIncPaid>42600</ns2:AmtOfIncPaid><ns2:DateIncPaid>2019-10-28</ns2:DateIncPaid></ns2:Basicdtls><ns2:IncomeDtls><ns2:IncomeDtl><ns2:SrlNo>4</ns2:SrlNo><ns2:IdenficationNum>530101009151633</ns2:IdenficationNum><ns2:NatureOfInc>INTEREST INCOME</ns2:NatureOfInc><ns2:DeductSection>194A</ns2:DeductSection><ns2:AmtOfInc>5325</ns2:AmtOfInc></ns2:IncomeDtl><ns2:IncomeDtl><ns2:SrlNo>5</ns2:SrlNo><ns2:IdenficationNum>530101009151641</ns2:IdenficationNum><ns2:NatureOfInc>INTEREST INCOME</ns2:NatureOfInc><ns2:DeductSection>194A</ns2:DeductSection><ns2:AmtOfInc>8875</ns2:AmtOfInc></ns2:IncomeDtl></ns2:IncomeDtls></ns2:Part1><ns2:Part1><ns2:Basicdtls><ns2:AssesseeName>ARUNA DEVI DUBEY</ns2:AssesseeName><ns2:AssesseePAN>AVNPD7573P</ns2:AssesseePAN><ns2:AssesseeDOB>1955-09-14</ns2:AssesseeDOB><ns2:PreviousYr>2019</ns2:PreviousYr><ns2:FlatDoorNo>HYDERABAD</ns2:FlatDoorNo><ns2:LocalityOrArea>HYDERABAD</ns2:LocalityOrArea><ns2:CityOrTownOrDistrict>HYDERABAD</ns2:CityOrTownOrDistrict><ns2:StateCode>99</ns2:StateCode><ns2:PinCode>500038</ns2:PinCode><ns2:EmailAddress>DALIPKGUPTA@YAHOO.COM</ns2:EmailAddress><ns2:MobileNo>9876543210</ns2:MobileNo><ns2:TaxAssessedFlag>N</ns2:TaxAssessedFlag><ns2:EstimatedInc>47925</ns2:EstimatedInc><ns2:EstimatedTotalIncPrvYr>120000</ns2:EstimatedTotalIncPrvYr><ns2:TotalNoOfForm15H>0</ns2:TotalNoOfForm15H><ns2:AggregateAmtForm15H>0</ns2:AggregateAmtForm15H><ns2:UniqueIdNumber>H000195662201920HYDC01299E</ns2:UniqueIdNumber><ns2:DeclarationDate>2019-10-28</ns2:DeclarationDate><ns2:AmtOfIncPaid>47925</ns2:AmtOfIncPaid><ns2:DateIncPaid>2019-10-28</ns2:DateIncPaid></ns2:Basicdtls><ns2:IncomeDtls><ns2:IncomeDtl><ns2:SrlNo>6</ns2:SrlNo><ns2:IdenficationNum>530101009363118</ns2:IdenficationNum><ns2:NatureOfInc>INTEREST INCOME</ns2:NatureOfInc><ns2:DeductSection>194A</ns2:DeductSection><ns2:AmtOfInc>15975</ns2:AmtOfInc></ns2:IncomeDtl></ns2:IncomeDtls></ns2:Part1><ns2:Part1><ns2:Basicdtls><ns2:AssesseeName>C PRAFULLA</ns2:AssesseeName><ns2:AssesseePAN>ADCPC7569H</ns2:AssesseePAN><ns2:AssesseeDOB>1947-08-14</ns2:AssesseeDOB><ns2:PreviousYr>2019</ns2:PreviousYr><ns2:FlatDoorNo>HYDERABAD</ns2:FlatDoorNo><ns2:LocalityOrArea>HYDERABAD</ns2:LocalityOrArea><ns2:CityOrTownOrDistrict>HYDERABAD</ns2:CityOrTownOrDistrict><ns2:StateCode>99</ns2:StateCode><ns2:PinCode>500038</ns2:PinCode><ns2:EmailAddress>ABHSRAJ@GMAIL.COM</ns2:EmailAddress><ns2:MobileNo>7661871510</ns2:MobileNo><ns2:TaxAssessedFlag>N</ns2:TaxAssessedFlag><ns2:EstimatedInc>89460</ns2:EstimatedInc><ns2:EstimatedTotalIncPrvYr>150000</ns2:EstimatedTotalIncPrvYr><ns2:TotalNoOfForm15H>0</ns2:TotalNoOfForm15H><ns2:AggregateAmtForm15H>0</ns2:AggregateAmtForm15H><ns2:UniqueIdNumber>H000195849201920HYDC01299E</ns2:UniqueIdNumber><ns2:DeclarationDate>2019-10-29</ns2:DeclarationDate><ns2:AmtOfIncPaid>89460</ns2:AmtOfIncPaid><ns2:DateIncPaid>2019-10-29</ns2:DateIncPaid></ns2:Basicdtls><ns2:IncomeDtls><ns2:IncomeDtl><ns2:SrlNo>7</ns2:SrlNo><ns2:IdenficationNum>530101346344383</ns2:IdenficationNum><ns2:NatureOfInc>INTEREST INCOME</ns2:NatureOfInc><ns2:DeductSection>194A</ns2:DeductSection><ns2:AmtOfInc>89461</ns2:AmtOfInc></ns2:IncomeDtl></ns2:IncomeDtls></ns2:Part1><ns2:Part1><ns2:Basicdtls><ns2:AssesseeName>N VANI KUMARI</ns2:AssesseeName><ns2:AssesseePAN>AJGPN7514F</ns2:AssesseePAN><ns2:AssesseeDOB>1957-12-10</ns2:AssesseeDOB><ns2:PreviousYr>2019</ns2:PreviousYr><ns2:FlatDoorNo>HYDERABAD</ns2:FlatDoorNo><ns2:LocalityOrArea>HYDERABAD</ns2:LocalityOrArea><ns2:CityOrTownOrDistrict>HYDERABAD</ns2:CityOrTownOrDistrict><ns2:StateCode>99</ns2:StateCode><ns2:PinCode>500038</ns2:PinCode><ns2:EmailAddress>SANDEEPKHOKHER@GMAIL.COM</ns2:EmailAddress><ns2:MobileNo>9441797916</ns2:MobileNo><ns2:TaxAssessedFlag>Y</ns2:TaxAssessedFlag><ns2:LatestAsstYr>2019</ns2:LatestAsstYr><ns2:EstimatedInc>22603</ns2:EstimatedInc><ns2:EstimatedTotalIncPrvYr>300000</ns2:EstimatedTotalIncPrvYr><ns2:TotalNoOfForm15H>0</ns2:TotalNoOfForm15H><ns2:AggregateAmtForm15H>0</ns2:AggregateAmtForm15H><ns2:UniqueIdNumber>H000205266201920HYDC01299E</ns2:UniqueIdNumber><ns2:DeclarationDate>2019-12-21</ns2:DeclarationDate><ns2:AmtOfIncPaid>22603</ns2:AmtOfIncPaid><ns2:DateIncPaid>2019-12-21</ns2:DateIncPaid></ns2:Basicdtls><ns2:IncomeDtls><ns2:IncomeDtl><ns2:SrlNo>8</ns2:SrlNo><ns2:IdenficationNum>2018007359</ns2:IdenficationNum><ns2:NatureOfInc>INTEREST INCOME</ns2:NatureOfInc><ns2:DeductSection>194A</ns2:DeductSection><ns2:AmtOfInc>22603</ns2:AmtOfInc></ns2:IncomeDtl></ns2:IncomeDtls></ns2:Part1><ns2:Part1><ns2:Basicdtls><ns2:AssesseeName>VALLURU BHARATHI</ns2:AssesseeName><ns2:AssesseePAN>APIPV7003B</ns2:AssesseePAN><ns2:AssesseeDOB>1954-01-07</ns2:AssesseeDOB><ns2:PreviousYr>2019</ns2:PreviousYr><ns2:FlatDoorNo>HYDERABAD</ns2:FlatDoorNo><ns2:LocalityOrArea>HYDERABAD</ns2:LocalityOrArea><ns2:CityOrTownOrDistrict>HYDERABAD</ns2:CityOrTownOrDistrict><ns2:StateCode>99</ns2:StateCode><ns2:PinCode>500045</ns2:PinCode><ns2:EmailAddress>CHIRAGMADAAN@YAHOO.CO.IN</ns2:EmailAddress><ns2:MobileNo>9989020022</ns2:MobileNo><ns2:TaxAssessedFlag>N</ns2:TaxAssessedFlag><ns2:EstimatedInc>99054</ns2:EstimatedInc><ns2:EstimatedTotalIncPrvYr>150000</ns2:EstimatedTotalIncPrvYr><ns2:TotalNoOfForm15H>0</ns2:TotalNoOfForm15H><ns2:AggregateAmtForm15H>0</ns2:AggregateAmtForm15H><ns2:UniqueIdNumber>H000201346201920HYDC01299E</ns2:UniqueIdNumber><ns2:DeclarationDate>2019-11-28</ns2:DeclarationDate><ns2:AmtOfIncPaid>99054</ns2:AmtOfIncPaid><ns2:DateIncPaid>2019-11-28</ns2:DateIncPaid></ns2:Basicdtls><ns2:IncomeDtls><ns2:IncomeDtl><ns2:SrlNo>9</ns2:SrlNo><ns2:IdenficationNum>2018010256</ns2:IdenficationNum><ns2:NatureOfInc>INTEREST INCOME</ns2:NatureOfInc><ns2:DeductSection>194A</ns2:DeductSection><ns2:AmtOfInc>99054</ns2:AmtOfInc></ns2:IncomeDtl></ns2:IncomeDtls></ns2:Part1><ns2:Part1><ns2:Basicdtls><ns2:AssesseeName>KOTA RAMAKOTAIAH</ns2:AssesseeName><ns2:AssesseePAN>ADOPK8257C</ns2:AssesseePAN><ns2:AssesseeDOB>1954-01-05</ns2:AssesseeDOB><ns2:PreviousYr>2019</ns2:PreviousYr><ns2:FlatDoorNo>HYDERABAD</ns2:FlatDoorNo><ns2:LocalityOrArea>HYDERABAD</ns2:LocalityOrArea><ns2:CityOrTownOrDistrict>HYDERABAD</ns2:CityOrTownOrDistrict><ns2:StateCode>99</ns2:StateCode><ns2:PinCode>500038</ns2:PinCode><ns2:EmailAddress>MOHANCHANDER.BASSI@GMAIL.COM</ns2:EmailAddress><ns2:MobileNo>9949512492</ns2:MobileNo><ns2:TaxAssessedFlag>Y</ns2:TaxAssessedFlag><ns2:LatestAsstYr>2019</ns2:LatestAsstYr><ns2:EstimatedInc>14500</ns2:EstimatedInc><ns2:EstimatedTotalIncPrvYr>150000</ns2:EstimatedTotalIncPrvYr><ns2:TotalNoOfForm15H>0</ns2:TotalNoOfForm15H><ns2:AggregateAmtForm15H>0</ns2:AggregateAmtForm15H><ns2:UniqueIdNumber>H000200985201920HYDC01299E</ns2:UniqueIdNumber><ns2:DeclarationDate>2019-11-26</ns2:DeclarationDate><ns2:AmtOfIncPaid>14500</ns2:AmtOfIncPaid><ns2:DateIncPaid>2019-11-26</ns2:DateIncPaid></ns2:Basicdtls><ns2:IncomeDtls><ns2:IncomeDtl><ns2:SrlNo>10</ns2:SrlNo><ns2:IdenficationNum>530101346628683</ns2:IdenficationNum><ns2:NatureOfInc>INTEREST INCOME</ns2:NatureOfInc><ns2:DeductSection>194A</ns2:DeductSection><ns2:AmtOfInc>3550</ns2:AmtOfInc></ns2:IncomeDtl><ns2:IncomeDtl><ns2:SrlNo>11</ns2:SrlNo><ns2:IdenficationNum>530101344758616</ns2:IdenficationNum><ns2:NatureOfInc>INTEREST INCOME</ns2:NatureOfInc><ns2:DeductSection>194A</ns2:DeductSection><ns2:AmtOfInc>17517</ns2:AmtOfInc></ns2:IncomeDtl><ns2:IncomeDtl><ns2:SrlNo>12</ns2:SrlNo><ns2:IdenficationNum>530101346251861</ns2:IdenficationNum><ns2:NatureOfInc>INTEREST INCOME</ns2:NatureOfInc><ns2:DeductSection>194A</ns2:DeductSection><ns2:AmtOfInc>3650</ns2:AmtOfInc></ns2:IncomeDtl><ns2:IncomeDtl><ns2:SrlNo>13</ns2:SrlNo><ns2:IdenficationNum>530101346251834</ns2:IdenficationNum><ns2:NatureOfInc>INTEREST INCOME</ns2:NatureOfInc><ns2:DeductSection>194A</ns2:DeductSection><ns2:AmtOfInc>7300</ns2:AmtOfInc></ns2:IncomeDtl></ns2:IncomeDtls></ns2:Part1><ns2:Part1><ns2:Basicdtls><ns2:AssesseeName>V.V.V.SATYANARAYANA</ns2:AssesseeName><ns2:AssesseePAN>AAIPV7871Q</ns2:AssesseePAN><ns2:AssesseeDOB>1945-05-28</ns2:AssesseeDOB><ns2:PreviousYr>2019</ns2:PreviousYr><ns2:FlatDoorNo>HYDERABAD</ns2:FlatDoorNo><ns2:LocalityOrArea>HYDERABAD</ns2:LocalityOrArea><ns2:CityOrTownOrDistrict>HYDERABAD</ns2:CityOrTownOrDistrict><ns2:StateCode>99</ns2:StateCode><ns2:PinCode>500038</ns2:PinCode><ns2:EmailAddress>MTIWARI_84@REDIFF.COM</ns2:EmailAddress><ns2:MobileNo>9010229023</ns2:MobileNo><ns2:TaxAssessedFlag>Y</ns2:TaxAssessedFlag><ns2:LatestAsstYr>2019</ns2:LatestAsstYr><ns2:EstimatedInc>30845</ns2:EstimatedInc><ns2:EstimatedTotalIncPrvYr>50000</ns2:EstimatedTotalIncPrvYr><ns2:TotalNoOfForm15H>0</ns2:TotalNoOfForm15H><ns2:AggregateAmtForm15H>0</ns2:AggregateAmtForm15H><ns2:UniqueIdNumber>H000196219201920HYDC01299E</ns2:UniqueIdNumber><ns2:DeclarationDate>2019-10-31</ns2:DeclarationDate><ns2:AmtOfIncPaid>30845</ns2:AmtOfIncPaid><ns2:DateIncPaid>2019-10-31</ns2:DateIncPaid></ns2:Basicdtls><ns2:IncomeDtls><ns2:IncomeDtl><ns2:SrlNo>14</ns2:SrlNo><ns2:IdenficationNum>530401039618358</ns2:IdenficationNum><ns2:NatureOfInc>INTEREST INCOME</ns2:NatureOfInc><ns2:DeductSection>194A</ns2:DeductSection><ns2:AmtOfInc>30845</ns2:AmtOfInc></ns2:IncomeDtl></ns2:IncomeDtls></ns2:Part1><ns2:Part1><ns2:Basicdtls><ns2:AssesseeName>V.V.V.SATYANARAYANA</ns2:AssesseeName><ns2:AssesseePAN>AAIPV7871Q</ns2:AssesseePAN><ns2:AssesseeDOB>1945-05-28</ns2:AssesseeDOB><ns2:PreviousYr>2019</ns2:PreviousYr><ns2:FlatDoorNo>HYDERABAD</ns2:FlatDoorNo><ns2:LocalityOrArea>HYDERABAD</ns2:LocalityOrArea><ns2:CityOrTownOrDistrict>HYDERABAD</ns2:CityOrTownOrDistrict><ns2:StateCode>99</ns2:StateCode><ns2:PinCode>500038</ns2:PinCode><ns2:EmailAddress>MTIWARI_84@REDIFF.COM</ns2:EmailAddress><ns2:MobileNo>9010229023</ns2:MobileNo><ns2:TaxAssessedFlag>Y</ns2:TaxAssessedFlag><ns2:LatestAsstYr>2019</ns2:LatestAsstYr><ns2:EstimatedInc>26092</ns2:EstimatedInc><ns2:EstimatedTotalIncPrvYr>80000</ns2:EstimatedTotalIncPrvYr><ns2:TotalNoOfForm15H>0</ns2:TotalNoOfForm15H><ns2:AggregateAmtForm15H>0</ns2:AggregateAmtForm15H><ns2:UniqueIdNumber>H000200231201920HYDC01299E</ns2:UniqueIdNumber><ns2:DeclarationDate>2019-11-21</ns2:DeclarationDate><ns2:AmtOfIncPaid>26092</ns2:AmtOfIncPaid><ns2:DateIncPaid>2019-11-21</ns2:DateIncPaid></ns2:Basicdtls><ns2:IncomeDtls><ns2:IncomeDtl><ns2:SrlNo>15</ns2:SrlNo><ns2:IdenficationNum>530401039950335</ns2:IdenficationNum><ns2:NatureOfInc>INTEREST INCOME</ns2:NatureOfInc><ns2:DeductSection>194A</ns2:DeductSection><ns2:AmtOfInc>26092</ns2:AmtOfInc></ns2:IncomeDtl></ns2:IncomeDtls></ns2:Part1><ns2:Part1><ns2:Basicdtls><ns2:AssesseeName>BANNOTH LAXMAN</ns2:AssesseeName><ns2:AssesseePAN>AGWPL0151F</ns2:AssesseePAN><ns2:AssesseeDOB>1959-03-06</ns2:AssesseeDOB><ns2:PreviousYr>2019</ns2:PreviousYr><ns2:FlatDoorNo>HYDERABAD</ns2:FlatDoorNo><ns2:LocalityOrArea>HYDERABAD</ns2:LocalityOrArea><ns2:CityOrTownOrDistrict>HYDERABAD</ns2:CityOrTownOrDistrict><ns2:StateCode>99</ns2:StateCode><ns2:PinCode>500038</ns2:PinCode><ns2:EmailAddress>RAJEEVYADAV@HOTMAIL.COM</ns2:EmailAddress><ns2:MobileNo>8096569516</ns2:MobileNo><ns2:TaxAssessedFlag>N</ns2:TaxAssessedFlag><ns2:EstimatedInc>51007</ns2:EstimatedInc><ns2:EstimatedTotalIncPrvYr>51100</ns2:EstimatedTotalIncPrvYr><ns2:TotalNoOfForm15H>0</ns2:TotalNoOfForm15H><ns2:AggregateAmtForm15H>0</ns2:AggregateAmtForm15H><ns2:UniqueIdNumber>H000190635201920HYDC01299E</ns2:UniqueIdNumber><ns2:DeclarationDate>2019-03-10</ns2:DeclarationDate><ns2:AmtOfIncPaid>51007</ns2:AmtOfIncPaid><ns2:DateIncPaid>2019-03-10</ns2:DateIncPaid></ns2:Basicdtls><ns2:IncomeDtls><ns2:IncomeDtl><ns2:SrlNo>16</ns2:SrlNo><ns2:IdenficationNum>530401039221565</ns2:IdenficationNum><ns2:NatureOfInc>INTEREST INCOME</ns2:NatureOfInc><ns2:DeductSection>194A</ns2:DeductSection><ns2:AmtOfInc>18217</ns2:AmtOfInc></ns2:IncomeDtl><ns2:IncomeDtl><ns2:SrlNo>17</ns2:SrlNo><ns2:IdenficationNum>530401039221381</ns2:IdenficationNum><ns2:NatureOfInc>INTEREST INCOME</ns2:NatureOfInc><ns2:DeductSection>194A</ns2:DeductSection><ns2:AmtOfInc>10930</ns2:AmtOfInc></ns2:IncomeDtl><ns2:IncomeDtl><ns2:SrlNo>18</ns2:SrlNo><ns2:IdenficationNum>530401039222654</ns2:IdenficationNum><ns2:NatureOfInc>INTEREST INCOME</ns2:NatureOfInc><ns2:DeductSection>194A</ns2:DeductSection><ns2:AmtOfInc>10930</ns2:AmtOfInc></ns2:IncomeDtl><ns2:IncomeDtl><ns2:SrlNo>19</ns2:SrlNo><ns2:IdenficationNum>530401039221985</ns2:IdenficationNum><ns2:NatureOfInc>INTEREST INCOME</ns2:NatureOfInc><ns2:DeductSection>194A</ns2:DeductSection><ns2:AmtOfInc>10930</ns2:AmtOfInc></ns2:IncomeDtl></ns2:IncomeDtls></ns2:Part1><ns2:Part1><ns2:Basicdtls><ns2:AssesseeName>SURYA KUMARI SRIVATSAVAYI</ns2:AssesseeName><ns2:AssesseePAN>APFPS3293H</ns2:AssesseePAN><ns2:AssesseeDOB>1941-06-21</ns2:AssesseeDOB><ns2:PreviousYr>2019</ns2:PreviousYr><ns2:FlatDoorNo>HYDERABAD</ns2:FlatDoorNo><ns2:LocalityOrArea>HYDERABAD</ns2:LocalityOrArea><ns2:CityOrTownOrDistrict>HYDERABAD</ns2:CityOrTownOrDistrict><ns2:StateCode>99</ns2:StateCode><ns2:PinCode>500038</ns2:PinCode><ns2:EmailAddress>SANAQVI2958@GMAIL.COM</ns2:EmailAddress><ns2:MobileNo>9177399447</ns2:MobileNo><ns2:TaxAssessedFlag>N</ns2:TaxAssessedFlag><ns2:EstimatedInc>3650</ns2:EstimatedInc><ns2:EstimatedTotalIncPrvYr>250000</ns2:EstimatedTotalIncPrvYr><ns2:TotalNoOfForm15H>0</ns2:TotalNoOfForm15H><ns2:AggregateAmtForm15H>0</ns2:AggregateAmtForm15H><ns2:UniqueIdNumber>H000196058201920HYDC01299E</ns2:UniqueIdNumber><ns2:DeclarationDate>2019-10-30</ns2:DeclarationDate><ns2:AmtOfIncPaid>3650</ns2:AmtOfIncPaid><ns2:DateIncPaid>2019-10-30</ns2:DateIncPaid></ns2:Basicdtls><ns2:IncomeDtls><ns2:IncomeDtl><ns2:SrlNo>20</ns2:SrlNo><ns2:IdenficationNum>530101346458279</ns2:IdenficationNum><ns2:NatureOfInc>INTEREST INCOME</ns2:NatureOfInc><ns2:DeductSection>194A</ns2:DeductSection><ns2:AmtOfInc>3650</ns2:AmtOfInc></ns2:IncomeDtl></ns2:IncomeDtls></ns2:Part1><ns2:Part1><ns2:Basicdtls><ns2:AssesseeName>DHATRIKA SAILU</ns2:AssesseeName><ns2:AssesseePAN>AAXPD5542K</ns2:AssesseePAN><ns2:AssesseeDOB>1958-02-06</ns2:AssesseeDOB><ns2:PreviousYr>2019</ns2:PreviousYr><ns2:FlatDoorNo>HYDERABAD</ns2:FlatDoorNo><ns2:LocalityOrArea>HYDERABAD</ns2:LocalityOrArea><ns2:CityOrTownOrDistrict>HYDERABAD</ns2:CityOrTownOrDistrict><ns2:StateCode>99</ns2:StateCode><ns2:PinCode>500038</ns2:PinCode><ns2:EmailAddress>CHIRAGMADAAN@YAHOO.CO.IN</ns2:EmailAddress><ns2:MobileNo>9949800766</ns2:MobileNo><ns2:TaxAssessedFlag>N</ns2:TaxAssessedFlag><ns2:EstimatedInc>15838</ns2:EstimatedInc><ns2:EstimatedTotalIncPrvYr>100000</ns2:EstimatedTotalIncPrvYr><ns2:TotalNoOfForm15H>0</ns2:TotalNoOfForm15H><ns2:AggregateAmtForm15H>0</ns2:AggregateAmtForm15H><ns2:UniqueIdNumber>H000201214201920HYDC01299E</ns2:UniqueIdNumber><ns2:DeclarationDate>2019-11-27</ns2:DeclarationDate><ns2:AmtOfIncPaid>15838</ns2:AmtOfIncPaid><ns2:DateIncPaid>2019-11-27</ns2:DateIncPaid></ns2:Basicdtls><ns2:IncomeDtls><ns2:IncomeDtl><ns2:SrlNo>21</ns2:SrlNo><ns2:IdenficationNum>530401040033690</ns2:IdenficationNum><ns2:NatureOfInc>INTEREST INCOME</ns2:NatureOfInc><ns2:DeductSection>194A</ns2:DeductSection><ns2:AmtOfInc>9897</ns2:AmtOfInc></ns2:IncomeDtl><ns2:IncomeDtl><ns2:SrlNo>22</ns2:SrlNo><ns2:IdenficationNum>530401033711420</ns2:IdenficationNum><ns2:NatureOfInc>INTEREST INCOME</ns2:NatureOfInc><ns2:DeductSection>194A</ns2:DeductSection><ns2:AmtOfInc>15383</ns2:AmtOfInc></ns2:IncomeDtl><ns2:IncomeDtl><ns2:SrlNo>23</ns2:SrlNo><ns2:IdenficationNum>530401035195945</ns2:IdenficationNum><ns2:NatureOfInc>INTEREST INCOME</ns2:NatureOfInc><ns2:DeductSection>194A</ns2:DeductSection><ns2:AmtOfInc>5941</ns2:AmtOfInc></ns2:IncomeDtl></ns2:IncomeDtls></ns2:Part1><ns2:Part1><ns2:Basicdtls><ns2:AssesseeName>DHATRIKA SAILU</ns2:AssesseeName><ns2:AssesseePAN>AAXPD5542K</ns2:AssesseePAN><ns2:AssesseeDOB>1958-02-06</ns2:AssesseeDOB><ns2:PreviousYr>2019</ns2:PreviousYr><ns2:FlatDoorNo>HYDERABAD</ns2:FlatDoorNo><ns2:LocalityOrArea>HYDERABAD</ns2:LocalityOrArea><ns2:CityOrTownOrDistrict>HYDERABAD</ns2:CityOrTownOrDistrict><ns2:StateCode>99</ns2:StateCode><ns2:PinCode>500038</ns2:PinCode><ns2:EmailAddress>CHIRAGMADAAN@YAHOO.CO.IN</ns2:EmailAddress><ns2:MobileNo>9949800766</ns2:MobileNo><ns2:TaxAssessedFlag>N</ns2:TaxAssessedFlag><ns2:EstimatedInc>9819</ns2:EstimatedInc><ns2:EstimatedTotalIncPrvYr>100000</ns2:EstimatedTotalIncPrvYr><ns2:TotalNoOfForm15H>0</ns2:TotalNoOfForm15H><ns2:AggregateAmtForm15H>0</ns2:AggregateAmtForm15H><ns2:UniqueIdNumber>H000201417201920HYDC01299E</ns2:UniqueIdNumber><ns2:DeclarationDate>2019-11-28</ns2:DeclarationDate><ns2:AmtOfIncPaid>9819</ns2:AmtOfIncPaid><ns2:DateIncPaid>2019-11-28</ns2:DateIncPaid></ns2:Basicdtls><ns2:IncomeDtls><ns2:IncomeDtl><ns2:SrlNo>24</ns2:SrlNo><ns2:IdenficationNum>530401040053124</ns2:IdenficationNum><ns2:NatureOfInc>INTEREST INCOME</ns2:NatureOfInc><ns2:DeductSection>194A</ns2:DeductSection><ns2:AmtOfInc>9819</ns2:AmtOfInc></ns2:IncomeDtl></ns2:IncomeDtls></ns2:Part1></ns2:Part1Dtls></ns2:Form15HDtls></ns2:FORM15H>