<?xml version="1.0" encoding="UTF-8" standalone="yes"?><ns2:FORM15H xmlns="http://incometaxindiaefiling.gov.in/common" xmlns:ns2="http://incometaxindiaefiling.gov.in/FORM15H"><ns2:FormCreationInfo><CreationInfo><SWVersionNo>11.8.2.0</SWVersionNo><SWCreatedBy>Relyon Softech Ltd</SWCreatedBy><XMLCreatedBy>SaralTDSWeb</XMLCreatedBy><XMLCreationDate>2020-01-06</XMLCreationDate></CreationInfo><Form_Details><FormName>FORM15H</FormName><AssessmentYear>2020</AssessmentYear><SchemaVer>V1.0</SchemaVer><FormVer>1.0</FormVer></Form_Details></ns2:FormCreationInfo><ns2:Form15HDtls><ns2:TAN>BLRC06273B</ns2:TAN><ns2:Quarter>Q3</ns2:Quarter><ns2:FinancialYr>2019</ns2:FinancialYr><ns2:FilingType>O</ns2:FilingType><ns2:Part1Dtls><ns2:Part1><ns2:Basicdtls><ns2:AssesseeName>JYOTHI J KINI</ns2:AssesseeName><ns2:AssesseePAN>AGZPJ7609M</ns2:AssesseePAN><ns2:AssesseeDOB>1953-05-06</ns2:AssesseeDOB><ns2:PreviousYr>2019</ns2:PreviousYr><ns2:FlatDoorNo>BANGALORE</ns2:FlatDoorNo><ns2:LocalityOrArea>BANGALORE</ns2:LocalityOrArea><ns2:CityOrTownOrDistrict>BANGALORE</ns2:CityOrTownOrDistrict><ns2:StateCode>99</ns2:StateCode><ns2:PinCode>560076</ns2:PinCode><ns2:EmailAddress>RAMNADHAN@HOTMAIL.COM</ns2:EmailAddress><ns2:MobileNo>9008790813</ns2:MobileNo><ns2:TaxAssessedFlag>N</ns2:TaxAssessedFlag><ns2:EstimatedInc>12271</ns2:EstimatedInc><ns2:EstimatedTotalIncPrvYr>300000</ns2:EstimatedTotalIncPrvYr><ns2:TotalNoOfForm15H>0</ns2:TotalNoOfForm15H><ns2:AggregateAmtForm15H>0</ns2:AggregateAmtForm15H><ns2:UniqueIdNumber>H000199440201920BLRC06273B</ns2:UniqueIdNumber><ns2:DeclarationDate>2019-11-18</ns2:DeclarationDate><ns2:AmtOfIncPaid>12271</ns2:AmtOfIncPaid><ns2:DateIncPaid>2019-11-18</ns2:DateIncPaid></ns2:Basicdtls><ns2:IncomeDtls><ns2:IncomeDtl><ns2:SrlNo>1</ns2:SrlNo><ns2:IdenficationNum>530401039831399</ns2:IdenficationNum><ns2:NatureOfInc>INTEREST INCOME</ns2:NatureOfInc><ns2:DeductSection>194A</ns2:DeductSection><ns2:AmtOfInc>8239</ns2:AmtOfInc></ns2:IncomeDtl><ns2:IncomeDtl><ns2:SrlNo>2</ns2:SrlNo><ns2:IdenficationNum>530401039869095</ns2:IdenficationNum><ns2:NatureOfInc>INTEREST INCOME</ns2:NatureOfInc><ns2:DeductSection>194A</ns2:DeductSection><ns2:AmtOfInc>4032</ns2:AmtOfInc></ns2:IncomeDtl></ns2:IncomeDtls></ns2:Part1><ns2:Part1><ns2:Basicdtls><ns2:AssesseeName>GOLLAPOTHU  SARADA</ns2:AssesseeName><ns2:AssesseePAN>DLVPS1634B</ns2:AssesseePAN><ns2:AssesseeDOB>1955-10-09</ns2:AssesseeDOB><ns2:PreviousYr>2019</ns2:PreviousYr><ns2:FlatDoorNo>BANGALORE</ns2:FlatDoorNo><ns2:LocalityOrArea>BANGALORE</ns2:LocalityOrArea><ns2:CityOrTownOrDistrict>BANGALORE</ns2:CityOrTownOrDistrict><ns2:StateCode>99</ns2:StateCode><ns2:PinCode>560076</ns2:PinCode><ns2:EmailAddress>DNVASA@GMAIL.COM</ns2:EmailAddress><ns2:MobileNo>9876543210</ns2:MobileNo><ns2:TaxAssessedFlag>N</ns2:TaxAssessedFlag><ns2:EstimatedInc>2960</ns2:EstimatedInc><ns2:EstimatedTotalIncPrvYr>300000</ns2:EstimatedTotalIncPrvYr><ns2:TotalNoOfForm15H>0</ns2:TotalNoOfForm15H><ns2:AggregateAmtForm15H>0</ns2:AggregateAmtForm15H><ns2:UniqueIdNumber>H000197460201920BLRC06273B</ns2:UniqueIdNumber><ns2:DeclarationDate>2019-06-11</ns2:DeclarationDate><ns2:AmtOfIncPaid>2960</ns2:AmtOfIncPaid><ns2:DateIncPaid>2019-06-11</ns2:DateIncPaid></ns2:Basicdtls><ns2:IncomeDtls><ns2:IncomeDtl><ns2:SrlNo>3</ns2:SrlNo><ns2:IdenficationNum>530401039659924</ns2:IdenficationNum><ns2:NatureOfInc>INTEREST INCOME</ns2:NatureOfInc><ns2:DeductSection>194A</ns2:DeductSection><ns2:AmtOfInc>2960</ns2:AmtOfInc></ns2:IncomeDtl></ns2:IncomeDtls></ns2:Part1><ns2:Part1><ns2:Basicdtls><ns2:AssesseeName>PARVEEN BANU T M</ns2:AssesseeName><ns2:AssesseePAN>AHGPB5781N</ns2:AssesseePAN><ns2:AssesseeDOB>1954-04-02</ns2:AssesseeDOB><ns2:PreviousYr>2019</ns2:PreviousYr><ns2:FlatDoorNo>BANGALORE</ns2:FlatDoorNo><ns2:LocalityOrArea>BANGALORE</ns2:LocalityOrArea><ns2:CityOrTownOrDistrict>BANGALORE</ns2:CityOrTownOrDistrict><ns2:StateCode>99</ns2:StateCode><ns2:PinCode>560029</ns2:PinCode><ns2:EmailAddress>NAGARAJ.IYENGAR@GMAIL.COM</ns2:EmailAddress><ns2:MobileNo>9845486709</ns2:MobileNo><ns2:TaxAssessedFlag>Y</ns2:TaxAssessedFlag><ns2:LatestAsstYr>2019</ns2:LatestAsstYr><ns2:EstimatedInc>28778</ns2:EstimatedInc><ns2:EstimatedTotalIncPrvYr>500000</ns2:EstimatedTotalIncPrvYr><ns2:TotalNoOfForm15H>0</ns2:TotalNoOfForm15H><ns2:AggregateAmtForm15H>0</ns2:AggregateAmtForm15H><ns2:UniqueIdNumber>H000206395201920BLRC06273B</ns2:UniqueIdNumber><ns2:DeclarationDate>2019-12-31</ns2:DeclarationDate><ns2:AmtOfIncPaid>28778</ns2:AmtOfIncPaid><ns2:DateIncPaid>2019-12-31</ns2:DateIncPaid></ns2:Basicdtls><ns2:IncomeDtls><ns2:IncomeDtl><ns2:SrlNo>4</ns2:SrlNo><ns2:IdenficationNum>530401037868786</ns2:IdenficationNum><ns2:NatureOfInc>INTEREST INCOME</ns2:NatureOfInc><ns2:DeductSection>194A</ns2:DeductSection><ns2:AmtOfInc>10860</ns2:AmtOfInc></ns2:IncomeDtl><ns2:IncomeDtl><ns2:SrlNo>5</ns2:SrlNo><ns2:IdenficationNum>530401036858030</ns2:IdenficationNum><ns2:NatureOfInc>INTEREST INCOME</ns2:NatureOfInc><ns2:DeductSection>194A</ns2:DeductSection><ns2:AmtOfInc>13513</ns2:AmtOfInc></ns2:IncomeDtl><ns2:IncomeDtl><ns2:SrlNo>6</ns2:SrlNo><ns2:IdenficationNum>530401040232451</ns2:IdenficationNum><ns2:NatureOfInc>INTEREST INCOME</ns2:NatureOfInc><ns2:DeductSection>194A</ns2:DeductSection><ns2:AmtOfInc>4405</ns2:AmtOfInc></ns2:IncomeDtl></ns2:IncomeDtls></ns2:Part1><ns2:Part1><ns2:Basicdtls><ns2:AssesseeName>VASANTHA H</ns2:AssesseeName><ns2:AssesseePAN>ADWPV8349L</ns2:AssesseePAN><ns2:AssesseeDOB>1930-01-10</ns2:AssesseeDOB><ns2:PreviousYr>2019</ns2:PreviousYr><ns2:FlatDoorNo>BANGALORE</ns2:FlatDoorNo><ns2:LocalityOrArea>BANGALORE</ns2:LocalityOrArea><ns2:CityOrTownOrDistrict>BANGALORE</ns2:CityOrTownOrDistrict><ns2:StateCode>99</ns2:StateCode><ns2:PinCode>560076</ns2:PinCode><ns2:EmailAddress>SGOGATE1@GMAIL.COM</ns2:EmailAddress><ns2:MobileNo>9844498156</ns2:MobileNo><ns2:TaxAssessedFlag>N</ns2:TaxAssessedFlag><ns2:EstimatedInc>145886</ns2:EstimatedInc><ns2:EstimatedTotalIncPrvYr>250000</ns2:EstimatedTotalIncPrvYr><ns2:TotalNoOfForm15H>0</ns2:TotalNoOfForm15H><ns2:AggregateAmtForm15H>0</ns2:AggregateAmtForm15H><ns2:UniqueIdNumber>H000197143201920BLRC06273B</ns2:UniqueIdNumber><ns2:DeclarationDate>2019-05-11</ns2:DeclarationDate><ns2:AmtOfIncPaid>145886</ns2:AmtOfIncPaid><ns2:DateIncPaid>2019-05-11</ns2:DateIncPaid></ns2:Basicdtls><ns2:IncomeDtls><ns2:IncomeDtl><ns2:SrlNo>7</ns2:SrlNo><ns2:IdenficationNum>2002433658</ns2:IdenficationNum><ns2:NatureOfInc>INTEREST INCOME</ns2:NatureOfInc><ns2:DeductSection>194A</ns2:DeductSection><ns2:AmtOfInc>145886</ns2:AmtOfInc></ns2:IncomeDtl></ns2:IncomeDtls></ns2:Part1><ns2:Part1><ns2:Basicdtls><ns2:AssesseeName>P KISHAN KUMAR</ns2:AssesseeName><ns2:AssesseePAN>BYQPK7887J</ns2:AssesseePAN><ns2:AssesseeDOB>1945-09-19</ns2:AssesseeDOB><ns2:PreviousYr>2019</ns2:PreviousYr><ns2:FlatDoorNo>BANGALORE</ns2:FlatDoorNo><ns2:LocalityOrArea>BANGALORE</ns2:LocalityOrArea><ns2:CityOrTownOrDistrict>BANGALORE</ns2:CityOrTownOrDistrict><ns2:StateCode>99</ns2:StateCode><ns2:PinCode>560029</ns2:PinCode><ns2:EmailAddress>GN1949@YAHOO.CO.IN</ns2:EmailAddress><ns2:MobileNo>9876543210</ns2:MobileNo><ns2:TaxAssessedFlag>N</ns2:TaxAssessedFlag><ns2:EstimatedInc>19343</ns2:EstimatedInc><ns2:EstimatedTotalIncPrvYr>300000</ns2:EstimatedTotalIncPrvYr><ns2:TotalNoOfForm15H>0</ns2:TotalNoOfForm15H><ns2:AggregateAmtForm15H>0</ns2:AggregateAmtForm15H><ns2:UniqueIdNumber>H000194539201920BLRC06273B</ns2:UniqueIdNumber><ns2:DeclarationDate>2019-10-19</ns2:DeclarationDate><ns2:AmtOfIncPaid>19343</ns2:AmtOfIncPaid><ns2:DateIncPaid>2019-10-19</ns2:DateIncPaid></ns2:Basicdtls><ns2:IncomeDtls><ns2:IncomeDtl><ns2:SrlNo>8</ns2:SrlNo><ns2:IdenficationNum>530401038357944</ns2:IdenficationNum><ns2:NatureOfInc>INTEREST INCOME</ns2:NatureOfInc><ns2:DeductSection>194A</ns2:DeductSection><ns2:AmtOfInc>19343</ns2:AmtOfInc></ns2:IncomeDtl></ns2:IncomeDtls></ns2:Part1><ns2:Part1><ns2:Basicdtls><ns2:AssesseeName>K K SATYANARAYANA SETTY</ns2:AssesseeName><ns2:AssesseePAN>AZUPS9349H</ns2:AssesseePAN><ns2:AssesseeDOB>1943-05-07</ns2:AssesseeDOB><ns2:PreviousYr>2019</ns2:PreviousYr><ns2:FlatDoorNo>BANGALORE</ns2:FlatDoorNo><ns2:LocalityOrArea>BANGALORE</ns2:LocalityOrArea><ns2:CityOrTownOrDistrict>BANGALORE</ns2:CityOrTownOrDistrict><ns2:StateCode>99</ns2:StateCode><ns2:PinCode>560029</ns2:PinCode><ns2:EmailAddress>RAO_SHRIHARI@YAHOO.CO.IN</ns2:EmailAddress><ns2:MobileNo>9480318065</ns2:MobileNo><ns2:TaxAssessedFlag>N</ns2:TaxAssessedFlag><ns2:EstimatedInc>12497</ns2:EstimatedInc><ns2:EstimatedTotalIncPrvYr>300000</ns2:EstimatedTotalIncPrvYr><ns2:TotalNoOfForm15H>0</ns2:TotalNoOfForm15H><ns2:AggregateAmtForm15H>0</ns2:AggregateAmtForm15H><ns2:UniqueIdNumber>H000203951201920BLRC06273B</ns2:UniqueIdNumber><ns2:DeclarationDate>2019-12-12</ns2:DeclarationDate><ns2:AmtOfIncPaid>12497</ns2:AmtOfIncPaid><ns2:DateIncPaid>2019-12-12</ns2:DateIncPaid></ns2:Basicdtls><ns2:IncomeDtls><ns2:IncomeDtl><ns2:SrlNo>9</ns2:SrlNo><ns2:IdenficationNum>530401040273904</ns2:IdenficationNum><ns2:NatureOfInc>INTEREST INCOME</ns2:NatureOfInc><ns2:DeductSection>194A</ns2:DeductSection><ns2:AmtOfInc>6536</ns2:AmtOfInc></ns2:IncomeDtl><ns2:IncomeDtl><ns2:SrlNo>10</ns2:SrlNo><ns2:IdenficationNum>530401033156429</ns2:IdenficationNum><ns2:NatureOfInc>INTEREST INCOME</ns2:NatureOfInc><ns2:DeductSection>194A</ns2:DeductSection><ns2:AmtOfInc>39107</ns2:AmtOfInc></ns2:IncomeDtl><ns2:IncomeDtl><ns2:SrlNo>11</ns2:SrlNo><ns2:IdenficationNum>530701196586832</ns2:IdenficationNum><ns2:NatureOfInc>INTEREST INCOME</ns2:NatureOfInc><ns2:DeductSection>194A</ns2:DeductSection><ns2:AmtOfInc>12497</ns2:AmtOfInc></ns2:IncomeDtl></ns2:IncomeDtls></ns2:Part1><ns2:Part1><ns2:Basicdtls><ns2:AssesseeName>M G SAROJA</ns2:AssesseeName><ns2:AssesseePAN>GHWPS4714J</ns2:AssesseePAN><ns2:AssesseeDOB>1948-01-01</ns2:AssesseeDOB><ns2:PreviousYr>2019</ns2:PreviousYr><ns2:FlatDoorNo>BANGALORE</ns2:FlatDoorNo><ns2:LocalityOrArea>BANGALORE</ns2:LocalityOrArea><ns2:CityOrTownOrDistrict>BANGALORE</ns2:CityOrTownOrDistrict><ns2:StateCode>99</ns2:StateCode><ns2:PinCode>560029</ns2:PinCode><ns2:EmailAddress>VIPULPATEL@GMAIL.COM</ns2:EmailAddress><ns2:MobileNo>9126789070</ns2:MobileNo><ns2:TaxAssessedFlag>N</ns2:TaxAssessedFlag><ns2:EstimatedInc>23719</ns2:EstimatedInc><ns2:EstimatedTotalIncPrvYr>300000</ns2:EstimatedTotalIncPrvYr><ns2:TotalNoOfForm15H>0</ns2:TotalNoOfForm15H><ns2:AggregateAmtForm15H>0</ns2:AggregateAmtForm15H><ns2:UniqueIdNumber>H000203950201920BLRC06273B</ns2:UniqueIdNumber><ns2:DeclarationDate>2019-12-12</ns2:DeclarationDate><ns2:AmtOfIncPaid>23719</ns2:AmtOfIncPaid><ns2:DateIncPaid>2019-12-12</ns2:DateIncPaid></ns2:Basicdtls><ns2:IncomeDtls><ns2:IncomeDtl><ns2:SrlNo>12</ns2:SrlNo><ns2:IdenficationNum>530401040252213</ns2:IdenficationNum><ns2:NatureOfInc>INTEREST INCOME</ns2:NatureOfInc><ns2:DeductSection>194A</ns2:DeductSection><ns2:AmtOfInc>8793</ns2:AmtOfInc></ns2:IncomeDtl><ns2:IncomeDtl><ns2:SrlNo>13</ns2:SrlNo><ns2:IdenficationNum>530701196586744</ns2:IdenficationNum><ns2:NatureOfInc>INTEREST INCOME</ns2:NatureOfInc><ns2:DeductSection>194A</ns2:DeductSection><ns2:AmtOfInc>8331</ns2:AmtOfInc></ns2:IncomeDtl><ns2:IncomeDtl><ns2:SrlNo>14</ns2:SrlNo><ns2:IdenficationNum>530401039458244</ns2:IdenficationNum><ns2:NatureOfInc>INTEREST INCOME</ns2:NatureOfInc><ns2:DeductSection>194A</ns2:DeductSection><ns2:AmtOfInc>6595</ns2:AmtOfInc></ns2:IncomeDtl><ns2:IncomeDtl><ns2:SrlNo>15</ns2:SrlNo><ns2:IdenficationNum>530401032006831</ns2:IdenficationNum><ns2:NatureOfInc>INTEREST INCOME</ns2:NatureOfInc><ns2:DeductSection>194A</ns2:DeductSection><ns2:AmtOfInc>7931</ns2:AmtOfInc></ns2:IncomeDtl></ns2:IncomeDtls></ns2:Part1><ns2:Part1><ns2:Basicdtls><ns2:AssesseeName>N SUGUNA</ns2:AssesseeName><ns2:AssesseePAN>AFQPN4098C</ns2:AssesseePAN><ns2:AssesseeDOB>1951-10-03</ns2:AssesseeDOB><ns2:PreviousYr>2019</ns2:PreviousYr><ns2:FlatDoorNo>BANGALORE</ns2:FlatDoorNo><ns2:LocalityOrArea>BANGALORE</ns2:LocalityOrArea><ns2:CityOrTownOrDistrict>BANGALORE</ns2:CityOrTownOrDistrict><ns2:StateCode>99</ns2:StateCode><ns2:PinCode>560076</ns2:PinCode><ns2:EmailAddress>BYN5033@GMAIL.COM</ns2:EmailAddress><ns2:MobileNo>9980933835</ns2:MobileNo><ns2:TaxAssessedFlag>N</ns2:TaxAssessedFlag><ns2:EstimatedInc>1</ns2:EstimatedInc><ns2:EstimatedTotalIncPrvYr>300000</ns2:EstimatedTotalIncPrvYr><ns2:TotalNoOfForm15H>0</ns2:TotalNoOfForm15H><ns2:AggregateAmtForm15H>0</ns2:AggregateAmtForm15H><ns2:UniqueIdNumber>H000198874201920BLRC06273B</ns2:UniqueIdNumber><ns2:DeclarationDate>2019-11-14</ns2:DeclarationDate><ns2:AmtOfIncPaid>1</ns2:AmtOfIncPaid><ns2:DateIncPaid>2019-11-14</ns2:DateIncPaid></ns2:Basicdtls><ns2:IncomeDtls><ns2:IncomeDtl><ns2:SrlNo>16</ns2:SrlNo><ns2:IdenficationNum>2021467021</ns2:IdenficationNum><ns2:NatureOfInc>INTEREST INCOME</ns2:NatureOfInc><ns2:DeductSection>194A</ns2:DeductSection><ns2:AmtOfInc>1</ns2:AmtOfInc></ns2:IncomeDtl></ns2:IncomeDtls></ns2:Part1></ns2:Part1Dtls></ns2:Form15HDtls></ns2:FORM15H>