<?xml version="1.0" encoding="UTF-8" standalone="yes"?><ns2:FORM15H xmlns="http://incometaxindiaefiling.gov.in/common" xmlns:ns2="http://incometaxindiaefiling.gov.in/FORM15H"><ns2:FormCreationInfo><CreationInfo><SWVersionNo>11.8.2.0</SWVersionNo><SWCreatedBy>Relyon Softech Ltd</SWCreatedBy><XMLCreatedBy>SaralTDSWeb</XMLCreatedBy><XMLCreationDate>2020-01-06</XMLCreationDate></CreationInfo><Form_Details><FormName>FORM15H</FormName><AssessmentYear>2020</AssessmentYear><SchemaVer>V1.0</SchemaVer><FormVer>1.0</FormVer></Form_Details></ns2:FormCreationInfo><ns2:Form15HDtls><ns2:TAN>CALC09136B</ns2:TAN><ns2:Quarter>Q3</ns2:Quarter><ns2:FinancialYr>2019</ns2:FinancialYr><ns2:FilingType>O</ns2:FilingType><ns2:Part1Dtls><ns2:Part1><ns2:Basicdtls><ns2:AssesseeName>MRINALINI BANERJEE</ns2:AssesseeName><ns2:AssesseePAN>BBEPB4051J</ns2:AssesseePAN><ns2:AssesseeDOB>1956-02-02</ns2:AssesseeDOB><ns2:PreviousYr>2019</ns2:PreviousYr><ns2:FlatDoorNo>BOLPUR</ns2:FlatDoorNo><ns2:LocalityOrArea>BOLPUR</ns2:LocalityOrArea><ns2:CityOrTownOrDistrict>BOLPUR</ns2:CityOrTownOrDistrict><ns2:StateCode>99</ns2:StateCode><ns2:PinCode>731204</ns2:PinCode><ns2:EmailAddress>NULL@EMAIL.COM</ns2:EmailAddress><ns2:MobileNo>9474613006</ns2:MobileNo><ns2:TaxAssessedFlag>Y</ns2:TaxAssessedFlag><ns2:LatestAsstYr>2019</ns2:LatestAsstYr><ns2:EstimatedInc>59405</ns2:EstimatedInc><ns2:EstimatedTotalIncPrvYr>59500</ns2:EstimatedTotalIncPrvYr><ns2:TotalNoOfForm15H>0</ns2:TotalNoOfForm15H><ns2:AggregateAmtForm15H>0</ns2:AggregateAmtForm15H><ns2:UniqueIdNumber>H000196470201920CALC09136B</ns2:UniqueIdNumber><ns2:DeclarationDate>2019-01-11</ns2:DeclarationDate><ns2:AmtOfIncPaid>59405</ns2:AmtOfIncPaid><ns2:DateIncPaid>2019-01-11</ns2:DateIncPaid></ns2:Basicdtls><ns2:IncomeDtls><ns2:IncomeDtl><ns2:SrlNo>1</ns2:SrlNo><ns2:IdenficationNum>530401036830296</ns2:IdenficationNum><ns2:NatureOfInc>INTEREST INCOME</ns2:NatureOfInc><ns2:DeductSection>194A</ns2:DeductSection><ns2:AmtOfInc>59405</ns2:AmtOfInc></ns2:IncomeDtl></ns2:IncomeDtls></ns2:Part1><ns2:Part1><ns2:Basicdtls><ns2:AssesseeName>MINATI   MONDAL</ns2:AssesseeName><ns2:AssesseePAN>BDXPM8470K</ns2:AssesseePAN><ns2:AssesseeDOB>1958-01-06</ns2:AssesseeDOB><ns2:PreviousYr>2019</ns2:PreviousYr><ns2:FlatDoorNo>BOLPUR</ns2:FlatDoorNo><ns2:LocalityOrArea>BOLPUR</ns2:LocalityOrArea><ns2:CityOrTownOrDistrict>BOLPUR</ns2:CityOrTownOrDistrict><ns2:StateCode>99</ns2:StateCode><ns2:PinCode>731204</ns2:PinCode><ns2:EmailAddress>NULL@EMAIL.COM</ns2:EmailAddress><ns2:MobileNo>9563416907</ns2:MobileNo><ns2:TaxAssessedFlag>N</ns2:TaxAssessedFlag><ns2:EstimatedInc>10741</ns2:EstimatedInc><ns2:EstimatedTotalIncPrvYr>290000</ns2:EstimatedTotalIncPrvYr><ns2:TotalNoOfForm15H>0</ns2:TotalNoOfForm15H><ns2:AggregateAmtForm15H>0</ns2:AggregateAmtForm15H><ns2:UniqueIdNumber>H000205839201920CALC09136B</ns2:UniqueIdNumber><ns2:DeclarationDate>2019-12-26</ns2:DeclarationDate><ns2:AmtOfIncPaid>10741</ns2:AmtOfIncPaid><ns2:DateIncPaid>2019-12-26</ns2:DateIncPaid></ns2:Basicdtls><ns2:IncomeDtls><ns2:IncomeDtl><ns2:SrlNo>2</ns2:SrlNo><ns2:IdenficationNum>530401040367252</ns2:IdenficationNum><ns2:NatureOfInc>INTEREST INCOME</ns2:NatureOfInc><ns2:DeductSection>194A</ns2:DeductSection><ns2:AmtOfInc>1021</ns2:AmtOfInc></ns2:IncomeDtl><ns2:IncomeDtl><ns2:SrlNo>3</ns2:SrlNo><ns2:IdenficationNum>530401040440351</ns2:IdenficationNum><ns2:NatureOfInc>INTEREST INCOME</ns2:NatureOfInc><ns2:DeductSection>194A</ns2:DeductSection><ns2:AmtOfInc>4860</ns2:AmtOfInc></ns2:IncomeDtl><ns2:IncomeDtl><ns2:SrlNo>4</ns2:SrlNo><ns2:IdenficationNum>530401040440160</ns2:IdenficationNum><ns2:NatureOfInc>INTEREST INCOME</ns2:NatureOfInc><ns2:DeductSection>194A</ns2:DeductSection><ns2:AmtOfInc>4860</ns2:AmtOfInc></ns2:IncomeDtl></ns2:IncomeDtls></ns2:Part1><ns2:Part1><ns2:Basicdtls><ns2:AssesseeName>MINATI   MONDAL</ns2:AssesseeName><ns2:AssesseePAN>BDXPM8470K</ns2:AssesseePAN><ns2:AssesseeDOB>1958-01-06</ns2:AssesseeDOB><ns2:PreviousYr>2019</ns2:PreviousYr><ns2:FlatDoorNo>BOLPUR</ns2:FlatDoorNo><ns2:LocalityOrArea>BOLPUR</ns2:LocalityOrArea><ns2:CityOrTownOrDistrict>BOLPUR</ns2:CityOrTownOrDistrict><ns2:StateCode>99</ns2:StateCode><ns2:PinCode>731204</ns2:PinCode><ns2:EmailAddress>NULL@EMAIL.COM</ns2:EmailAddress><ns2:MobileNo>9563416907</ns2:MobileNo><ns2:TaxAssessedFlag>N</ns2:TaxAssessedFlag><ns2:EstimatedInc>5248</ns2:EstimatedInc><ns2:EstimatedTotalIncPrvYr>100000</ns2:EstimatedTotalIncPrvYr><ns2:TotalNoOfForm15H>0</ns2:TotalNoOfForm15H><ns2:AggregateAmtForm15H>0</ns2:AggregateAmtForm15H><ns2:UniqueIdNumber>H000202669201920CALC09136B</ns2:UniqueIdNumber><ns2:DeclarationDate>2019-05-12</ns2:DeclarationDate><ns2:AmtOfIncPaid>5248</ns2:AmtOfIncPaid><ns2:DateIncPaid>2019-05-12</ns2:DateIncPaid></ns2:Basicdtls><ns2:IncomeDtls><ns2:IncomeDtl><ns2:SrlNo>5</ns2:SrlNo><ns2:IdenficationNum>530401040148363</ns2:IdenficationNum><ns2:NatureOfInc>INTEREST INCOME</ns2:NatureOfInc><ns2:DeductSection>194A</ns2:DeductSection><ns2:AmtOfInc>1261</ns2:AmtOfInc></ns2:IncomeDtl><ns2:IncomeDtl><ns2:SrlNo>6</ns2:SrlNo><ns2:IdenficationNum>530401040023448</ns2:IdenficationNum><ns2:NatureOfInc>INTEREST INCOME</ns2:NatureOfInc><ns2:DeductSection>194A</ns2:DeductSection><ns2:AmtOfInc>3987</ns2:AmtOfInc></ns2:IncomeDtl></ns2:IncomeDtls></ns2:Part1></ns2:Part1Dtls></ns2:Form15HDtls></ns2:FORM15H>