<?xml version="1.0" encoding="UTF-8" standalone="yes"?><ns2:FORM15H xmlns="http://incometaxindiaefiling.gov.in/common" xmlns:ns2="http://incometaxindiaefiling.gov.in/FORM15H"><ns2:FormCreationInfo><CreationInfo><SWVersionNo>11.8.2.0</SWVersionNo><SWCreatedBy>Relyon Softech Ltd</SWCreatedBy><XMLCreatedBy>SaralTDSWeb</XMLCreatedBy><XMLCreationDate>2020-01-06</XMLCreationDate></CreationInfo><Form_Details><FormName>FORM15H</FormName><AssessmentYear>2020</AssessmentYear><SchemaVer>V1.0</SchemaVer><FormVer>1.0</FormVer></Form_Details></ns2:FormCreationInfo><ns2:Form15HDtls><ns2:TAN>DELC07438E</ns2:TAN><ns2:Quarter>Q3</ns2:Quarter><ns2:FinancialYr>2019</ns2:FinancialYr><ns2:FilingType>O</ns2:FilingType><ns2:Part1Dtls><ns2:Part1><ns2:Basicdtls><ns2:AssesseeName>NARENDRA KUMAR GARG</ns2:AssesseeName><ns2:AssesseePAN>AEQPG0041R</ns2:AssesseePAN><ns2:AssesseeDOB>1940-01-04</ns2:AssesseeDOB><ns2:PreviousYr>2019</ns2:PreviousYr><ns2:FlatDoorNo>NEWDELHI</ns2:FlatDoorNo><ns2:LocalityOrArea>NEWDELHI</ns2:LocalityOrArea><ns2:CityOrTownOrDistrict>NEWDELHI</ns2:CityOrTownOrDistrict><ns2:StateCode>99</ns2:StateCode><ns2:PinCode>110095</ns2:PinCode><ns2:EmailAddress>NULL@EMAIL.COM</ns2:EmailAddress><ns2:MobileNo>9873183337</ns2:MobileNo><ns2:TaxAssessedFlag>N</ns2:TaxAssessedFlag><ns2:EstimatedInc>44070</ns2:EstimatedInc><ns2:EstimatedTotalIncPrvYr>45000</ns2:EstimatedTotalIncPrvYr><ns2:TotalNoOfForm15H>0</ns2:TotalNoOfForm15H><ns2:AggregateAmtForm15H>0</ns2:AggregateAmtForm15H><ns2:UniqueIdNumber>H000202288201920DELC07438E</ns2:UniqueIdNumber><ns2:DeclarationDate>2019-03-12</ns2:DeclarationDate><ns2:AmtOfIncPaid>44070</ns2:AmtOfIncPaid><ns2:DateIncPaid>2019-03-12</ns2:DateIncPaid></ns2:Basicdtls><ns2:IncomeDtls><ns2:IncomeDtl><ns2:SrlNo>1</ns2:SrlNo><ns2:IdenficationNum>53050500482389</ns2:IdenficationNum><ns2:NatureOfInc>INTEREST INCOME</ns2:NatureOfInc><ns2:DeductSection>194A</ns2:DeductSection><ns2:AmtOfInc>382</ns2:AmtOfInc></ns2:IncomeDtl><ns2:IncomeDtl><ns2:SrlNo>2</ns2:SrlNo><ns2:IdenficationNum>530937001256647</ns2:IdenficationNum><ns2:NatureOfInc>INTEREST INCOME</ns2:NatureOfInc><ns2:DeductSection>194A</ns2:DeductSection><ns2:AmtOfInc>1</ns2:AmtOfInc></ns2:IncomeDtl><ns2:IncomeDtl><ns2:SrlNo>3</ns2:SrlNo><ns2:IdenficationNum>530551008647755</ns2:IdenficationNum><ns2:NatureOfInc>INTEREST INCOME</ns2:NatureOfInc><ns2:DeductSection>194A</ns2:DeductSection><ns2:AmtOfInc>1</ns2:AmtOfInc></ns2:IncomeDtl><ns2:IncomeDtl><ns2:SrlNo>4</ns2:SrlNo><ns2:IdenficationNum>53050500481265</ns2:IdenficationNum><ns2:NatureOfInc>INTEREST INCOME</ns2:NatureOfInc><ns2:DeductSection>194A</ns2:DeductSection><ns2:AmtOfInc>181</ns2:AmtOfInc></ns2:IncomeDtl><ns2:IncomeDtl><ns2:SrlNo>5</ns2:SrlNo><ns2:IdenficationNum>530551010324616</ns2:IdenficationNum><ns2:NatureOfInc>INTEREST INCOME</ns2:NatureOfInc><ns2:DeductSection>194A</ns2:DeductSection><ns2:AmtOfInc>1</ns2:AmtOfInc></ns2:IncomeDtl><ns2:IncomeDtl><ns2:SrlNo>6</ns2:SrlNo><ns2:IdenficationNum>530551008647771</ns2:IdenficationNum><ns2:NatureOfInc>INTEREST INCOME</ns2:NatureOfInc><ns2:DeductSection>194A</ns2:DeductSection><ns2:AmtOfInc>1</ns2:AmtOfInc></ns2:IncomeDtl><ns2:IncomeDtl><ns2:SrlNo>7</ns2:SrlNo><ns2:IdenficationNum>53050500494533</ns2:IdenficationNum><ns2:NatureOfInc>INTEREST INCOME</ns2:NatureOfInc><ns2:DeductSection>194A</ns2:DeductSection><ns2:AmtOfInc>341</ns2:AmtOfInc></ns2:IncomeDtl><ns2:IncomeDtl><ns2:SrlNo>8</ns2:SrlNo><ns2:IdenficationNum>530937001256523</ns2:IdenficationNum><ns2:NatureOfInc>INTEREST INCOME</ns2:NatureOfInc><ns2:DeductSection>194A</ns2:DeductSection><ns2:AmtOfInc>1</ns2:AmtOfInc></ns2:IncomeDtl><ns2:IncomeDtl><ns2:SrlNo>9</ns2:SrlNo><ns2:IdenficationNum>53050500494250</ns2:IdenficationNum><ns2:NatureOfInc>INTEREST INCOME</ns2:NatureOfInc><ns2:DeductSection>194A</ns2:DeductSection><ns2:AmtOfInc>677</ns2:AmtOfInc></ns2:IncomeDtl><ns2:IncomeDtl><ns2:SrlNo>10</ns2:SrlNo><ns2:IdenficationNum>530551010069388</ns2:IdenficationNum><ns2:NatureOfInc>INTEREST INCOME</ns2:NatureOfInc><ns2:DeductSection>194A</ns2:DeductSection><ns2:AmtOfInc>1</ns2:AmtOfInc></ns2:IncomeDtl><ns2:IncomeDtl><ns2:SrlNo>11</ns2:SrlNo><ns2:IdenficationNum>53050500512617</ns2:IdenficationNum><ns2:NatureOfInc>INTEREST INCOME</ns2:NatureOfInc><ns2:DeductSection>194A</ns2:DeductSection><ns2:AmtOfInc>186</ns2:AmtOfInc></ns2:IncomeDtl><ns2:IncomeDtl><ns2:SrlNo>12</ns2:SrlNo><ns2:IdenficationNum>53050500516428</ns2:IdenficationNum><ns2:NatureOfInc>INTEREST INCOME</ns2:NatureOfInc><ns2:DeductSection>194A</ns2:DeductSection><ns2:AmtOfInc>275</ns2:AmtOfInc></ns2:IncomeDtl><ns2:IncomeDtl><ns2:SrlNo>13</ns2:SrlNo><ns2:IdenficationNum>53050500496638</ns2:IdenficationNum><ns2:NatureOfInc>INTEREST INCOME</ns2:NatureOfInc><ns2:DeductSection>194A</ns2:DeductSection><ns2:AmtOfInc>1104</ns2:AmtOfInc></ns2:IncomeDtl><ns2:IncomeDtl><ns2:SrlNo>14</ns2:SrlNo><ns2:IdenficationNum>530551008647763</ns2:IdenficationNum><ns2:NatureOfInc>INTEREST INCOME</ns2:NatureOfInc><ns2:DeductSection>194A</ns2:DeductSection><ns2:AmtOfInc>1</ns2:AmtOfInc></ns2:IncomeDtl><ns2:IncomeDtl><ns2:SrlNo>15</ns2:SrlNo><ns2:IdenficationNum>53050500514633</ns2:IdenficationNum><ns2:NatureOfInc>INTEREST INCOME</ns2:NatureOfInc><ns2:DeductSection>194A</ns2:DeductSection><ns2:AmtOfInc>1440</ns2:AmtOfInc></ns2:IncomeDtl><ns2:IncomeDtl><ns2:SrlNo>16</ns2:SrlNo><ns2:IdenficationNum>53050500516950</ns2:IdenficationNum><ns2:NatureOfInc>INTEREST INCOME</ns2:NatureOfInc><ns2:DeductSection>194A</ns2:DeductSection><ns2:AmtOfInc>132</ns2:AmtOfInc></ns2:IncomeDtl><ns2:IncomeDtl><ns2:SrlNo>17</ns2:SrlNo><ns2:IdenficationNum>53050500513193</ns2:IdenficationNum><ns2:NatureOfInc>INTEREST INCOME</ns2:NatureOfInc><ns2:DeductSection>194A</ns2:DeductSection><ns2:AmtOfInc>351</ns2:AmtOfInc></ns2:IncomeDtl><ns2:IncomeDtl><ns2:SrlNo>18</ns2:SrlNo><ns2:IdenficationNum>530401022892274</ns2:IdenficationNum><ns2:NatureOfInc>INTEREST INCOME</ns2:NatureOfInc><ns2:DeductSection>194A</ns2:DeductSection><ns2:AmtOfInc>38244</ns2:AmtOfInc></ns2:IncomeDtl></ns2:IncomeDtls></ns2:Part1><ns2:Part1><ns2:Basicdtls><ns2:AssesseeName>SARLA KHANNA</ns2:AssesseeName><ns2:AssesseePAN>AALPK0266D</ns2:AssesseePAN><ns2:AssesseeDOB>1937-01-26</ns2:AssesseeDOB><ns2:PreviousYr>2019</ns2:PreviousYr><ns2:FlatDoorNo>NEWDELHI</ns2:FlatDoorNo><ns2:LocalityOrArea>NEWDELHI</ns2:LocalityOrArea><ns2:CityOrTownOrDistrict>NEWDELHI</ns2:CityOrTownOrDistrict><ns2:StateCode>99</ns2:StateCode><ns2:PinCode>110095</ns2:PinCode><ns2:EmailAddress>NULL@EMAIL.COM</ns2:EmailAddress><ns2:MobileNo>9868890944</ns2:MobileNo><ns2:TaxAssessedFlag>N</ns2:TaxAssessedFlag><ns2:EstimatedInc>225003</ns2:EstimatedInc><ns2:EstimatedTotalIncPrvYr>250000</ns2:EstimatedTotalIncPrvYr><ns2:TotalNoOfForm15H>0</ns2:TotalNoOfForm15H><ns2:AggregateAmtForm15H>0</ns2:AggregateAmtForm15H><ns2:UniqueIdNumber>H000204986201920DELC07438E</ns2:UniqueIdNumber><ns2:DeclarationDate>2019-12-19</ns2:DeclarationDate><ns2:AmtOfIncPaid>225003</ns2:AmtOfIncPaid><ns2:DateIncPaid>2019-12-19</ns2:DateIncPaid></ns2:Basicdtls><ns2:IncomeDtls><ns2:IncomeDtl><ns2:SrlNo>19</ns2:SrlNo><ns2:IdenficationNum>530401027794262</ns2:IdenficationNum><ns2:NatureOfInc>INTEREST INCOME</ns2:NatureOfInc><ns2:DeductSection>194A</ns2:DeductSection><ns2:AmtOfInc>11897</ns2:AmtOfInc></ns2:IncomeDtl><ns2:IncomeDtl><ns2:SrlNo>20</ns2:SrlNo><ns2:IdenficationNum>530101010566035</ns2:IdenficationNum><ns2:NatureOfInc>INTEREST INCOME</ns2:NatureOfInc><ns2:DeductSection>194A</ns2:DeductSection><ns2:AmtOfInc>3500</ns2:AmtOfInc></ns2:IncomeDtl><ns2:IncomeDtl><ns2:SrlNo>21</ns2:SrlNo><ns2:IdenficationNum>530431000889726</ns2:IdenficationNum><ns2:NatureOfInc>INTEREST INCOME</ns2:NatureOfInc><ns2:DeductSection>194A</ns2:DeductSection><ns2:AmtOfInc>7985</ns2:AmtOfInc></ns2:IncomeDtl><ns2:IncomeDtl><ns2:SrlNo>22</ns2:SrlNo><ns2:IdenficationNum>530401031994078</ns2:IdenficationNum><ns2:NatureOfInc>INTEREST INCOME</ns2:NatureOfInc><ns2:DeductSection>194A</ns2:DeductSection><ns2:AmtOfInc>3966</ns2:AmtOfInc></ns2:IncomeDtl><ns2:IncomeDtl><ns2:SrlNo>23</ns2:SrlNo><ns2:IdenficationNum>530101010565268</ns2:IdenficationNum><ns2:NatureOfInc>INTEREST INCOME</ns2:NatureOfInc><ns2:DeductSection>194A</ns2:DeductSection><ns2:AmtOfInc>1</ns2:AmtOfInc></ns2:IncomeDtl><ns2:IncomeDtl><ns2:SrlNo>24</ns2:SrlNo><ns2:IdenficationNum>530101010566019</ns2:IdenficationNum><ns2:NatureOfInc>INTEREST INCOME</ns2:NatureOfInc><ns2:DeductSection>194A</ns2:DeductSection><ns2:AmtOfInc>3500</ns2:AmtOfInc></ns2:IncomeDtl><ns2:IncomeDtl><ns2:SrlNo>25</ns2:SrlNo><ns2:IdenficationNum>530101010565039</ns2:IdenficationNum><ns2:NatureOfInc>INTEREST INCOME</ns2:NatureOfInc><ns2:DeductSection>194A</ns2:DeductSection><ns2:AmtOfInc>9800</ns2:AmtOfInc></ns2:IncomeDtl><ns2:IncomeDtl><ns2:SrlNo>26</ns2:SrlNo><ns2:IdenficationNum>530101344228258</ns2:IdenficationNum><ns2:NatureOfInc>INTEREST INCOME</ns2:NatureOfInc><ns2:DeductSection>194A</ns2:DeductSection><ns2:AmtOfInc>3500</ns2:AmtOfInc></ns2:IncomeDtl><ns2:IncomeDtl><ns2:SrlNo>27</ns2:SrlNo><ns2:IdenficationNum>530431000890244</ns2:IdenficationNum><ns2:NatureOfInc>INTEREST INCOME</ns2:NatureOfInc><ns2:DeductSection>194A</ns2:DeductSection><ns2:AmtOfInc>13933</ns2:AmtOfInc></ns2:IncomeDtl><ns2:IncomeDtl><ns2:SrlNo>28</ns2:SrlNo><ns2:IdenficationNum>530101010565020</ns2:IdenficationNum><ns2:NatureOfInc>INTEREST INCOME</ns2:NatureOfInc><ns2:DeductSection>194A</ns2:DeductSection><ns2:AmtOfInc>1</ns2:AmtOfInc></ns2:IncomeDtl><ns2:IncomeDtl><ns2:SrlNo>29</ns2:SrlNo><ns2:IdenficationNum>530101010565160</ns2:IdenficationNum><ns2:NatureOfInc>INTEREST INCOME</ns2:NatureOfInc><ns2:DeductSection>194A</ns2:DeductSection><ns2:AmtOfInc>5110</ns2:AmtOfInc></ns2:IncomeDtl><ns2:IncomeDtl><ns2:SrlNo>30</ns2:SrlNo><ns2:IdenficationNum>530101010565616</ns2:IdenficationNum><ns2:NatureOfInc>INTEREST INCOME</ns2:NatureOfInc><ns2:DeductSection>194A</ns2:DeductSection><ns2:AmtOfInc>3500</ns2:AmtOfInc></ns2:IncomeDtl><ns2:IncomeDtl><ns2:SrlNo>31</ns2:SrlNo><ns2:IdenficationNum>530431000889300</ns2:IdenficationNum><ns2:NatureOfInc>INTEREST INCOME</ns2:NatureOfInc><ns2:DeductSection>194A</ns2:DeductSection><ns2:AmtOfInc>1</ns2:AmtOfInc></ns2:IncomeDtl><ns2:IncomeDtl><ns2:SrlNo>32</ns2:SrlNo><ns2:IdenficationNum>530101010566736</ns2:IdenficationNum><ns2:NatureOfInc>INTEREST INCOME</ns2:NatureOfInc><ns2:DeductSection>194A</ns2:DeductSection><ns2:AmtOfInc>7000</ns2:AmtOfInc></ns2:IncomeDtl><ns2:IncomeDtl><ns2:SrlNo>33</ns2:SrlNo><ns2:IdenficationNum>530101010566027</ns2:IdenficationNum><ns2:NatureOfInc>INTEREST INCOME</ns2:NatureOfInc><ns2:DeductSection>194A</ns2:DeductSection><ns2:AmtOfInc>7000</ns2:AmtOfInc></ns2:IncomeDtl><ns2:IncomeDtl><ns2:SrlNo>34</ns2:SrlNo><ns2:IdenficationNum>530101010564581</ns2:IdenficationNum><ns2:NatureOfInc>INTEREST INCOME</ns2:NatureOfInc><ns2:DeductSection>194A</ns2:DeductSection><ns2:AmtOfInc>1788</ns2:AmtOfInc></ns2:IncomeDtl><ns2:IncomeDtl><ns2:SrlNo>35</ns2:SrlNo><ns2:IdenficationNum>530101010566183</ns2:IdenficationNum><ns2:NatureOfInc>INTEREST INCOME</ns2:NatureOfInc><ns2:DeductSection>194A</ns2:DeductSection><ns2:AmtOfInc>4911</ns2:AmtOfInc></ns2:IncomeDtl><ns2:IncomeDtl><ns2:SrlNo>36</ns2:SrlNo><ns2:IdenficationNum>530101010565551</ns2:IdenficationNum><ns2:NatureOfInc>INTEREST INCOME</ns2:NatureOfInc><ns2:DeductSection>194A</ns2:DeductSection><ns2:AmtOfInc>2100</ns2:AmtOfInc></ns2:IncomeDtl><ns2:IncomeDtl><ns2:SrlNo>37</ns2:SrlNo><ns2:IdenficationNum>530101010565365</ns2:IdenficationNum><ns2:NatureOfInc>INTEREST INCOME</ns2:NatureOfInc><ns2:DeductSection>194A</ns2:DeductSection><ns2:AmtOfInc>5982</ns2:AmtOfInc></ns2:IncomeDtl><ns2:IncomeDtl><ns2:SrlNo>38</ns2:SrlNo><ns2:IdenficationNum>530101010567007</ns2:IdenficationNum><ns2:NatureOfInc>INTEREST INCOME</ns2:NatureOfInc><ns2:DeductSection>194A</ns2:DeductSection><ns2:AmtOfInc>3500</ns2:AmtOfInc></ns2:IncomeDtl><ns2:IncomeDtl><ns2:SrlNo>39</ns2:SrlNo><ns2:IdenficationNum>530101010566991</ns2:IdenficationNum><ns2:NatureOfInc>INTEREST INCOME</ns2:NatureOfInc><ns2:DeductSection>194A</ns2:DeductSection><ns2:AmtOfInc>3500</ns2:AmtOfInc></ns2:IncomeDtl><ns2:IncomeDtl><ns2:SrlNo>40</ns2:SrlNo><ns2:IdenficationNum>530431001220636</ns2:IdenficationNum><ns2:NatureOfInc>INTEREST INCOME</ns2:NatureOfInc><ns2:DeductSection>194A</ns2:DeductSection><ns2:AmtOfInc>11022</ns2:AmtOfInc></ns2:IncomeDtl><ns2:IncomeDtl><ns2:SrlNo>41</ns2:SrlNo><ns2:IdenficationNum>530101010565713</ns2:IdenficationNum><ns2:NatureOfInc>INTEREST INCOME</ns2:NatureOfInc><ns2:DeductSection>194A</ns2:DeductSection><ns2:AmtOfInc>5250</ns2:AmtOfInc></ns2:IncomeDtl><ns2:IncomeDtl><ns2:SrlNo>42</ns2:SrlNo><ns2:IdenficationNum>530101010565322</ns2:IdenficationNum><ns2:NatureOfInc>INTEREST INCOME</ns2:NatureOfInc><ns2:DeductSection>194A</ns2:DeductSection><ns2:AmtOfInc>2220</ns2:AmtOfInc></ns2:IncomeDtl><ns2:IncomeDtl><ns2:SrlNo>43</ns2:SrlNo><ns2:IdenficationNum>530101010565845</ns2:IdenficationNum><ns2:NatureOfInc>INTEREST INCOME</ns2:NatureOfInc><ns2:DeductSection>194A</ns2:DeductSection><ns2:AmtOfInc>6399</ns2:AmtOfInc></ns2:IncomeDtl><ns2:IncomeDtl><ns2:SrlNo>44</ns2:SrlNo><ns2:IdenficationNum>530101010565373</ns2:IdenficationNum><ns2:NatureOfInc>INTEREST INCOME</ns2:NatureOfInc><ns2:DeductSection>194A</ns2:DeductSection><ns2:AmtOfInc>5982</ns2:AmtOfInc></ns2:IncomeDtl><ns2:IncomeDtl><ns2:SrlNo>45</ns2:SrlNo><ns2:IdenficationNum>530101010564598</ns2:IdenficationNum><ns2:NatureOfInc>INTEREST INCOME</ns2:NatureOfInc><ns2:DeductSection>194A</ns2:DeductSection><ns2:AmtOfInc>1788</ns2:AmtOfInc></ns2:IncomeDtl><ns2:IncomeDtl><ns2:SrlNo>46</ns2:SrlNo><ns2:IdenficationNum>530101010565251</ns2:IdenficationNum><ns2:NatureOfInc>INTEREST INCOME</ns2:NatureOfInc><ns2:DeductSection>194A</ns2:DeductSection><ns2:AmtOfInc>1</ns2:AmtOfInc></ns2:IncomeDtl><ns2:IncomeDtl><ns2:SrlNo>47</ns2:SrlNo><ns2:IdenficationNum>530101010568054</ns2:IdenficationNum><ns2:NatureOfInc>INTEREST INCOME</ns2:NatureOfInc><ns2:DeductSection>194A</ns2:DeductSection><ns2:AmtOfInc>1920</ns2:AmtOfInc></ns2:IncomeDtl><ns2:IncomeDtl><ns2:SrlNo>48</ns2:SrlNo><ns2:IdenficationNum>530101010565608</ns2:IdenficationNum><ns2:NatureOfInc>INTEREST INCOME</ns2:NatureOfInc><ns2:DeductSection>194A</ns2:DeductSection><ns2:AmtOfInc>3500</ns2:AmtOfInc></ns2:IncomeDtl><ns2:IncomeDtl><ns2:SrlNo>49</ns2:SrlNo><ns2:IdenficationNum>530101010567015</ns2:IdenficationNum><ns2:NatureOfInc>INTEREST INCOME</ns2:NatureOfInc><ns2:DeductSection>194A</ns2:DeductSection><ns2:AmtOfInc>5600</ns2:AmtOfInc></ns2:IncomeDtl><ns2:IncomeDtl><ns2:SrlNo>50</ns2:SrlNo><ns2:IdenficationNum>530101010565012</ns2:IdenficationNum><ns2:NatureOfInc>INTEREST INCOME</ns2:NatureOfInc><ns2:DeductSection>194A</ns2:DeductSection><ns2:AmtOfInc>10980</ns2:AmtOfInc></ns2:IncomeDtl><ns2:IncomeDtl><ns2:SrlNo>51</ns2:SrlNo><ns2:IdenficationNum>530101010566752</ns2:IdenficationNum><ns2:NatureOfInc>INTEREST INCOME</ns2:NatureOfInc><ns2:DeductSection>194A</ns2:DeductSection><ns2:AmtOfInc>7000</ns2:AmtOfInc></ns2:IncomeDtl><ns2:IncomeDtl><ns2:SrlNo>52</ns2:SrlNo><ns2:IdenficationNum>530101010565543</ns2:IdenficationNum><ns2:NatureOfInc>INTEREST INCOME</ns2:NatureOfInc><ns2:DeductSection>194A</ns2:DeductSection><ns2:AmtOfInc>2800</ns2:AmtOfInc></ns2:IncomeDtl><ns2:IncomeDtl><ns2:SrlNo>53</ns2:SrlNo><ns2:IdenficationNum>530431000890041</ns2:IdenficationNum><ns2:NatureOfInc>INTEREST INCOME</ns2:NatureOfInc><ns2:DeductSection>194A</ns2:DeductSection><ns2:AmtOfInc>15113</ns2:AmtOfInc></ns2:IncomeDtl><ns2:IncomeDtl><ns2:SrlNo>54</ns2:SrlNo><ns2:IdenficationNum>530101010568062</ns2:IdenficationNum><ns2:NatureOfInc>INTEREST INCOME</ns2:NatureOfInc><ns2:DeductSection>194A</ns2:DeductSection><ns2:AmtOfInc>2688</ns2:AmtOfInc></ns2:IncomeDtl><ns2:IncomeDtl><ns2:SrlNo>55</ns2:SrlNo><ns2:IdenficationNum>530101010566116</ns2:IdenficationNum><ns2:NatureOfInc>INTEREST INCOME</ns2:NatureOfInc><ns2:DeductSection>194A</ns2:DeductSection><ns2:AmtOfInc>5853</ns2:AmtOfInc></ns2:IncomeDtl><ns2:IncomeDtl><ns2:SrlNo>56</ns2:SrlNo><ns2:IdenficationNum>530401031993804</ns2:IdenficationNum><ns2:NatureOfInc>INTEREST INCOME</ns2:NatureOfInc><ns2:DeductSection>194A</ns2:DeductSection><ns2:AmtOfInc>3966</ns2:AmtOfInc></ns2:IncomeDtl><ns2:IncomeDtl><ns2:SrlNo>57</ns2:SrlNo><ns2:IdenficationNum>530101010566744</ns2:IdenficationNum><ns2:NatureOfInc>INTEREST INCOME</ns2:NatureOfInc><ns2:DeductSection>194A</ns2:DeductSection><ns2:AmtOfInc>7000</ns2:AmtOfInc></ns2:IncomeDtl><ns2:IncomeDtl><ns2:SrlNo>58</ns2:SrlNo><ns2:IdenficationNum>530101345841898</ns2:IdenficationNum><ns2:NatureOfInc>INTEREST INCOME</ns2:NatureOfInc><ns2:DeductSection>194A</ns2:DeductSection><ns2:AmtOfInc>5625</ns2:AmtOfInc></ns2:IncomeDtl><ns2:IncomeDtl><ns2:SrlNo>59</ns2:SrlNo><ns2:IdenficationNum>530431001343955</ns2:IdenficationNum><ns2:NatureOfInc>INTEREST INCOME</ns2:NatureOfInc><ns2:DeductSection>194A</ns2:DeductSection><ns2:AmtOfInc>5733</ns2:AmtOfInc></ns2:IncomeDtl><ns2:IncomeDtl><ns2:SrlNo>60</ns2:SrlNo><ns2:IdenficationNum>530101010566175</ns2:IdenficationNum><ns2:NatureOfInc>INTEREST INCOME</ns2:NatureOfInc><ns2:DeductSection>194A</ns2:DeductSection><ns2:AmtOfInc>4911</ns2:AmtOfInc></ns2:IncomeDtl><ns2:IncomeDtl><ns2:SrlNo>61</ns2:SrlNo><ns2:IdenficationNum>530101010565705</ns2:IdenficationNum><ns2:NatureOfInc>INTEREST INCOME</ns2:NatureOfInc><ns2:DeductSection>194A</ns2:DeductSection><ns2:AmtOfInc>5250</ns2:AmtOfInc></ns2:IncomeDtl><ns2:IncomeDtl><ns2:SrlNo>62</ns2:SrlNo><ns2:IdenficationNum>530101010565357</ns2:IdenficationNum><ns2:NatureOfInc>INTEREST INCOME</ns2:NatureOfInc><ns2:DeductSection>194A</ns2:DeductSection><ns2:AmtOfInc>3700</ns2:AmtOfInc></ns2:IncomeDtl><ns2:IncomeDtl><ns2:SrlNo>63</ns2:SrlNo><ns2:IdenficationNum>530101010565179</ns2:IdenficationNum><ns2:NatureOfInc>INTEREST INCOME</ns2:NatureOfInc><ns2:DeductSection>194A</ns2:DeductSection><ns2:AmtOfInc>4380</ns2:AmtOfInc></ns2:IncomeDtl><ns2:IncomeDtl><ns2:SrlNo>64</ns2:SrlNo><ns2:IdenficationNum>530101343948221</ns2:IdenficationNum><ns2:NatureOfInc>INTEREST INCOME</ns2:NatureOfInc><ns2:DeductSection>194A</ns2:DeductSection><ns2:AmtOfInc>7300</ns2:AmtOfInc></ns2:IncomeDtl><ns2:IncomeDtl><ns2:SrlNo>65</ns2:SrlNo><ns2:IdenficationNum>530101345839264</ns2:IdenficationNum><ns2:NatureOfInc>INTEREST INCOME</ns2:NatureOfInc><ns2:DeductSection>194A</ns2:DeductSection><ns2:AmtOfInc>1</ns2:AmtOfInc></ns2:IncomeDtl><ns2:IncomeDtl><ns2:SrlNo>66</ns2:SrlNo><ns2:IdenficationNum>530431000889513</ns2:IdenficationNum><ns2:NatureOfInc>INTEREST INCOME</ns2:NatureOfInc><ns2:DeductSection>194A</ns2:DeductSection><ns2:AmtOfInc>1</ns2:AmtOfInc></ns2:IncomeDtl><ns2:IncomeDtl><ns2:SrlNo>67</ns2:SrlNo><ns2:IdenficationNum>530101010568267</ns2:IdenficationNum><ns2:NatureOfInc>INTEREST INCOME</ns2:NatureOfInc><ns2:DeductSection>194A</ns2:DeductSection><ns2:AmtOfInc>1875</ns2:AmtOfInc></ns2:IncomeDtl><ns2:IncomeDtl><ns2:SrlNo>68</ns2:SrlNo><ns2:IdenficationNum>530101010568259</ns2:IdenficationNum><ns2:NatureOfInc>INTEREST INCOME</ns2:NatureOfInc><ns2:DeductSection>194A</ns2:DeductSection><ns2:AmtOfInc>2813</ns2:AmtOfInc></ns2:IncomeDtl><ns2:IncomeDtl><ns2:SrlNo>69</ns2:SrlNo><ns2:IdenficationNum>530431001075513</ns2:IdenficationNum><ns2:NatureOfInc>INTEREST INCOME</ns2:NatureOfInc><ns2:DeductSection>194A</ns2:DeductSection><ns2:AmtOfInc>11753</ns2:AmtOfInc></ns2:IncomeDtl><ns2:IncomeDtl><ns2:SrlNo>70</ns2:SrlNo><ns2:IdenficationNum>530101344228179</ns2:IdenficationNum><ns2:NatureOfInc>INTEREST INCOME</ns2:NatureOfInc><ns2:DeductSection>194A</ns2:DeductSection><ns2:AmtOfInc>3500</ns2:AmtOfInc></ns2:IncomeDtl><ns2:IncomeDtl><ns2:SrlNo>71</ns2:SrlNo><ns2:IdenficationNum>530101010565152</ns2:IdenficationNum><ns2:NatureOfInc>INTEREST INCOME</ns2:NatureOfInc><ns2:DeductSection>194A</ns2:DeductSection><ns2:AmtOfInc>4380</ns2:AmtOfInc></ns2:IncomeDtl></ns2:IncomeDtls></ns2:Part1><ns2:Part1><ns2:Basicdtls><ns2:AssesseeName>UMA KHULLAR</ns2:AssesseeName><ns2:AssesseePAN>AXVPK6714H</ns2:AssesseePAN><ns2:AssesseeDOB>1939-01-04</ns2:AssesseeDOB><ns2:PreviousYr>2019</ns2:PreviousYr><ns2:FlatDoorNo>NEWDELHI</ns2:FlatDoorNo><ns2:LocalityOrArea>NEWDELHI</ns2:LocalityOrArea><ns2:CityOrTownOrDistrict>NEWDELHI</ns2:CityOrTownOrDistrict><ns2:StateCode>99</ns2:StateCode><ns2:PinCode>110095</ns2:PinCode><ns2:EmailAddress>NULL@EMAIL.COM</ns2:EmailAddress><ns2:MobileNo>9899678112</ns2:MobileNo><ns2:TaxAssessedFlag>Y</ns2:TaxAssessedFlag><ns2:LatestAsstYr>2019</ns2:LatestAsstYr><ns2:EstimatedInc>117152</ns2:EstimatedInc><ns2:EstimatedTotalIncPrvYr>175200</ns2:EstimatedTotalIncPrvYr><ns2:TotalNoOfForm15H>0</ns2:TotalNoOfForm15H><ns2:AggregateAmtForm15H>0</ns2:AggregateAmtForm15H><ns2:UniqueIdNumber>H000203190201920DELC07438E</ns2:UniqueIdNumber><ns2:DeclarationDate>2019-07-12</ns2:DeclarationDate><ns2:AmtOfIncPaid>117152</ns2:AmtOfIncPaid><ns2:DateIncPaid>2019-07-12</ns2:DateIncPaid></ns2:Basicdtls><ns2:IncomeDtls><ns2:IncomeDtl><ns2:SrlNo>72</ns2:SrlNo><ns2:IdenficationNum>53050500240738</ns2:IdenficationNum><ns2:NatureOfInc>INTEREST INCOME</ns2:NatureOfInc><ns2:DeductSection>194A</ns2:DeductSection><ns2:AmtOfInc>1</ns2:AmtOfInc></ns2:IncomeDtl><ns2:IncomeDtl><ns2:SrlNo>73</ns2:SrlNo><ns2:IdenficationNum>53050500471602</ns2:IdenficationNum><ns2:NatureOfInc>INTEREST INCOME</ns2:NatureOfInc><ns2:DeductSection>194A</ns2:DeductSection><ns2:AmtOfInc>1090</ns2:AmtOfInc></ns2:IncomeDtl><ns2:IncomeDtl><ns2:SrlNo>74</ns2:SrlNo><ns2:IdenficationNum>53050500502203</ns2:IdenficationNum><ns2:NatureOfInc>INTEREST INCOME</ns2:NatureOfInc><ns2:DeductSection>194A</ns2:DeductSection><ns2:AmtOfInc>4406</ns2:AmtOfInc></ns2:IncomeDtl><ns2:IncomeDtl><ns2:SrlNo>75</ns2:SrlNo><ns2:IdenficationNum>530551012518532</ns2:IdenficationNum><ns2:NatureOfInc>INTEREST INCOME</ns2:NatureOfInc><ns2:DeductSection>194A</ns2:DeductSection><ns2:AmtOfInc>1</ns2:AmtOfInc></ns2:IncomeDtl><ns2:IncomeDtl><ns2:SrlNo>76</ns2:SrlNo><ns2:IdenficationNum>530101010564547</ns2:IdenficationNum><ns2:NatureOfInc>INTEREST INCOME</ns2:NatureOfInc><ns2:DeductSection>194A</ns2:DeductSection><ns2:AmtOfInc>80500</ns2:AmtOfInc></ns2:IncomeDtl><ns2:IncomeDtl><ns2:SrlNo>77</ns2:SrlNo><ns2:IdenficationNum>530551008645574</ns2:IdenficationNum><ns2:NatureOfInc>INTEREST INCOME</ns2:NatureOfInc><ns2:DeductSection>194A</ns2:DeductSection><ns2:AmtOfInc>1</ns2:AmtOfInc></ns2:IncomeDtl><ns2:IncomeDtl><ns2:SrlNo>78</ns2:SrlNo><ns2:IdenficationNum>530551008645590</ns2:IdenficationNum><ns2:NatureOfInc>INTEREST INCOME</ns2:NatureOfInc><ns2:DeductSection>194A</ns2:DeductSection><ns2:AmtOfInc>1</ns2:AmtOfInc></ns2:IncomeDtl><ns2:IncomeDtl><ns2:SrlNo>79</ns2:SrlNo><ns2:IdenficationNum>530551008645558</ns2:IdenficationNum><ns2:NatureOfInc>INTEREST INCOME</ns2:NatureOfInc><ns2:DeductSection>194A</ns2:DeductSection><ns2:AmtOfInc>1</ns2:AmtOfInc></ns2:IncomeDtl><ns2:IncomeDtl><ns2:SrlNo>80</ns2:SrlNo><ns2:IdenficationNum>53050500517667</ns2:IdenficationNum><ns2:NatureOfInc>INTEREST INCOME</ns2:NatureOfInc><ns2:DeductSection>194A</ns2:DeductSection><ns2:AmtOfInc>3069</ns2:AmtOfInc></ns2:IncomeDtl><ns2:IncomeDtl><ns2:SrlNo>81</ns2:SrlNo><ns2:IdenficationNum>530551008645582</ns2:IdenficationNum><ns2:NatureOfInc>INTEREST INCOME</ns2:NatureOfInc><ns2:DeductSection>194A</ns2:DeductSection><ns2:AmtOfInc>1</ns2:AmtOfInc></ns2:IncomeDtl><ns2:IncomeDtl><ns2:SrlNo>82</ns2:SrlNo><ns2:IdenficationNum>530551012461012</ns2:IdenficationNum><ns2:NatureOfInc>INTEREST INCOME</ns2:NatureOfInc><ns2:DeductSection>194A</ns2:DeductSection><ns2:AmtOfInc>1</ns2:AmtOfInc></ns2:IncomeDtl><ns2:IncomeDtl><ns2:SrlNo>83</ns2:SrlNo><ns2:IdenficationNum>530551008645620</ns2:IdenficationNum><ns2:NatureOfInc>INTEREST INCOME</ns2:NatureOfInc><ns2:DeductSection>194A</ns2:DeductSection><ns2:AmtOfInc>1</ns2:AmtOfInc></ns2:IncomeDtl><ns2:IncomeDtl><ns2:SrlNo>84</ns2:SrlNo><ns2:IdenficationNum>53050500486729</ns2:IdenficationNum><ns2:NatureOfInc>INTEREST INCOME</ns2:NatureOfInc><ns2:DeductSection>194A</ns2:DeductSection><ns2:AmtOfInc>3866</ns2:AmtOfInc></ns2:IncomeDtl><ns2:IncomeDtl><ns2:SrlNo>85</ns2:SrlNo><ns2:IdenficationNum>53050500501921</ns2:IdenficationNum><ns2:NatureOfInc>INTEREST INCOME</ns2:NatureOfInc><ns2:DeductSection>194A</ns2:DeductSection><ns2:AmtOfInc>8869</ns2:AmtOfInc></ns2:IncomeDtl><ns2:IncomeDtl><ns2:SrlNo>86</ns2:SrlNo><ns2:IdenficationNum>53050500502045</ns2:IdenficationNum><ns2:NatureOfInc>INTEREST INCOME</ns2:NatureOfInc><ns2:DeductSection>194A</ns2:DeductSection><ns2:AmtOfInc>3789</ns2:AmtOfInc></ns2:IncomeDtl><ns2:IncomeDtl><ns2:SrlNo>87</ns2:SrlNo><ns2:IdenficationNum>53050500490254</ns2:IdenficationNum><ns2:NatureOfInc>INTEREST INCOME</ns2:NatureOfInc><ns2:DeductSection>194A</ns2:DeductSection><ns2:AmtOfInc>8064</ns2:AmtOfInc></ns2:IncomeDtl><ns2:IncomeDtl><ns2:SrlNo>88</ns2:SrlNo><ns2:IdenficationNum>530551008645612</ns2:IdenficationNum><ns2:NatureOfInc>INTEREST INCOME</ns2:NatureOfInc><ns2:DeductSection>194A</ns2:DeductSection><ns2:AmtOfInc>1</ns2:AmtOfInc></ns2:IncomeDtl><ns2:IncomeDtl><ns2:SrlNo>89</ns2:SrlNo><ns2:IdenficationNum>530551008645566</ns2:IdenficationNum><ns2:NatureOfInc>INTEREST INCOME</ns2:NatureOfInc><ns2:DeductSection>194A</ns2:DeductSection><ns2:AmtOfInc>1</ns2:AmtOfInc></ns2:IncomeDtl><ns2:IncomeDtl><ns2:SrlNo>90</ns2:SrlNo><ns2:IdenficationNum>53050500471754</ns2:IdenficationNum><ns2:NatureOfInc>INTEREST INCOME</ns2:NatureOfInc><ns2:DeductSection>194A</ns2:DeductSection><ns2:AmtOfInc>700</ns2:AmtOfInc></ns2:IncomeDtl><ns2:IncomeDtl><ns2:SrlNo>91</ns2:SrlNo><ns2:IdenficationNum>530401022891960</ns2:IdenficationNum><ns2:NatureOfInc>INTEREST INCOME</ns2:NatureOfInc><ns2:DeductSection>194A</ns2:DeductSection><ns2:AmtOfInc>2027</ns2:AmtOfInc></ns2:IncomeDtl><ns2:IncomeDtl><ns2:SrlNo>92</ns2:SrlNo><ns2:IdenficationNum>530551008645604</ns2:IdenficationNum><ns2:NatureOfInc>INTEREST INCOME</ns2:NatureOfInc><ns2:DeductSection>194A</ns2:DeductSection><ns2:AmtOfInc>1</ns2:AmtOfInc></ns2:IncomeDtl><ns2:IncomeDtl><ns2:SrlNo>93</ns2:SrlNo><ns2:IdenficationNum>53050500486969</ns2:IdenficationNum><ns2:NatureOfInc>INTEREST INCOME</ns2:NatureOfInc><ns2:DeductSection>194A</ns2:DeductSection><ns2:AmtOfInc>1219</ns2:AmtOfInc></ns2:IncomeDtl><ns2:IncomeDtl><ns2:SrlNo>94</ns2:SrlNo><ns2:IdenficationNum>53050500471860</ns2:IdenficationNum><ns2:NatureOfInc>INTEREST INCOME</ns2:NatureOfInc><ns2:DeductSection>194A</ns2:DeductSection><ns2:AmtOfInc>772</ns2:AmtOfInc></ns2:IncomeDtl></ns2:IncomeDtls></ns2:Part1></ns2:Part1Dtls></ns2:Form15HDtls></ns2:FORM15H>