<?xml version="1.0" encoding="UTF-8" standalone="yes"?><ns2:FORM15H xmlns="http://incometaxindiaefiling.gov.in/common" xmlns:ns2="http://incometaxindiaefiling.gov.in/FORM15H"><ns2:FormCreationInfo><CreationInfo><SWVersionNo>11.8.2.0</SWVersionNo><SWCreatedBy>Relyon Softech Ltd</SWCreatedBy><XMLCreatedBy>SaralTDSWeb</XMLCreatedBy><XMLCreationDate>2020-01-06</XMLCreationDate></CreationInfo><Form_Details><FormName>FORM15H</FormName><AssessmentYear>2020</AssessmentYear><SchemaVer>V1.0</SchemaVer><FormVer>1.0</FormVer></Form_Details></ns2:FormCreationInfo><ns2:Form15HDtls><ns2:TAN>BLRC11047B</ns2:TAN><ns2:Quarter>Q3</ns2:Quarter><ns2:FinancialYr>2019</ns2:FinancialYr><ns2:FilingType>O</ns2:FilingType><ns2:Part1Dtls><ns2:Part1><ns2:Basicdtls><ns2:AssesseeName>SUNANDAMMA</ns2:AssesseeName><ns2:AssesseePAN>HICPS4687C</ns2:AssesseePAN><ns2:AssesseeDOB>1956-01-01</ns2:AssesseeDOB><ns2:PreviousYr>2019</ns2:PreviousYr><ns2:FlatDoorNo>RAMANAGAR</ns2:FlatDoorNo><ns2:LocalityOrArea>RAMANAGAR</ns2:LocalityOrArea><ns2:CityOrTownOrDistrict>RAMANAGAR</ns2:CityOrTownOrDistrict><ns2:StateCode>99</ns2:StateCode><ns2:PinCode>562117</ns2:PinCode><ns2:EmailAddress>MUNIANDI@CORPBANK.CO.IN</ns2:EmailAddress><ns2:MobileNo>9844325125</ns2:MobileNo><ns2:TaxAssessedFlag>N</ns2:TaxAssessedFlag><ns2:EstimatedInc>16546</ns2:EstimatedInc><ns2:EstimatedTotalIncPrvYr>300000</ns2:EstimatedTotalIncPrvYr><ns2:TotalNoOfForm15H>0</ns2:TotalNoOfForm15H><ns2:AggregateAmtForm15H>0</ns2:AggregateAmtForm15H><ns2:UniqueIdNumber>H000196853201920BLRC11047B</ns2:UniqueIdNumber><ns2:DeclarationDate>2019-04-11</ns2:DeclarationDate><ns2:AmtOfIncPaid>16546</ns2:AmtOfIncPaid><ns2:DateIncPaid>2019-04-11</ns2:DateIncPaid></ns2:Basicdtls><ns2:IncomeDtls><ns2:IncomeDtl><ns2:SrlNo>1</ns2:SrlNo><ns2:IdenficationNum>530241000007266</ns2:IdenficationNum><ns2:NatureOfInc>INTEREST INCOME</ns2:NatureOfInc><ns2:DeductSection>194A</ns2:DeductSection><ns2:AmtOfInc>1650</ns2:AmtOfInc></ns2:IncomeDtl><ns2:IncomeDtl><ns2:SrlNo>2</ns2:SrlNo><ns2:IdenficationNum>530241000016691</ns2:IdenficationNum><ns2:NatureOfInc>INTEREST INCOME</ns2:NatureOfInc><ns2:DeductSection>194A</ns2:DeductSection><ns2:AmtOfInc>5025</ns2:AmtOfInc></ns2:IncomeDtl><ns2:IncomeDtl><ns2:SrlNo>3</ns2:SrlNo><ns2:IdenficationNum>530101342158507</ns2:IdenficationNum><ns2:NatureOfInc>INTEREST INCOME</ns2:NatureOfInc><ns2:DeductSection>194A</ns2:DeductSection><ns2:AmtOfInc>6570</ns2:AmtOfInc></ns2:IncomeDtl></ns2:IncomeDtls></ns2:Part1></ns2:Part1Dtls></ns2:Form15HDtls></ns2:FORM15H>