<?xml version="1.0"?>
<DocumentElement>
  <Errors>
    <ID_PK>1</ID_PK>
    <RowNo>2</RowNo>
    <BranchCode>NA</BranchCode>
    <Description>Data Error. Blank lines are not allowed</Description>
  </Errors>
  <Errors>
    <ID_PK>1</ID_PK>
    <RowNo>4</RowNo>
    <BranchCode>NA</BranchCode>
    <Description>Data Error. Blank lines are not allowed</Description>
  </Errors>
  <Errors>
    <ID_PK>1</ID_PK>
    <RowNo>6</RowNo>
    <BranchCode>NA</BranchCode>
    <Description>Data Error. Blank lines are not allowed</Description>
  </Errors>
  <Errors>
    <ID_PK>1</ID_PK>
    <RowNo>8</RowNo>
    <BranchCode>NA</BranchCode>
    <Description>Data Error. Blank lines are not allowed</Description>
  </Errors>
  <Errors>
    <ID_PK>1</ID_PK>
    <RowNo>10</RowNo>
    <BranchCode>NA</BranchCode>
    <Description>Data Error. Blank lines are not allowed</Description>
  </Errors>
  <Errors>
    <ID_PK>1</ID_PK>
    <RowNo>12</RowNo>
    <BranchCode>NA</BranchCode>
    <Description>Data Error. Blank lines are not allowed</Description>
  </Errors>
  <Errors>
    <ID_PK>1</ID_PK>
    <RowNo>14</RowNo>
    <BranchCode>NA</BranchCode>
    <Description>Data Error. Blank lines are not allowed</Description>
  </Errors>
  <Errors>
    <ID_PK>1</ID_PK>
    <RowNo>16</RowNo>
    <BranchCode>NA</BranchCode>
    <Description>Data Error. Blank lines are not allowed</Description>
  </Errors>
  <Errors>
    <ID_PK>1</ID_PK>
    <RowNo>18</RowNo>
    <BranchCode>NA</BranchCode>
    <Description>Data Error. Blank lines are not allowed</Description>
  </Errors>
  <Errors>
    <ID_PK>1</ID_PK>
    <RowNo>20</RowNo>
    <BranchCode>NA</BranchCode>
    <Description>Data Error. Blank lines are not allowed</Description>
  </Errors>
  <Errors>
    <ID_PK>1</ID_PK>
    <RowNo>22</RowNo>
    <BranchCode>NA</BranchCode>
    <Description>Data Error. Blank lines are not allowed</Description>
  </Errors>
  <Errors>
    <ID_PK>1</ID_PK>
    <RowNo>23</RowNo>
    <BranchCode>531138</BranchCode>
    <Description>Branch Code (531138) doesn't exist</Description>
  </Errors>
  <Errors>
    <ID_PK>1</ID_PK>
    <RowNo>24</RowNo>
    <BranchCode>NA</BranchCode>
    <Description>Data Error. Blank lines are not allowed</Description>
  </Errors>
  <Errors>
    <ID_PK>1</ID_PK>
    <RowNo>25</RowNo>
    <BranchCode>531138</BranchCode>
    <Description>Branch Code (531138) doesn't exist</Description>
  </Errors>
  <Errors>
    <ID_PK>1</ID_PK>
    <RowNo>26</RowNo>
    <BranchCode>NA</BranchCode>
    <Description>Data Error. Blank lines are not allowed</Description>
  </Errors>
  <Errors>
    <ID_PK>1</ID_PK>
    <RowNo>27</RowNo>
    <BranchCode>531138</BranchCode>
    <Description>Branch Code (531138) doesn't exist</Description>
  </Errors>
  <Errors>
    <ID_PK>1</ID_PK>
    <RowNo>28</RowNo>
    <BranchCode>NA</BranchCode>
    <Description>Data Error. Blank lines are not allowed</Description>
  </Errors>
  <Errors>
    <ID_PK>1</ID_PK>
    <RowNo>29</RowNo>
    <BranchCode>535087</BranchCode>
    <Description>Branch Code (535087) doesn't exist</Description>
  </Errors>
  <Errors>
    <ID_PK>1</ID_PK>
    <RowNo>30</RowNo>
    <BranchCode>NA</BranchCode>
    <Description>Data Error. Blank lines are not allowed</Description>
  </Errors>
  <Errors>
    <ID_PK>1</ID_PK>
    <RowNo>31</RowNo>
    <BranchCode>535109</BranchCode>
    <Description>Branch Code (535109) doesn't exist</Description>
  </Errors>
  <Errors>
    <ID_PK>1</ID_PK>
    <RowNo>32</RowNo>
    <BranchCode>NA</BranchCode>
    <Description>Data Error. Blank lines are not allowed</Description>
  </Errors>
  <Errors>
    <ID_PK>1</ID_PK>
    <RowNo>33</RowNo>
    <BranchCode>536237</BranchCode>
    <Description>Branch Code (536237) doesn't exist</Description>
  </Errors>
  <Errors>
    <ID_PK>1</ID_PK>
    <RowNo>34</RowNo>
    <BranchCode>NA</BranchCode>
    <Description>Data Error. Blank lines are not allowed</Description>
  </Errors>
  <Errors>
    <ID_PK>1</ID_PK>
    <RowNo>35</RowNo>
    <BranchCode>536237</BranchCode>
    <Description>Branch Code (536237) doesn't exist</Description>
  </Errors>
  <Errors>
    <ID_PK>1</ID_PK>
    <RowNo>36</RowNo>
    <BranchCode>NA</BranchCode>
    <Description>Data Error. Blank lines are not allowed</Description>
  </Errors>
  <Errors>
    <ID_PK>1</ID_PK>
    <RowNo>37</RowNo>
    <BranchCode>536237</BranchCode>
    <Description>Branch Code (536237) doesn't exist</Description>
  </Errors>
  <Errors>
    <ID_PK>1</ID_PK>
    <RowNo>38</RowNo>
    <BranchCode>NA</BranchCode>
    <Description>Data Error. Blank lines are not allowed</Description>
  </Errors>
  <Errors>
    <ID_PK>1</ID_PK>
    <RowNo>39</RowNo>
    <BranchCode>536237</BranchCode>
    <Description>Branch Code (536237) doesn't exist</Description>
  </Errors>
  <Errors>
    <ID_PK>1</ID_PK>
    <RowNo>40</RowNo>
    <BranchCode>NA</BranchCode>
    <Description>Data Error. Blank lines are not allowed</Description>
  </Errors>
  <Errors>
    <ID_PK>1</ID_PK>
    <RowNo>41</RowNo>
    <BranchCode>536237</BranchCode>
    <Description>Branch Code (536237) doesn't exist</Description>
  </Errors>
  <Errors>
    <ID_PK>1</ID_PK>
    <RowNo>42</RowNo>
    <BranchCode>NA</BranchCode>
    <Description>Data Error. Blank lines are not allowed</Description>
  </Errors>
  <Errors>
    <ID_PK>1</ID_PK>
    <RowNo>43</RowNo>
    <BranchCode>536237</BranchCode>
    <Description>Branch Code (536237) doesn't exist</Description>
  </Errors>
  <Errors>
    <ID_PK>1</ID_PK>
    <RowNo>44</RowNo>
    <BranchCode>NA</BranchCode>
    <Description>Data Error. Blank lines are not allowed</Description>
  </Errors>
  <Errors>
    <ID_PK>1</ID_PK>
    <RowNo>45</RowNo>
    <BranchCode>536237</BranchCode>
    <Description>Branch Code (536237) doesn't exist</Description>
  </Errors>
  <Errors>
    <ID_PK>1</ID_PK>
    <RowNo>46</RowNo>
    <BranchCode>NA</BranchCode>
    <Description>Data Error. Blank lines are not allowed</Description>
  </Errors>
  <Errors>
    <ID_PK>1</ID_PK>
    <RowNo>47</RowNo>
    <BranchCode>536237</BranchCode>
    <Description>Branch Code (536237) doesn't exist</Description>
  </Errors>
  <Errors>
    <ID_PK>1</ID_PK>
    <RowNo>48</RowNo>
    <BranchCode>NA</BranchCode>
    <Description>Data Error. Blank lines are not allowed</Description>
  </Errors>
  <Errors>
    <ID_PK>1</ID_PK>
    <RowNo>49</RowNo>
    <BranchCode>536237</BranchCode>
    <Description>Branch Code (536237) doesn't exist</Description>
  </Errors>
  <Errors>
    <ID_PK>1</ID_PK>
    <RowNo>50</RowNo>
    <BranchCode>NA</BranchCode>
    <Description>Data Error. Blank lines are not allowed</Description>
  </Errors>
  <Errors>
    <ID_PK>1</ID_PK>
    <RowNo>51</RowNo>
    <BranchCode>536237</BranchCode>
    <Description>Branch Code (536237) doesn't exist</Description>
  </Errors>
  <Errors>
    <ID_PK>1</ID_PK>
    <RowNo>52</RowNo>
    <BranchCode>NA</BranchCode>
    <Description>Data Error. Blank lines are not allowed</Description>
  </Errors>
  <Errors>
    <ID_PK>1</ID_PK>
    <RowNo>53</RowNo>
    <BranchCode>536237</BranchCode>
    <Description>Branch Code (536237) doesn't exist</Description>
  </Errors>
  <Errors>
    <ID_PK>1</ID_PK>
    <RowNo>54</RowNo>
    <BranchCode>NA</BranchCode>
    <Description>Data Error. Blank lines are not allowed</Description>
  </Errors>
  <Errors>
    <ID_PK>1</ID_PK>
    <RowNo>55</RowNo>
    <BranchCode>536237</BranchCode>
    <Description>Branch Code (536237) doesn't exist</Description>
  </Errors>
  <Errors>
    <ID_PK>1</ID_PK>
    <RowNo>56</RowNo>
    <BranchCode>NA</BranchCode>
    <Description>Data Error. Blank lines are not allowed</Description>
  </Errors>
  <Errors>
    <ID_PK>1</ID_PK>
    <RowNo>57</RowNo>
    <BranchCode>536237</BranchCode>
    <Description>Branch Code (536237) doesn't exist</Description>
  </Errors>
  <Errors>
    <ID_PK>1</ID_PK>
    <RowNo>58</RowNo>
    <BranchCode>NA</BranchCode>
    <Description>Data Error. Blank lines are not allowed</Description>
  </Errors>
  <Errors>
    <ID_PK>1</ID_PK>
    <RowNo>59</RowNo>
    <BranchCode>536237</BranchCode>
    <Description>Branch Code (536237) doesn't exist</Description>
  </Errors>
  <Errors>
    <ID_PK>1</ID_PK>
    <RowNo>60</RowNo>
    <BranchCode>NA</BranchCode>
    <Description>Data Error. Blank lines are not allowed</Description>
  </Errors>
  <Errors>
    <ID_PK>1</ID_PK>
    <RowNo>61</RowNo>
    <BranchCode>536237</BranchCode>
    <Description>Branch Code (536237) doesn't exist</Description>
  </Errors>
  <Errors>
    <ID_PK>1</ID_PK>
    <RowNo>62</RowNo>
    <BranchCode>NA</BranchCode>
    <Description>Data Error. Blank lines are not allowed</Description>
  </Errors>
  <Errors>
    <ID_PK>1</ID_PK>
    <RowNo>63</RowNo>
    <BranchCode>536237</BranchCode>
    <Description>Branch Code (536237) doesn't exist</Description>
  </Errors>
  <Errors>
    <ID_PK>1</ID_PK>
    <RowNo>64</RowNo>
    <BranchCode>NA</BranchCode>
    <Description>Data Error. Blank lines are not allowed</Description>
  </Errors>
  <Errors>
    <ID_PK>1</ID_PK>
    <RowNo>65</RowNo>
    <BranchCode>536237</BranchCode>
    <Description>Branch Code (536237) doesn't exist</Description>
  </Errors>
  <Errors>
    <ID_PK>1</ID_PK>
    <RowNo>66</RowNo>
    <BranchCode>NA</BranchCode>
    <Description>Data Error. Blank lines are not allowed</Description>
  </Errors>
  <Errors>
    <ID_PK>1</ID_PK>
    <RowNo>67</RowNo>
    <BranchCode>536237</BranchCode>
    <Description>Branch Code (536237) doesn't exist</Description>
  </Errors>
  <Errors>
    <ID_PK>1</ID_PK>
    <RowNo>68</RowNo>
    <BranchCode>NA</BranchCode>
    <Description>Data Error. Blank lines are not allowed</Description>
  </Errors>
  <Errors>
    <ID_PK>1</ID_PK>
    <RowNo>69</RowNo>
    <BranchCode>536237</BranchCode>
    <Description>Branch Code (536237) doesn't exist</Description>
  </Errors>
  <Errors>
    <ID_PK>1</ID_PK>
    <RowNo>70</RowNo>
    <BranchCode>NA</BranchCode>
    <Description>Data Error. Blank lines are not allowed</Description>
  </Errors>
  <Errors>
    <ID_PK>1</ID_PK>
    <RowNo>71</RowNo>
    <BranchCode>538337</BranchCode>
    <Description>Branch Code (538337) doesn't exist</Description>
  </Errors>
  <Errors>
    <ID_PK>1</ID_PK>
    <RowNo>72</RowNo>
    <BranchCode>NA</BranchCode>
    <Description>Data Error. Blank lines are not allowed</Description>
  </Errors>
  <Errors>
    <ID_PK>1</ID_PK>
    <RowNo>73</RowNo>
    <BranchCode>538337</BranchCode>
    <Description>Branch Code (538337) doesn't exist</Description>
  </Errors>
  <Errors>
    <ID_PK>1</ID_PK>
    <RowNo>74</RowNo>
    <BranchCode>NA</BranchCode>
    <Description>Data Error. Blank lines are not allowed</Description>
  </Errors>
  <Errors>
    <ID_PK>1</ID_PK>
    <RowNo>75</RowNo>
    <BranchCode>538337</BranchCode>
    <Description>Branch Code (538337) doesn't exist</Description>
  </Errors>
  <Errors>
    <ID_PK>1</ID_PK>
    <RowNo>76</RowNo>
    <BranchCode>NA</BranchCode>
    <Description>Data Error. Blank lines are not allowed</Description>
  </Errors>
  <Errors>
    <ID_PK>1</ID_PK>
    <RowNo>77</RowNo>
    <BranchCode>538337</BranchCode>
    <Description>Branch Code (538337) doesn't exist</Description>
  </Errors>
  <Errors>
    <ID_PK>1</ID_PK>
    <RowNo>78</RowNo>
    <BranchCode>NA</BranchCode>
    <Description>Data Error. Blank lines are not allowed</Description>
  </Errors>
  <Errors>
    <ID_PK>1</ID_PK>
    <RowNo>79</RowNo>
    <BranchCode>538337</BranchCode>
    <Description>Branch Code (538337) doesn't exist</Description>
  </Errors>
  <Errors>
    <ID_PK>1</ID_PK>
    <RowNo>80</RowNo>
    <BranchCode>NA</BranchCode>
    <Description>Data Error. Blank lines are not allowed</Description>
  </Errors>
  <Errors>
    <ID_PK>1</ID_PK>
    <RowNo>81</RowNo>
    <BranchCode>538337</BranchCode>
    <Description>Branch Code (538337) doesn't exist</Description>
  </Errors>
  <Errors>
    <ID_PK>1</ID_PK>
    <RowNo>82</RowNo>
    <BranchCode>NA</BranchCode>
    <Description>Data Error. Blank lines are not allowed</Description>
  </Errors>
  <Errors>
    <ID_PK>1</ID_PK>
    <RowNo>83</RowNo>
    <BranchCode>540978</BranchCode>
    <Description>Branch Code (540978) doesn't exist</Description>
  </Errors>
  <Errors>
    <ID_PK>1</ID_PK>
    <RowNo>84</RowNo>
    <BranchCode>NA</BranchCode>
    <Description>Data Error. Blank lines are not allowed</Description>
  </Errors>
  <Errors>
    <ID_PK>1</ID_PK>
    <RowNo>85</RowNo>
    <BranchCode>544035</BranchCode>
    <Description>Branch Code (544035) doesn't exist</Description>
  </Errors>
  <Errors>
    <ID_PK>1</ID_PK>
    <RowNo>86</RowNo>
    <BranchCode>NA</BranchCode>
    <Description>Data Error. Blank lines are not allowed</Description>
  </Errors>
  <Errors>
    <ID_PK>1</ID_PK>
    <RowNo>87</RowNo>
    <BranchCode>544035</BranchCode>
    <Description>Branch Code (544035) doesn't exist</Description>
  </Errors>
  <Errors>
    <ID_PK>1</ID_PK>
    <RowNo>88</RowNo>
    <BranchCode>NA</BranchCode>
    <Description>Data Error. Blank lines are not allowed</Description>
  </Errors>
  <Errors>
    <ID_PK>1</ID_PK>
    <RowNo>89</RowNo>
    <BranchCode>544035</BranchCode>
    <Description>Branch Code (544035) doesn't exist</Description>
  </Errors>
  <Errors>
    <ID_PK>1</ID_PK>
    <RowNo>90</RowNo>
    <BranchCode>NA</BranchCode>
    <Description>Data Error. Blank lines are not allowed</Description>
  </Errors>
  <Errors>
    <ID_PK>1</ID_PK>
    <RowNo>91</RowNo>
    <BranchCode>544035</BranchCode>
    <Description>Branch Code (544035) doesn't exist</Description>
  </Errors>
  <Errors>
    <ID_PK>1</ID_PK>
    <RowNo>92</RowNo>
    <BranchCode>NA</BranchCode>
    <Description>Data Error. Blank lines are not allowed</Description>
  </Errors>
  <Errors>
    <ID_PK>1</ID_PK>
    <RowNo>93</RowNo>
    <BranchCode>551945</BranchCode>
    <Description>Branch Code (551945) doesn't exist</Description>
  </Errors>
  <Errors>
    <ID_PK>1</ID_PK>
    <RowNo>94</RowNo>
    <BranchCode>NA</BranchCode>
    <Description>Data Error. Blank lines are not allowed</Description>
  </Errors>
  <Errors>
    <ID_PK>1</ID_PK>
    <RowNo>95</RowNo>
    <BranchCode>551945</BranchCode>
    <Description>Branch Code (551945) doesn't exist</Description>
  </Errors>
  <Errors>
    <ID_PK>1</ID_PK>
    <RowNo>96</RowNo>
    <BranchCode>NA</BranchCode>
    <Description>Data Error. Blank lines are not allowed</Description>
  </Errors>
  <Errors>
    <ID_PK>1</ID_PK>
    <RowNo>97</RowNo>
    <BranchCode>552160</BranchCode>
    <Description>Branch Code (552160) doesn't exist</Description>
  </Errors>
  <Errors>
    <ID_PK>1</ID_PK>
    <RowNo>98</RowNo>
    <BranchCode>NA</BranchCode>
    <Description>Data Error. Blank lines are not allowed</Description>
  </Errors>
  <Errors>
    <ID_PK>1</ID_PK>
    <RowNo>99</RowNo>
    <BranchCode>552160</BranchCode>
    <Description>Branch Code (552160) doesn't exist</Description>
  </Errors>
  <Errors>
    <ID_PK>1</ID_PK>
    <RowNo>100</RowNo>
    <BranchCode>NA</BranchCode>
    <Description>Data Error. Blank lines are not allowed</Description>
  </Errors>
  <Errors>
    <ID_PK>1</ID_PK>
    <RowNo>101</RowNo>
    <BranchCode>552585</BranchCode>
    <Description>Branch Code (552585) doesn't exist</Description>
  </Errors>
  <Errors>
    <ID_PK>1</ID_PK>
    <RowNo>102</RowNo>
    <BranchCode>NA</BranchCode>
    <Description>Data Error. Blank lines are not allowed</Description>
  </Errors>
  <Errors>
    <ID_PK>1</ID_PK>
    <RowNo>103</RowNo>
    <BranchCode>552585</BranchCode>
    <Description>Branch Code (552585) doesn't exist</Description>
  </Errors>
  <Errors>
    <ID_PK>1</ID_PK>
    <RowNo>104</RowNo>
    <BranchCode>NA</BranchCode>
    <Description>Data Error. Blank lines are not allowed</Description>
  </Errors>
  <Errors>
    <ID_PK>1</ID_PK>
    <RowNo>105</RowNo>
    <BranchCode>552585</BranchCode>
    <Description>Branch Code (552585) doesn't exist</Description>
  </Errors>
  <Errors>
    <ID_PK>1</ID_PK>
    <RowNo>106</RowNo>
    <BranchCode>NA</BranchCode>
    <Description>Data Error. Blank lines are not allowed</Description>
  </Errors>
  <Errors>
    <ID_PK>1</ID_PK>
    <RowNo>107</RowNo>
    <BranchCode>553328</BranchCode>
    <Description>Branch Code (553328) doesn't exist</Description>
  </Errors>
  <Errors>
    <ID_PK>1</ID_PK>
    <RowNo>108</RowNo>
    <BranchCode>NA</BranchCode>
    <Description>Data Error. Blank lines are not allowed</Description>
  </Errors>
  <Errors>
    <ID_PK>1</ID_PK>
    <RowNo>109</RowNo>
    <BranchCode>553328</BranchCode>
    <Description>Branch Code (553328) doesn't exist</Description>
  </Errors>
  <Errors>
    <ID_PK>1</ID_PK>
    <RowNo>110</RowNo>
    <BranchCode>NA</BranchCode>
    <Description>Data Error. Blank lines are not allowed</Description>
  </Errors>
  <Errors>
    <ID_PK>1</ID_PK>
    <RowNo>111</RowNo>
    <BranchCode>553328</BranchCode>
    <Description>Branch Code (553328) doesn't exist</Description>
  </Errors>
  <Errors>
    <ID_PK>1</ID_PK>
    <RowNo>112</RowNo>
    <BranchCode>NA</BranchCode>
    <Description>Data Error. Blank lines are not allowed</Description>
  </Errors>
  <Errors>
    <ID_PK>1</ID_PK>
    <RowNo>113</RowNo>
    <BranchCode>553328</BranchCode>
    <Description>Branch Code (553328) doesn't exist</Description>
  </Errors>
  <Errors>
    <ID_PK>1</ID_PK>
    <RowNo>114</RowNo>
    <BranchCode>NA</BranchCode>
    <Description>Data Error. Blank lines are not allowed</Description>
  </Errors>
  <Errors>
    <ID_PK>1</ID_PK>
    <RowNo>115</RowNo>
    <BranchCode>554791</BranchCode>
    <Description>Branch Code (554791) doesn't exist</Description>
  </Errors>
  <Errors>
    <ID_PK>1</ID_PK>
    <RowNo>116</RowNo>
    <BranchCode>NA</BranchCode>
    <Description>Data Error. Blank lines are not allowed</Description>
  </Errors>
  <Errors>
    <ID_PK>1</ID_PK>
    <RowNo>117</RowNo>
    <BranchCode>556114</BranchCode>
    <Description>Branch Code (556114) doesn't exist</Description>
  </Errors>
  <Errors>
    <ID_PK>1</ID_PK>
    <RowNo>118</RowNo>
    <BranchCode>NA</BranchCode>
    <Description>Data Error. Blank lines are not allowed</Description>
  </Errors>
  <Errors>
    <ID_PK>1</ID_PK>
    <RowNo>119</RowNo>
    <BranchCode>556114</BranchCode>
    <Description>Branch Code (556114) doesn't exist</Description>
  </Errors>
  <Errors>
    <ID_PK>1</ID_PK>
    <RowNo>120</RowNo>
    <BranchCode>NA</BranchCode>
    <Description>Data Error. Blank lines are not allowed</Description>
  </Errors>
  <Errors>
    <ID_PK>1</ID_PK>
    <RowNo>121</RowNo>
    <BranchCode>556114</BranchCode>
    <Description>Branch Code (556114) doesn't exist</Description>
  </Errors>
  <Errors>
    <ID_PK>1</ID_PK>
    <RowNo>122</RowNo>
    <BranchCode>NA</BranchCode>
    <Description>Data Error. Blank lines are not allowed</Description>
  </Errors>
  <Errors>
    <ID_PK>1</ID_PK>
    <RowNo>123</RowNo>
    <BranchCode>556114</BranchCode>
    <Description>Branch Code (556114) doesn't exist</Description>
  </Errors>
  <Errors>
    <ID_PK>1</ID_PK>
    <RowNo>124</RowNo>
    <BranchCode>NA</BranchCode>
    <Description>Data Error. Blank lines are not allowed</Description>
  </Errors>
  <Errors>
    <ID_PK>1</ID_PK>
    <RowNo>125</RowNo>
    <BranchCode>556114</BranchCode>
    <Description>Branch Code (556114) doesn't exist</Description>
  </Errors>
  <Errors>
    <ID_PK>1</ID_PK>
    <RowNo>126</RowNo>
    <BranchCode>NA</BranchCode>
    <Description>Data Error. Blank lines are not allowed</Description>
  </Errors>
  <Errors>
    <ID_PK>1</ID_PK>
    <RowNo>127</RowNo>
    <BranchCode>558516</BranchCode>
    <Description>Branch Code (558516) doesn't exist</Description>
  </Errors>
  <Errors>
    <ID_PK>1</ID_PK>
    <RowNo>128</RowNo>
    <BranchCode>NA</BranchCode>
    <Description>Data Error. Blank lines are not allowed</Description>
  </Errors>
  <Errors>
    <ID_PK>1</ID_PK>
    <RowNo>129</RowNo>
    <BranchCode>560260</BranchCode>
    <Description>Branch Code (560260) doesn't exist</Description>
  </Errors>
  <Errors>
    <ID_PK>1</ID_PK>
    <RowNo>130</RowNo>
    <BranchCode>NA</BranchCode>
    <Description>Data Error. Blank lines are not allowed</Description>
  </Errors>
  <Errors>
    <ID_PK>1</ID_PK>
    <RowNo>131</RowNo>
    <BranchCode>568864</BranchCode>
    <Description>Branch Code (568864) doesn't exist</Description>
  </Errors>
  <Errors>
    <ID_PK>1</ID_PK>
    <RowNo>132</RowNo>
    <BranchCode>NA</BranchCode>
    <Description>Data Error. Blank lines are not allowed</Description>
  </Errors>
  <Errors>
    <ID_PK>1</ID_PK>
    <RowNo>133</RowNo>
    <BranchCode>568864</BranchCode>
    <Description>Branch Code (568864) doesn't exist</Description>
  </Errors>
  <Errors>
    <ID_PK>1</ID_PK>
    <RowNo>134</RowNo>
    <BranchCode>NA</BranchCode>
    <Description>Data Error. Blank lines are not allowed</Description>
  </Errors>
  <Errors>
    <ID_PK>1</ID_PK>
    <RowNo>135</RowNo>
    <BranchCode>568864</BranchCode>
    <Description>Branch Code (568864) doesn't exist</Description>
  </Errors>
  <Errors>
    <ID_PK>1</ID_PK>
    <RowNo>136</RowNo>
    <BranchCode>NA</BranchCode>
    <Description>Data Error. Blank lines are not allowed</Description>
  </Errors>
  <Errors>
    <ID_PK>1</ID_PK>
    <RowNo>137</RowNo>
    <BranchCode>568864</BranchCode>
    <Description>Branch Code (568864) doesn't exist</Description>
  </Errors>
  <Errors>
    <ID_PK>1</ID_PK>
    <RowNo>138</RowNo>
    <BranchCode>NA</BranchCode>
    <Description>Data Error. Blank lines are not allowed</Description>
  </Errors>
  <Errors>
    <ID_PK>1</ID_PK>
    <RowNo>139</RowNo>
    <BranchCode>575607</BranchCode>
    <Description>Branch Code (575607) doesn't exist</Description>
  </Errors>
  <Errors>
    <ID_PK>1</ID_PK>
    <RowNo>140</RowNo>
    <BranchCode>NA</BranchCode>
    <Description>Data Error. Blank lines are not allowed</Description>
  </Errors>
  <Errors>
    <ID_PK>1</ID_PK>
    <RowNo>141</RowNo>
    <BranchCode>575607</BranchCode>
    <Description>Branch Code (575607) doesn't exist</Description>
  </Errors>
  <Errors>
    <ID_PK>1</ID_PK>
    <RowNo>142</RowNo>
    <BranchCode>NA</BranchCode>
    <Description>Data Error. Blank lines are not allowed</Description>
  </Errors>
  <Errors>
    <ID_PK>1</ID_PK>
    <RowNo>143</RowNo>
    <BranchCode>575607</BranchCode>
    <Description>Branch Code (575607) doesn't exist</Description>
  </Errors>
  <Errors>
    <ID_PK>1</ID_PK>
    <RowNo>144</RowNo>
    <BranchCode>NA</BranchCode>
    <Description>Data Error. Blank lines are not allowed</Description>
  </Errors>
  <Errors>
    <ID_PK>1</ID_PK>
    <RowNo>145</RowNo>
    <BranchCode>580058</BranchCode>
    <Description>Branch Code (580058) doesn't exist</Description>
  </Errors>
  <Errors>
    <ID_PK>1</ID_PK>
    <RowNo>146</RowNo>
    <BranchCode>NA</BranchCode>
    <Description>Data Error. Blank lines are not allowed</Description>
  </Errors>
  <Errors>
    <ID_PK>1</ID_PK>
    <RowNo>147</RowNo>
    <BranchCode>580058</BranchCode>
    <Description>Branch Code (580058) doesn't exist</Description>
  </Errors>
  <Errors>
    <ID_PK>1</ID_PK>
    <RowNo>148</RowNo>
    <BranchCode>NA</BranchCode>
    <Description>Data Error. Blank lines are not allowed</Description>
  </Errors>
  <Errors>
    <ID_PK>1</ID_PK>
    <RowNo>149</RowNo>
    <BranchCode>580074</BranchCode>
    <Description>Branch Code (580074) doesn't exist</Description>
  </Errors>
  <Errors>
    <ID_PK>1</ID_PK>
    <RowNo>150</RowNo>
    <BranchCode>NA</BranchCode>
    <Description>Data Error. Blank lines are not allowed</Description>
  </Errors>
  <Errors>
    <ID_PK>1</ID_PK>
    <RowNo>151</RowNo>
    <BranchCode>580074</BranchCode>
    <Description>Branch Code (580074) doesn't exist</Description>
  </Errors>
  <Errors>
    <ID_PK>1</ID_PK>
    <RowNo>152</RowNo>
    <BranchCode>NA</BranchCode>
    <Description>Data Error. Blank lines are not allowed</Description>
  </Errors>
  <Errors>
    <ID_PK>1</ID_PK>
    <RowNo>153</RowNo>
    <BranchCode>580074</BranchCode>
    <Description>Branch Code (580074) doesn't exist</Description>
  </Errors>
  <Errors>
    <ID_PK>1</ID_PK>
    <RowNo>154</RowNo>
    <BranchCode>NA</BranchCode>
    <Description>Data Error. Blank lines are not allowed</Description>
  </Errors>
  <Errors>
    <ID_PK>1</ID_PK>
    <RowNo>155</RowNo>
    <BranchCode>580074</BranchCode>
    <Description>Branch Code (580074) doesn't exist</Description>
  </Errors>
  <Errors>
    <ID_PK>1</ID_PK>
    <RowNo>156</RowNo>
    <BranchCode>NA</BranchCode>
    <Description>Data Error. Blank lines are not allowed</Description>
  </Errors>
  <Errors>
    <ID_PK>1</ID_PK>
    <RowNo>157</RowNo>
    <BranchCode>580074</BranchCode>
    <Description>Branch Code (580074) doesn't exist</Description>
  </Errors>
  <Errors>
    <ID_PK>1</ID_PK>
    <RowNo>158</RowNo>
    <BranchCode>NA</BranchCode>
    <Description>Data Error. Blank lines are not allowed</Description>
  </Errors>
  <Errors>
    <ID_PK>1</ID_PK>
    <RowNo>159</RowNo>
    <BranchCode>580074</BranchCode>
    <Description>Branch Code (580074) doesn't exist</Description>
  </Errors>
  <Errors>
    <ID_PK>1</ID_PK>
    <RowNo>160</RowNo>
    <BranchCode>NA</BranchCode>
    <Description>Data Error. Blank lines are not allowed</Description>
  </Errors>
  <Errors>
    <ID_PK>1</ID_PK>
    <RowNo>161</RowNo>
    <BranchCode>580074</BranchCode>
    <Description>Branch Code (580074) doesn't exist</Description>
  </Errors>
  <Errors>
    <ID_PK>1</ID_PK>
    <RowNo>162</RowNo>
    <BranchCode>NA</BranchCode>
    <Description>Data Error. Blank lines are not allowed</Description>
  </Errors>
  <Errors>
    <ID_PK>1</ID_PK>
    <RowNo>163</RowNo>
    <BranchCode>580139</BranchCode>
    <Description>Branch Code (580139) doesn't exist</Description>
  </Errors>
  <Errors>
    <ID_PK>1</ID_PK>
    <RowNo>164</RowNo>
    <BranchCode>NA</BranchCode>
    <Description>Data Error. Blank lines are not allowed</Description>
  </Errors>
  <Errors>
    <ID_PK>1</ID_PK>
    <RowNo>165</RowNo>
    <BranchCode>580139</BranchCode>
    <Description>Branch Code (580139) doesn't exist</Description>
  </Errors>
  <Errors>
    <ID_PK>1</ID_PK>
    <RowNo>166</RowNo>
    <BranchCode>NA</BranchCode>
    <Description>Data Error. Blank lines are not allowed</Description>
  </Errors>
  <Errors>
    <ID_PK>1</ID_PK>
    <RowNo>167</RowNo>
    <BranchCode>580368</BranchCode>
    <Description>Branch Code (580368) doesn't exist</Description>
  </Errors>
  <Errors>
    <ID_PK>1</ID_PK>
    <RowNo>168</RowNo>
    <BranchCode>NA</BranchCode>
    <Description>Data Error. Blank lines are not allowed</Description>
  </Errors>
  <Errors>
    <ID_PK>1</ID_PK>
    <RowNo>169</RowNo>
    <BranchCode>535192</BranchCode>
    <Description>Branch Code (535192) doesn't exist</Description>
  </Errors>
  <Errors>
    <ID_PK>1</ID_PK>
    <RowNo>170</RowNo>
    <BranchCode>NA</BranchCode>
    <Description>Data Error. Blank lines are not allowed</Description>
  </Errors>
  <Errors>
    <ID_PK>1</ID_PK>
    <RowNo>171</RowNo>
    <BranchCode>535851</BranchCode>
    <Description>Branch Code (535851) doesn't exist</Description>
  </Errors>
  <Errors>
    <ID_PK>1</ID_PK>
    <RowNo>172</RowNo>
    <BranchCode>NA</BranchCode>
    <Description>Data Error. Blank lines are not allowed</Description>
  </Errors>
  <Errors>
    <ID_PK>1</ID_PK>
    <RowNo>173</RowNo>
    <BranchCode>536717</BranchCode>
    <Description>Branch Code (536717) doesn't exist</Description>
  </Errors>
  <Errors>
    <ID_PK>1</ID_PK>
    <RowNo>174</RowNo>
    <BranchCode>NA</BranchCode>
    <Description>Data Error. Blank lines are not allowed</Description>
  </Errors>
  <Errors>
    <ID_PK>1</ID_PK>
    <RowNo>175</RowNo>
    <BranchCode>537853</BranchCode>
    <Description>Branch Code (537853) doesn't exist</Description>
  </Errors>
  <Errors>
    <ID_PK>1</ID_PK>
    <RowNo>176</RowNo>
    <BranchCode>NA</BranchCode>
    <Description>Data Error. Blank lines are not allowed</Description>
  </Errors>
  <Errors>
    <ID_PK>1</ID_PK>
    <RowNo>177</RowNo>
    <BranchCode>537853</BranchCode>
    <Description>Branch Code (537853) doesn't exist</Description>
  </Errors>
  <Errors>
    <ID_PK>1</ID_PK>
    <RowNo>178</RowNo>
    <BranchCode>NA</BranchCode>
    <Description>Data Error. Blank lines are not allowed</Description>
  </Errors>
  <Errors>
    <ID_PK>1</ID_PK>
    <RowNo>179</RowNo>
    <BranchCode>537853</BranchCode>
    <Description>Branch Code (537853) doesn't exist</Description>
  </Errors>
  <Errors>
    <ID_PK>1</ID_PK>
    <RowNo>180</RowNo>
    <BranchCode>NA</BranchCode>
    <Description>Data Error. Blank lines are not allowed</Description>
  </Errors>
  <Errors>
    <ID_PK>1</ID_PK>
    <RowNo>181</RowNo>
    <BranchCode>538175</BranchCode>
    <Description>Branch Code (538175) doesn't exist</Description>
  </Errors>
  <Errors>
    <ID_PK>1</ID_PK>
    <RowNo>182</RowNo>
    <BranchCode>NA</BranchCode>
    <Description>Data Error. Blank lines are not allowed</Description>
  </Errors>
  <Errors>
    <ID_PK>1</ID_PK>
    <RowNo>183</RowNo>
    <BranchCode>538213</BranchCode>
    <Description>Branch Code (538213) doesn't exist</Description>
  </Errors>
  <Errors>
    <ID_PK>1</ID_PK>
    <RowNo>184</RowNo>
    <BranchCode>NA</BranchCode>
    <Description>Data Error. Blank lines are not allowed</Description>
  </Errors>
  <Errors>
    <ID_PK>1</ID_PK>
    <RowNo>185</RowNo>
    <BranchCode>538213</BranchCode>
    <Description>Branch Code (538213) doesn't exist</Description>
  </Errors>
  <Errors>
    <ID_PK>1</ID_PK>
    <RowNo>186</RowNo>
    <BranchCode>NA</BranchCode>
    <Description>Data Error. Blank lines are not allowed</Description>
  </Errors>
  <Errors>
    <ID_PK>1</ID_PK>
    <RowNo>187</RowNo>
    <BranchCode>538281</BranchCode>
    <Description>Branch Code (538281) doesn't exist</Description>
  </Errors>
  <Errors>
    <ID_PK>1</ID_PK>
    <RowNo>188</RowNo>
    <BranchCode>NA</BranchCode>
    <Description>Data Error. Blank lines are not allowed</Description>
  </Errors>
  <Errors>
    <ID_PK>1</ID_PK>
    <RowNo>189</RowNo>
    <BranchCode>539520</BranchCode>
    <Description>Branch Code (539520) doesn't exist</Description>
  </Errors>
  <Errors>
    <ID_PK>1</ID_PK>
    <RowNo>190</RowNo>
    <BranchCode>NA</BranchCode>
    <Description>Data Error. Blank lines are not allowed</Description>
  </Errors>
  <Errors>
    <ID_PK>1</ID_PK>
    <RowNo>191</RowNo>
    <BranchCode>539520</BranchCode>
    <Description>Branch Code (539520) doesn't exist</Description>
  </Errors>
  <Errors>
    <ID_PK>1</ID_PK>
    <RowNo>192</RowNo>
    <BranchCode>NA</BranchCode>
    <Description>Data Error. Blank lines are not allowed</Description>
  </Errors>
  <Errors>
    <ID_PK>1</ID_PK>
    <RowNo>193</RowNo>
    <BranchCode>540978</BranchCode>
    <Description>Branch Code (540978) doesn't exist</Description>
  </Errors>
  <Errors>
    <ID_PK>1</ID_PK>
    <RowNo>194</RowNo>
    <BranchCode>NA</BranchCode>
    <Description>Data Error. Blank lines are not allowed</Description>
  </Errors>
  <Errors>
    <ID_PK>1</ID_PK>
    <RowNo>195</RowNo>
    <BranchCode>541800</BranchCode>
    <Description>Branch Code (541800) doesn't exist</Description>
  </Errors>
  <Errors>
    <ID_PK>1</ID_PK>
    <RowNo>196</RowNo>
    <BranchCode>NA</BranchCode>
    <Description>Data Error. Blank lines are not allowed</Description>
  </Errors>
  <Errors>
    <ID_PK>1</ID_PK>
    <RowNo>197</RowNo>
    <BranchCode>547387</BranchCode>
    <Description>Branch Code (547387) doesn't exist</Description>
  </Errors>
  <Errors>
    <ID_PK>1</ID_PK>
    <RowNo>198</RowNo>
    <BranchCode>NA</BranchCode>
    <Description>Data Error. Blank lines are not allowed</Description>
  </Errors>
  <Errors>
    <ID_PK>1</ID_PK>
    <RowNo>199</RowNo>
    <BranchCode>547387</BranchCode>
    <Description>Branch Code (547387) doesn't exist</Description>
  </Errors>
  <Errors>
    <ID_PK>1</ID_PK>
    <RowNo>200</RowNo>
    <BranchCode>NA</BranchCode>
    <Description>Data Error. Blank lines are not allowed</Description>
  </Errors>
  <Errors>
    <ID_PK>1</ID_PK>
    <RowNo>201</RowNo>
    <BranchCode>549681</BranchCode>
    <Description>Branch Code (549681) doesn't exist</Description>
  </Errors>
  <Errors>
    <ID_PK>1</ID_PK>
    <RowNo>202</RowNo>
    <BranchCode>NA</BranchCode>
    <Description>Data Error. Blank lines are not allowed</Description>
  </Errors>
  <Errors>
    <ID_PK>1</ID_PK>
    <RowNo>203</RowNo>
    <BranchCode>554651</BranchCode>
    <Description>Branch Code (554651) doesn't exist</Description>
  </Errors>
</DocumentElement>