<?xml version="1.0" standalone="yes"?>
<DocumentElement>
  <Errors1>
    <ID_PK>1</ID_PK>
    <ErrorID>0</ErrorID>
    <RowNo>2</RowNo>
    <Description>Employment From date should be in DD.MM.YYYY format</Description>
    <Column_No>8</Column_No>
  </Errors1>
  <Errors1>
    <ID_PK>2</ID_PK>
    <ErrorID>0</ErrorID>
    <RowNo>2</RowNo>
    <Description>Specify Employment To Date </Description>
    <Column_No>9</Column_No>
  </Errors1>
  <Errors1>
    <ID_PK>3</ID_PK>
    <ErrorID>0</ErrorID>
    <RowNo>2</RowNo>
    <Description>Specify State Code or State Name</Description>
    <Column_No>15</Column_No>
  </Errors1>
  <Errors1>
    <ID_PK>4</ID_PK>
    <ErrorID>0</ErrorID>
    <RowNo>2</RowNo>
    <Description>Specify Valid 'Standard Deduction' Amount</Description>
    <Column_No>119</Column_No>
  </Errors1>
  <Errors1>
    <ID_PK>5</ID_PK>
    <ErrorID>0</ErrorID>
    <RowNo>2</RowNo>
    <Description>Select valid section</Description>
    <Column_No>76</Column_No>
  </Errors1>
  <Errors1>
    <ID_PK>6</ID_PK>
    <ErrorID>0</ErrorID>
    <RowNo>2</RowNo>
    <Description>Contribution From date should be in DD.MM.YYYY format</Description>
    <Column_No>114</Column_No>
  </Errors1>
  <Errors1>
    <ID_PK>7</ID_PK>
    <ErrorID>0</ErrorID>
    <RowNo>2</RowNo>
    <Description>Contribution To date should be in DD.MM.YYYY format</Description>
    <Column_No>115</Column_No>
  </Errors1>
  <Errors1>
    <ID_PK>8</ID_PK>
    <ErrorID>0</ErrorID>
    <RowNo>2</RowNo>
    <Description>Average tax rate should be below 100% and greater than zero</Description>
    <Column_No>117</Column_No>
  </Errors1>
  <Errors1>
    <ID_PK>9</ID_PK>
    <ErrorID>0</ErrorID>
    <RowNo>3</RowNo>
    <Description>Employment From date should be in DD.MM.YYYY format</Description>
    <Column_No>8</Column_No>
  </Errors1>
  <Errors1>
    <ID_PK>10</ID_PK>
    <ErrorID>0</ErrorID>
    <RowNo>3</RowNo>
    <Description>Specify Employment To Date </Description>
    <Column_No>9</Column_No>
  </Errors1>
  <Errors1>
    <ID_PK>11</ID_PK>
    <ErrorID>0</ErrorID>
    <RowNo>3</RowNo>
    <Description>Specify State Code or State Name</Description>
    <Column_No>15</Column_No>
  </Errors1>
  <Errors1>
    <ID_PK>12</ID_PK>
    <ErrorID>0</ErrorID>
    <RowNo>3</RowNo>
    <Description>Select valid section</Description>
    <Column_No>76</Column_No>
  </Errors1>
  <Errors1>
    <ID_PK>13</ID_PK>
    <ErrorID>0</ErrorID>
    <RowNo>3</RowNo>
    <Description>Contribution From date should be in DD.MM.YYYY format</Description>
    <Column_No>114</Column_No>
  </Errors1>
  <Errors1>
    <ID_PK>14</ID_PK>
    <ErrorID>0</ErrorID>
    <RowNo>3</RowNo>
    <Description>Contribution To date should be in DD.MM.YYYY format</Description>
    <Column_No>115</Column_No>
  </Errors1>
  <Errors1>
    <ID_PK>15</ID_PK>
    <ErrorID>0</ErrorID>
    <RowNo>3</RowNo>
    <Description>Average tax rate should be below 100% and greater than zero</Description>
    <Column_No>117</Column_No>
  </Errors1>
  <Errors1>
    <ID_PK>16</ID_PK>
    <ErrorID>0</ErrorID>
    <RowNo>4</RowNo>
    <Description>Employment From date should be in DD.MM.YYYY format</Description>
    <Column_No>8</Column_No>
  </Errors1>
  <Errors1>
    <ID_PK>17</ID_PK>
    <ErrorID>0</ErrorID>
    <RowNo>4</RowNo>
    <Description>Specify Employment To Date </Description>
    <Column_No>9</Column_No>
  </Errors1>
  <Errors1>
    <ID_PK>18</ID_PK>
    <ErrorID>0</ErrorID>
    <RowNo>4</RowNo>
    <Description>Specify State Code or State Name</Description>
    <Column_No>15</Column_No>
  </Errors1>
  <Errors1>
    <ID_PK>19</ID_PK>
    <ErrorID>0</ErrorID>
    <RowNo>4</RowNo>
    <Description>Select valid section</Description>
    <Column_No>76</Column_No>
  </Errors1>
  <Errors1>
    <ID_PK>20</ID_PK>
    <ErrorID>0</ErrorID>
    <RowNo>4</RowNo>
    <Description>Contribution From date should be in DD.MM.YYYY format</Description>
    <Column_No>114</Column_No>
  </Errors1>
  <Errors1>
    <ID_PK>21</ID_PK>
    <ErrorID>0</ErrorID>
    <RowNo>4</RowNo>
    <Description>Contribution To date should be in DD.MM.YYYY format</Description>
    <Column_No>115</Column_No>
  </Errors1>
  <Errors1>
    <ID_PK>22</ID_PK>
    <ErrorID>0</ErrorID>
    <RowNo>4</RowNo>
    <Description>Average tax rate should be below 100% and greater than zero</Description>
    <Column_No>117</Column_No>
  </Errors1>
  <Errors1>
    <ID_PK>23</ID_PK>
    <ErrorID>0</ErrorID>
    <RowNo>5</RowNo>
    <Description>Employment From date should be in DD.MM.YYYY format</Description>
    <Column_No>8</Column_No>
  </Errors1>
  <Errors1>
    <ID_PK>24</ID_PK>
    <ErrorID>0</ErrorID>
    <RowNo>5</RowNo>
    <Description>Specify Employment To Date </Description>
    <Column_No>9</Column_No>
  </Errors1>
  <Errors1>
    <ID_PK>25</ID_PK>
    <ErrorID>0</ErrorID>
    <RowNo>5</RowNo>
    <Description>Specify State Code or State Name</Description>
    <Column_No>15</Column_No>
  </Errors1>
  <Errors1>
    <ID_PK>26</ID_PK>
    <ErrorID>0</ErrorID>
    <RowNo>5</RowNo>
    <Description>Select valid section</Description>
    <Column_No>76</Column_No>
  </Errors1>
  <Errors1>
    <ID_PK>27</ID_PK>
    <ErrorID>0</ErrorID>
    <RowNo>5</RowNo>
    <Description>Contribution From date should be in DD.MM.YYYY format</Description>
    <Column_No>114</Column_No>
  </Errors1>
  <Errors1>
    <ID_PK>28</ID_PK>
    <ErrorID>0</ErrorID>
    <RowNo>5</RowNo>
    <Description>Contribution To date should be in DD.MM.YYYY format</Description>
    <Column_No>115</Column_No>
  </Errors1>
  <Errors1>
    <ID_PK>29</ID_PK>
    <ErrorID>0</ErrorID>
    <RowNo>5</RowNo>
    <Description>Average tax rate should be below 100% and greater than zero</Description>
    <Column_No>117</Column_No>
  </Errors1>
  <Errors1>
    <ID_PK>30</ID_PK>
    <ErrorID>0</ErrorID>
    <RowNo>6</RowNo>
    <Description>Employment From date should be in DD.MM.YYYY format</Description>
    <Column_No>8</Column_No>
  </Errors1>
  <Errors1>
    <ID_PK>31</ID_PK>
    <ErrorID>0</ErrorID>
    <RowNo>6</RowNo>
    <Description>Specify Employment To Date </Description>
    <Column_No>9</Column_No>
  </Errors1>
  <Errors1>
    <ID_PK>32</ID_PK>
    <ErrorID>0</ErrorID>
    <RowNo>6</RowNo>
    <Description>Specify State Code or State Name</Description>
    <Column_No>15</Column_No>
  </Errors1>
  <Errors1>
    <ID_PK>33</ID_PK>
    <ErrorID>0</ErrorID>
    <RowNo>6</RowNo>
    <Description>Select valid section</Description>
    <Column_No>76</Column_No>
  </Errors1>
  <Errors1>
    <ID_PK>34</ID_PK>
    <ErrorID>0</ErrorID>
    <RowNo>6</RowNo>
    <Description>Contribution From date should be in DD.MM.YYYY format</Description>
    <Column_No>114</Column_No>
  </Errors1>
  <Errors1>
    <ID_PK>35</ID_PK>
    <ErrorID>0</ErrorID>
    <RowNo>6</RowNo>
    <Description>Contribution To date should be in DD.MM.YYYY format</Description>
    <Column_No>115</Column_No>
  </Errors1>
  <Errors1>
    <ID_PK>36</ID_PK>
    <ErrorID>0</ErrorID>
    <RowNo>6</RowNo>
    <Description>Average tax rate should be below 100% and greater than zero</Description>
    <Column_No>117</Column_No>
  </Errors1>
  <Errors1>
    <ID_PK>37</ID_PK>
    <ErrorID>0</ErrorID>
    <RowNo>7</RowNo>
    <Description>Employment From date should be in DD.MM.YYYY format</Description>
    <Column_No>8</Column_No>
  </Errors1>
  <Errors1>
    <ID_PK>38</ID_PK>
    <ErrorID>0</ErrorID>
    <RowNo>7</RowNo>
    <Description>Specify Employment To Date </Description>
    <Column_No>9</Column_No>
  </Errors1>
  <Errors1>
    <ID_PK>39</ID_PK>
    <ErrorID>0</ErrorID>
    <RowNo>7</RowNo>
    <Description>Specify State Code or State Name</Description>
    <Column_No>15</Column_No>
  </Errors1>
  <Errors1>
    <ID_PK>40</ID_PK>
    <ErrorID>0</ErrorID>
    <RowNo>7</RowNo>
    <Description>Select valid section</Description>
    <Column_No>76</Column_No>
  </Errors1>
  <Errors1>
    <ID_PK>41</ID_PK>
    <ErrorID>0</ErrorID>
    <RowNo>7</RowNo>
    <Description>Contribution From date should be in DD.MM.YYYY format</Description>
    <Column_No>114</Column_No>
  </Errors1>
  <Errors1>
    <ID_PK>42</ID_PK>
    <ErrorID>0</ErrorID>
    <RowNo>7</RowNo>
    <Description>Contribution To date should be in DD.MM.YYYY format</Description>
    <Column_No>115</Column_No>
  </Errors1>
  <Errors1>
    <ID_PK>43</ID_PK>
    <ErrorID>0</ErrorID>
    <RowNo>7</RowNo>
    <Description>Average tax rate should be below 100% and greater than zero</Description>
    <Column_No>117</Column_No>
  </Errors1>
  <Errors1>
    <ID_PK>44</ID_PK>
    <ErrorID>0</ErrorID>
    <RowNo>8</RowNo>
    <Description>Employment From date should be in DD.MM.YYYY format</Description>
    <Column_No>8</Column_No>
  </Errors1>
  <Errors1>
    <ID_PK>45</ID_PK>
    <ErrorID>0</ErrorID>
    <RowNo>8</RowNo>
    <Description>Specify Employment To Date </Description>
    <Column_No>9</Column_No>
  </Errors1>
  <Errors1>
    <ID_PK>46</ID_PK>
    <ErrorID>0</ErrorID>
    <RowNo>8</RowNo>
    <Description>Specify State Code or State Name</Description>
    <Column_No>15</Column_No>
  </Errors1>
  <Errors1>
    <ID_PK>47</ID_PK>
    <ErrorID>0</ErrorID>
    <RowNo>8</RowNo>
    <Description>Specify Valid 'Standard Deduction' Amount</Description>
    <Column_No>119</Column_No>
  </Errors1>
  <Errors1>
    <ID_PK>48</ID_PK>
    <ErrorID>0</ErrorID>
    <RowNo>8</RowNo>
    <Description>Select valid section</Description>
    <Column_No>76</Column_No>
  </Errors1>
  <Errors1>
    <ID_PK>49</ID_PK>
    <ErrorID>0</ErrorID>
    <RowNo>8</RowNo>
    <Description>Contribution From date should be in DD.MM.YYYY format</Description>
    <Column_No>114</Column_No>
  </Errors1>
  <Errors1>
    <ID_PK>50</ID_PK>
    <ErrorID>0</ErrorID>
    <RowNo>8</RowNo>
    <Description>Contribution To date should be in DD.MM.YYYY format</Description>
    <Column_No>115</Column_No>
  </Errors1>
  <Errors1>
    <ID_PK>51</ID_PK>
    <ErrorID>0</ErrorID>
    <RowNo>8</RowNo>
    <Description>Average tax rate should be below 100% and greater than zero</Description>
    <Column_No>117</Column_No>
  </Errors1>
  <Errors1>
    <ID_PK>52</ID_PK>
    <ErrorID>0</ErrorID>
    <RowNo>9</RowNo>
    <Description>Employment From date should be in DD.MM.YYYY format</Description>
    <Column_No>8</Column_No>
  </Errors1>
  <Errors1>
    <ID_PK>53</ID_PK>
    <ErrorID>0</ErrorID>
    <RowNo>9</RowNo>
    <Description>Specify Employment To Date </Description>
    <Column_No>9</Column_No>
  </Errors1>
  <Errors1>
    <ID_PK>54</ID_PK>
    <ErrorID>0</ErrorID>
    <RowNo>9</RowNo>
    <Description>Specify State Code or State Name</Description>
    <Column_No>15</Column_No>
  </Errors1>
  <Errors1>
    <ID_PK>55</ID_PK>
    <ErrorID>0</ErrorID>
    <RowNo>9</RowNo>
    <Description>Specify Valid 'Standard Deduction' Amount</Description>
    <Column_No>119</Column_No>
  </Errors1>
  <Errors1>
    <ID_PK>56</ID_PK>
    <ErrorID>0</ErrorID>
    <RowNo>9</RowNo>
    <Description>Select valid section</Description>
    <Column_No>76</Column_No>
  </Errors1>
  <Errors1>
    <ID_PK>57</ID_PK>
    <ErrorID>0</ErrorID>
    <RowNo>9</RowNo>
    <Description>Contribution From date should be in DD.MM.YYYY format</Description>
    <Column_No>114</Column_No>
  </Errors1>
  <Errors1>
    <ID_PK>58</ID_PK>
    <ErrorID>0</ErrorID>
    <RowNo>9</RowNo>
    <Description>Contribution To date should be in DD.MM.YYYY format</Description>
    <Column_No>115</Column_No>
  </Errors1>
  <Errors1>
    <ID_PK>59</ID_PK>
    <ErrorID>0</ErrorID>
    <RowNo>9</RowNo>
    <Description>Average tax rate should be below 100% and greater than zero</Description>
    <Column_No>117</Column_No>
  </Errors1>
  <Errors1>
    <ID_PK>60</ID_PK>
    <ErrorID>0</ErrorID>
    <RowNo>10</RowNo>
    <Description>Employment From date should be in DD.MM.YYYY format</Description>
    <Column_No>8</Column_No>
  </Errors1>
  <Errors1>
    <ID_PK>61</ID_PK>
    <ErrorID>0</ErrorID>
    <RowNo>10</RowNo>
    <Description>Specify Employment To Date </Description>
    <Column_No>9</Column_No>
  </Errors1>
  <Errors1>
    <ID_PK>62</ID_PK>
    <ErrorID>0</ErrorID>
    <RowNo>10</RowNo>
    <Description>Specify State Code or State Name</Description>
    <Column_No>15</Column_No>
  </Errors1>
  <Errors1>
    <ID_PK>63</ID_PK>
    <ErrorID>0</ErrorID>
    <RowNo>10</RowNo>
    <Description>Select valid section</Description>
    <Column_No>76</Column_No>
  </Errors1>
  <Errors1>
    <ID_PK>64</ID_PK>
    <ErrorID>0</ErrorID>
    <RowNo>10</RowNo>
    <Description>Contribution From date should be in DD.MM.YYYY format</Description>
    <Column_No>114</Column_No>
  </Errors1>
  <Errors1>
    <ID_PK>65</ID_PK>
    <ErrorID>0</ErrorID>
    <RowNo>10</RowNo>
    <Description>Contribution To date should be in DD.MM.YYYY format</Description>
    <Column_No>115</Column_No>
  </Errors1>
  <Errors1>
    <ID_PK>66</ID_PK>
    <ErrorID>0</ErrorID>
    <RowNo>10</RowNo>
    <Description>Average tax rate should be below 100% and greater than zero</Description>
    <Column_No>117</Column_No>
  </Errors1>
  <Errors1>
    <ID_PK>67</ID_PK>
    <ErrorID>0</ErrorID>
    <RowNo>11</RowNo>
    <Description>Employment From date should be in DD.MM.YYYY format</Description>
    <Column_No>8</Column_No>
  </Errors1>
  <Errors1>
    <ID_PK>68</ID_PK>
    <ErrorID>0</ErrorID>
    <RowNo>11</RowNo>
    <Description>Specify Employment To Date </Description>
    <Column_No>9</Column_No>
  </Errors1>
  <Errors1>
    <ID_PK>69</ID_PK>
    <ErrorID>0</ErrorID>
    <RowNo>11</RowNo>
    <Description>Specify State Code or State Name</Description>
    <Column_No>15</Column_No>
  </Errors1>
  <Errors1>
    <ID_PK>70</ID_PK>
    <ErrorID>0</ErrorID>
    <RowNo>11</RowNo>
    <Description>Select valid section</Description>
    <Column_No>76</Column_No>
  </Errors1>
  <Errors1>
    <ID_PK>71</ID_PK>
    <ErrorID>0</ErrorID>
    <RowNo>11</RowNo>
    <Description>Contribution From date should be in DD.MM.YYYY format</Description>
    <Column_No>114</Column_No>
  </Errors1>
  <Errors1>
    <ID_PK>72</ID_PK>
    <ErrorID>0</ErrorID>
    <RowNo>11</RowNo>
    <Description>Contribution To date should be in DD.MM.YYYY format</Description>
    <Column_No>115</Column_No>
  </Errors1>
  <Errors1>
    <ID_PK>73</ID_PK>
    <ErrorID>0</ErrorID>
    <RowNo>11</RowNo>
    <Description>Average tax rate should be below 100% and greater than zero</Description>
    <Column_No>117</Column_No>
  </Errors1>
  <Errors1>
    <ID_PK>74</ID_PK>
    <ErrorID>0</ErrorID>
    <RowNo>12</RowNo>
    <Description>Employment From date should be in DD.MM.YYYY format</Description>
    <Column_No>8</Column_No>
  </Errors1>
  <Errors1>
    <ID_PK>75</ID_PK>
    <ErrorID>0</ErrorID>
    <RowNo>12</RowNo>
    <Description>Specify Employment To Date </Description>
    <Column_No>9</Column_No>
  </Errors1>
  <Errors1>
    <ID_PK>76</ID_PK>
    <ErrorID>0</ErrorID>
    <RowNo>12</RowNo>
    <Description>Specify State Code or State Name</Description>
    <Column_No>15</Column_No>
  </Errors1>
  <Errors1>
    <ID_PK>77</ID_PK>
    <ErrorID>0</ErrorID>
    <RowNo>12</RowNo>
    <Description>Select valid section</Description>
    <Column_No>76</Column_No>
  </Errors1>
  <Errors1>
    <ID_PK>78</ID_PK>
    <ErrorID>0</ErrorID>
    <RowNo>12</RowNo>
    <Description>Contribution From date should be in DD.MM.YYYY format</Description>
    <Column_No>114</Column_No>
  </Errors1>
  <Errors1>
    <ID_PK>79</ID_PK>
    <ErrorID>0</ErrorID>
    <RowNo>12</RowNo>
    <Description>Contribution To date should be in DD.MM.YYYY format</Description>
    <Column_No>115</Column_No>
  </Errors1>
  <Errors1>
    <ID_PK>80</ID_PK>
    <ErrorID>0</ErrorID>
    <RowNo>12</RowNo>
    <Description>Average tax rate should be below 100% and greater than zero</Description>
    <Column_No>117</Column_No>
  </Errors1>
  <Errors1>
    <ID_PK>81</ID_PK>
    <ErrorID>0</ErrorID>
    <RowNo>13</RowNo>
    <Description>Employment From date should be in DD.MM.YYYY format</Description>
    <Column_No>8</Column_No>
  </Errors1>
  <Errors1>
    <ID_PK>82</ID_PK>
    <ErrorID>0</ErrorID>
    <RowNo>13</RowNo>
    <Description>Specify Employment To Date </Description>
    <Column_No>9</Column_No>
  </Errors1>
  <Errors1>
    <ID_PK>83</ID_PK>
    <ErrorID>0</ErrorID>
    <RowNo>13</RowNo>
    <Description>Specify State Code or State Name</Description>
    <Column_No>15</Column_No>
  </Errors1>
  <Errors1>
    <ID_PK>84</ID_PK>
    <ErrorID>0</ErrorID>
    <RowNo>13</RowNo>
    <Description>Select valid section</Description>
    <Column_No>76</Column_No>
  </Errors1>
  <Errors1>
    <ID_PK>85</ID_PK>
    <ErrorID>0</ErrorID>
    <RowNo>13</RowNo>
    <Description>Contribution From date should be in DD.MM.YYYY format</Description>
    <Column_No>114</Column_No>
  </Errors1>
  <Errors1>
    <ID_PK>86</ID_PK>
    <ErrorID>0</ErrorID>
    <RowNo>13</RowNo>
    <Description>Contribution To date should be in DD.MM.YYYY format</Description>
    <Column_No>115</Column_No>
  </Errors1>
  <Errors1>
    <ID_PK>87</ID_PK>
    <ErrorID>0</ErrorID>
    <RowNo>13</RowNo>
    <Description>Average tax rate should be below 100% and greater than zero</Description>
    <Column_No>117</Column_No>
  </Errors1>
  <Errors1>
    <ID_PK>88</ID_PK>
    <ErrorID>0</ErrorID>
    <RowNo>14</RowNo>
    <Description>Employment From date should be in DD.MM.YYYY format</Description>
    <Column_No>8</Column_No>
  </Errors1>
  <Errors1>
    <ID_PK>89</ID_PK>
    <ErrorID>0</ErrorID>
    <RowNo>14</RowNo>
    <Description>Specify Employment To Date </Description>
    <Column_No>9</Column_No>
  </Errors1>
  <Errors1>
    <ID_PK>90</ID_PK>
    <ErrorID>0</ErrorID>
    <RowNo>14</RowNo>
    <Description>Specify State Code or State Name</Description>
    <Column_No>15</Column_No>
  </Errors1>
  <Errors1>
    <ID_PK>91</ID_PK>
    <ErrorID>0</ErrorID>
    <RowNo>14</RowNo>
    <Description>Select valid section</Description>
    <Column_No>76</Column_No>
  </Errors1>
  <Errors1>
    <ID_PK>92</ID_PK>
    <ErrorID>0</ErrorID>
    <RowNo>14</RowNo>
    <Description>Contribution From date should be in DD.MM.YYYY format</Description>
    <Column_No>114</Column_No>
  </Errors1>
  <Errors1>
    <ID_PK>93</ID_PK>
    <ErrorID>0</ErrorID>
    <RowNo>14</RowNo>
    <Description>Contribution To date should be in DD.MM.YYYY format</Description>
    <Column_No>115</Column_No>
  </Errors1>
  <Errors1>
    <ID_PK>94</ID_PK>
    <ErrorID>0</ErrorID>
    <RowNo>14</RowNo>
    <Description>Average tax rate should be below 100% and greater than zero</Description>
    <Column_No>117</Column_No>
  </Errors1>
  <Errors1>
    <ID_PK>95</ID_PK>
    <ErrorID>0</ErrorID>
    <RowNo>15</RowNo>
    <Description>Employment From date should be in DD.MM.YYYY format</Description>
    <Column_No>8</Column_No>
  </Errors1>
  <Errors1>
    <ID_PK>96</ID_PK>
    <ErrorID>0</ErrorID>
    <RowNo>15</RowNo>
    <Description>Specify Employment To Date </Description>
    <Column_No>9</Column_No>
  </Errors1>
  <Errors1>
    <ID_PK>97</ID_PK>
    <ErrorID>0</ErrorID>
    <RowNo>15</RowNo>
    <Description>Specify State Code or State Name</Description>
    <Column_No>15</Column_No>
  </Errors1>
  <Errors1>
    <ID_PK>98</ID_PK>
    <ErrorID>0</ErrorID>
    <RowNo>15</RowNo>
    <Description>Specify Valid 'Standard Deduction' Amount</Description>
    <Column_No>119</Column_No>
  </Errors1>
  <Errors1>
    <ID_PK>99</ID_PK>
    <ErrorID>0</ErrorID>
    <RowNo>15</RowNo>
    <Description>Select valid section</Description>
    <Column_No>76</Column_No>
  </Errors1>
  <Errors1>
    <ID_PK>100</ID_PK>
    <ErrorID>0</ErrorID>
    <RowNo>15</RowNo>
    <Description>Contribution From date should be in DD.MM.YYYY format</Description>
    <Column_No>114</Column_No>
  </Errors1>
  <Errors1>
    <ID_PK>101</ID_PK>
    <ErrorID>0</ErrorID>
    <RowNo>15</RowNo>
    <Description>Contribution To date should be in DD.MM.YYYY format</Description>
    <Column_No>115</Column_No>
  </Errors1>
  <Errors1>
    <ID_PK>102</ID_PK>
    <ErrorID>0</ErrorID>
    <RowNo>15</RowNo>
    <Description>Average tax rate should be below 100% and greater than zero</Description>
    <Column_No>117</Column_No>
  </Errors1>
  <Errors1>
    <ID_PK>103</ID_PK>
    <ErrorID>0</ErrorID>
    <RowNo>16</RowNo>
    <Description>Employment From date should be in DD.MM.YYYY format</Description>
    <Column_No>8</Column_No>
  </Errors1>
  <Errors1>
    <ID_PK>104</ID_PK>
    <ErrorID>0</ErrorID>
    <RowNo>16</RowNo>
    <Description>Specify Employment To Date </Description>
    <Column_No>9</Column_No>
  </Errors1>
  <Errors1>
    <ID_PK>105</ID_PK>
    <ErrorID>0</ErrorID>
    <RowNo>16</RowNo>
    <Description>Specify State Code or State Name</Description>
    <Column_No>15</Column_No>
  </Errors1>
  <Errors1>
    <ID_PK>106</ID_PK>
    <ErrorID>0</ErrorID>
    <RowNo>16</RowNo>
    <Description>Select valid section</Description>
    <Column_No>76</Column_No>
  </Errors1>
  <Errors1>
    <ID_PK>107</ID_PK>
    <ErrorID>0</ErrorID>
    <RowNo>16</RowNo>
    <Description>Contribution From date should be in DD.MM.YYYY format</Description>
    <Column_No>114</Column_No>
  </Errors1>
  <Errors1>
    <ID_PK>108</ID_PK>
    <ErrorID>0</ErrorID>
    <RowNo>16</RowNo>
    <Description>Contribution To date should be in DD.MM.YYYY format</Description>
    <Column_No>115</Column_No>
  </Errors1>
  <Errors1>
    <ID_PK>109</ID_PK>
    <ErrorID>0</ErrorID>
    <RowNo>16</RowNo>
    <Description>Average tax rate should be below 100% and greater than zero</Description>
    <Column_No>117</Column_No>
  </Errors1>
  <Errors1>
    <ID_PK>110</ID_PK>
    <ErrorID>0</ErrorID>
    <RowNo>17</RowNo>
    <Description>Employment From date should be in DD.MM.YYYY format</Description>
    <Column_No>8</Column_No>
  </Errors1>
  <Errors1>
    <ID_PK>111</ID_PK>
    <ErrorID>0</ErrorID>
    <RowNo>17</RowNo>
    <Description>Specify Employment To Date </Description>
    <Column_No>9</Column_No>
  </Errors1>
  <Errors1>
    <ID_PK>112</ID_PK>
    <ErrorID>0</ErrorID>
    <RowNo>17</RowNo>
    <Description>Specify State Code or State Name</Description>
    <Column_No>15</Column_No>
  </Errors1>
  <Errors1>
    <ID_PK>113</ID_PK>
    <ErrorID>0</ErrorID>
    <RowNo>17</RowNo>
    <Description>Specify Valid 'Standard Deduction' Amount</Description>
    <Column_No>119</Column_No>
  </Errors1>
  <Errors1>
    <ID_PK>114</ID_PK>
    <ErrorID>0</ErrorID>
    <RowNo>17</RowNo>
    <Description>Select valid section</Description>
    <Column_No>76</Column_No>
  </Errors1>
  <Errors1>
    <ID_PK>115</ID_PK>
    <ErrorID>0</ErrorID>
    <RowNo>17</RowNo>
    <Description>Contribution From date should be in DD.MM.YYYY format</Description>
    <Column_No>114</Column_No>
  </Errors1>
  <Errors1>
    <ID_PK>116</ID_PK>
    <ErrorID>0</ErrorID>
    <RowNo>17</RowNo>
    <Description>Contribution To date should be in DD.MM.YYYY format</Description>
    <Column_No>115</Column_No>
  </Errors1>
  <Errors1>
    <ID_PK>117</ID_PK>
    <ErrorID>0</ErrorID>
    <RowNo>17</RowNo>
    <Description>Average tax rate should be below 100% and greater than zero</Description>
    <Column_No>117</Column_No>
  </Errors1>
  <Errors1>
    <ID_PK>118</ID_PK>
    <ErrorID>0</ErrorID>
    <RowNo>18</RowNo>
    <Description>Employment From date should be in DD.MM.YYYY format</Description>
    <Column_No>8</Column_No>
  </Errors1>
  <Errors1>
    <ID_PK>119</ID_PK>
    <ErrorID>0</ErrorID>
    <RowNo>18</RowNo>
    <Description>Specify Employment To Date </Description>
    <Column_No>9</Column_No>
  </Errors1>
  <Errors1>
    <ID_PK>120</ID_PK>
    <ErrorID>0</ErrorID>
    <RowNo>18</RowNo>
    <Description>Specify State Code or State Name</Description>
    <Column_No>15</Column_No>
  </Errors1>
  <Errors1>
    <ID_PK>121</ID_PK>
    <ErrorID>0</ErrorID>
    <RowNo>18</RowNo>
    <Description>Specify Valid 'Standard Deduction' Amount</Description>
    <Column_No>119</Column_No>
  </Errors1>
  <Errors1>
    <ID_PK>122</ID_PK>
    <ErrorID>0</ErrorID>
    <RowNo>18</RowNo>
    <Description>Select valid section</Description>
    <Column_No>76</Column_No>
  </Errors1>
  <Errors1>
    <ID_PK>123</ID_PK>
    <ErrorID>0</ErrorID>
    <RowNo>18</RowNo>
    <Description>Contribution From date should be in DD.MM.YYYY format</Description>
    <Column_No>114</Column_No>
  </Errors1>
  <Errors1>
    <ID_PK>124</ID_PK>
    <ErrorID>0</ErrorID>
    <RowNo>18</RowNo>
    <Description>Contribution To date should be in DD.MM.YYYY format</Description>
    <Column_No>115</Column_No>
  </Errors1>
  <Errors1>
    <ID_PK>125</ID_PK>
    <ErrorID>0</ErrorID>
    <RowNo>18</RowNo>
    <Description>Average tax rate should be below 100% and greater than zero</Description>
    <Column_No>117</Column_No>
  </Errors1>
  <Errors1>
    <ID_PK>126</ID_PK>
    <ErrorID>0</ErrorID>
    <RowNo>19</RowNo>
    <Description>Employment From date should be in DD.MM.YYYY format</Description>
    <Column_No>8</Column_No>
  </Errors1>
  <Errors1>
    <ID_PK>127</ID_PK>
    <ErrorID>0</ErrorID>
    <RowNo>19</RowNo>
    <Description>Specify Employment To Date </Description>
    <Column_No>9</Column_No>
  </Errors1>
  <Errors1>
    <ID_PK>128</ID_PK>
    <ErrorID>0</ErrorID>
    <RowNo>19</RowNo>
    <Description>Specify State Code or State Name</Description>
    <Column_No>15</Column_No>
  </Errors1>
  <Errors1>
    <ID_PK>129</ID_PK>
    <ErrorID>0</ErrorID>
    <RowNo>19</RowNo>
    <Description>Select valid section</Description>
    <Column_No>76</Column_No>
  </Errors1>
  <Errors1>
    <ID_PK>130</ID_PK>
    <ErrorID>0</ErrorID>
    <RowNo>19</RowNo>
    <Description>Contribution From date should be in DD.MM.YYYY format</Description>
    <Column_No>114</Column_No>
  </Errors1>
  <Errors1>
    <ID_PK>131</ID_PK>
    <ErrorID>0</ErrorID>
    <RowNo>19</RowNo>
    <Description>Contribution To date should be in DD.MM.YYYY format</Description>
    <Column_No>115</Column_No>
  </Errors1>
  <Errors1>
    <ID_PK>132</ID_PK>
    <ErrorID>0</ErrorID>
    <RowNo>19</RowNo>
    <Description>Average tax rate should be below 100% and greater than zero</Description>
    <Column_No>117</Column_No>
  </Errors1>
  <Errors1>
    <ID_PK>133</ID_PK>
    <ErrorID>0</ErrorID>
    <RowNo>20</RowNo>
    <Description>Employment From date should be in DD.MM.YYYY format</Description>
    <Column_No>8</Column_No>
  </Errors1>
  <Errors1>
    <ID_PK>134</ID_PK>
    <ErrorID>0</ErrorID>
    <RowNo>20</RowNo>
    <Description>Specify Employment To Date </Description>
    <Column_No>9</Column_No>
  </Errors1>
  <Errors1>
    <ID_PK>135</ID_PK>
    <ErrorID>0</ErrorID>
    <RowNo>20</RowNo>
    <Description>Specify State Code or State Name</Description>
    <Column_No>15</Column_No>
  </Errors1>
  <Errors1>
    <ID_PK>136</ID_PK>
    <ErrorID>0</ErrorID>
    <RowNo>20</RowNo>
    <Description>Specify Valid 'Standard Deduction' Amount</Description>
    <Column_No>119</Column_No>
  </Errors1>
  <Errors1>
    <ID_PK>137</ID_PK>
    <ErrorID>0</ErrorID>
    <RowNo>20</RowNo>
    <Description>Select valid section</Description>
    <Column_No>76</Column_No>
  </Errors1>
  <Errors1>
    <ID_PK>138</ID_PK>
    <ErrorID>0</ErrorID>
    <RowNo>20</RowNo>
    <Description>Contribution From date should be in DD.MM.YYYY format</Description>
    <Column_No>114</Column_No>
  </Errors1>
  <Errors1>
    <ID_PK>139</ID_PK>
    <ErrorID>0</ErrorID>
    <RowNo>20</RowNo>
    <Description>Contribution To date should be in DD.MM.YYYY format</Description>
    <Column_No>115</Column_No>
  </Errors1>
  <Errors1>
    <ID_PK>140</ID_PK>
    <ErrorID>0</ErrorID>
    <RowNo>20</RowNo>
    <Description>Average tax rate should be below 100% and greater than zero</Description>
    <Column_No>117</Column_No>
  </Errors1>
  <Errors1>
    <ID_PK>141</ID_PK>
    <ErrorID>0</ErrorID>
    <RowNo>21</RowNo>
    <Description>Employment From date should be in DD.MM.YYYY format</Description>
    <Column_No>8</Column_No>
  </Errors1>
  <Errors1>
    <ID_PK>142</ID_PK>
    <ErrorID>0</ErrorID>
    <RowNo>21</RowNo>
    <Description>Specify Employment To Date </Description>
    <Column_No>9</Column_No>
  </Errors1>
  <Errors1>
    <ID_PK>143</ID_PK>
    <ErrorID>0</ErrorID>
    <RowNo>21</RowNo>
    <Description>Specify State Code or State Name</Description>
    <Column_No>15</Column_No>
  </Errors1>
  <Errors1>
    <ID_PK>144</ID_PK>
    <ErrorID>0</ErrorID>
    <RowNo>21</RowNo>
    <Description>Select valid section</Description>
    <Column_No>76</Column_No>
  </Errors1>
  <Errors1>
    <ID_PK>145</ID_PK>
    <ErrorID>0</ErrorID>
    <RowNo>21</RowNo>
    <Description>Contribution From date should be in DD.MM.YYYY format</Description>
    <Column_No>114</Column_No>
  </Errors1>
  <Errors1>
    <ID_PK>146</ID_PK>
    <ErrorID>0</ErrorID>
    <RowNo>21</RowNo>
    <Description>Contribution To date should be in DD.MM.YYYY format</Description>
    <Column_No>115</Column_No>
  </Errors1>
  <Errors1>
    <ID_PK>147</ID_PK>
    <ErrorID>0</ErrorID>
    <RowNo>21</RowNo>
    <Description>Average tax rate should be below 100% and greater than zero</Description>
    <Column_No>117</Column_No>
  </Errors1>
  <Errors1>
    <ID_PK>148</ID_PK>
    <ErrorID>0</ErrorID>
    <RowNo>22</RowNo>
    <Description>Employment From date should be in DD.MM.YYYY format</Description>
    <Column_No>8</Column_No>
  </Errors1>
  <Errors1>
    <ID_PK>149</ID_PK>
    <ErrorID>0</ErrorID>
    <RowNo>22</RowNo>
    <Description>Specify Employment To Date </Description>
    <Column_No>9</Column_No>
  </Errors1>
  <Errors1>
    <ID_PK>150</ID_PK>
    <ErrorID>0</ErrorID>
    <RowNo>22</RowNo>
    <Description>Specify State Code or State Name</Description>
    <Column_No>15</Column_No>
  </Errors1>
  <Errors1>
    <ID_PK>151</ID_PK>
    <ErrorID>0</ErrorID>
    <RowNo>22</RowNo>
    <Description>Select valid section</Description>
    <Column_No>76</Column_No>
  </Errors1>
  <Errors1>
    <ID_PK>152</ID_PK>
    <ErrorID>0</ErrorID>
    <RowNo>22</RowNo>
    <Description>Contribution From date should be in DD.MM.YYYY format</Description>
    <Column_No>114</Column_No>
  </Errors1>
  <Errors1>
    <ID_PK>153</ID_PK>
    <ErrorID>0</ErrorID>
    <RowNo>22</RowNo>
    <Description>Contribution To date should be in DD.MM.YYYY format</Description>
    <Column_No>115</Column_No>
  </Errors1>
  <Errors1>
    <ID_PK>154</ID_PK>
    <ErrorID>0</ErrorID>
    <RowNo>22</RowNo>
    <Description>Average tax rate should be below 100% and greater than zero</Description>
    <Column_No>117</Column_No>
  </Errors1>
  <Errors1>
    <ID_PK>155</ID_PK>
    <ErrorID>0</ErrorID>
    <RowNo>23</RowNo>
    <Description>Employment From date should be in DD.MM.YYYY format</Description>
    <Column_No>8</Column_No>
  </Errors1>
  <Errors1>
    <ID_PK>156</ID_PK>
    <ErrorID>0</ErrorID>
    <RowNo>23</RowNo>
    <Description>Specify Employment To Date </Description>
    <Column_No>9</Column_No>
  </Errors1>
  <Errors1>
    <ID_PK>157</ID_PK>
    <ErrorID>0</ErrorID>
    <RowNo>23</RowNo>
    <Description>Specify State Code or State Name</Description>
    <Column_No>15</Column_No>
  </Errors1>
  <Errors1>
    <ID_PK>158</ID_PK>
    <ErrorID>0</ErrorID>
    <RowNo>23</RowNo>
    <Description>Select valid section</Description>
    <Column_No>76</Column_No>
  </Errors1>
  <Errors1>
    <ID_PK>159</ID_PK>
    <ErrorID>0</ErrorID>
    <RowNo>23</RowNo>
    <Description>Contribution From date should be in DD.MM.YYYY format</Description>
    <Column_No>114</Column_No>
  </Errors1>
  <Errors1>
    <ID_PK>160</ID_PK>
    <ErrorID>0</ErrorID>
    <RowNo>23</RowNo>
    <Description>Contribution To date should be in DD.MM.YYYY format</Description>
    <Column_No>115</Column_No>
  </Errors1>
  <Errors1>
    <ID_PK>161</ID_PK>
    <ErrorID>0</ErrorID>
    <RowNo>23</RowNo>
    <Description>Average tax rate should be below 100% and greater than zero</Description>
    <Column_No>117</Column_No>
  </Errors1>
  <Errors1>
    <ID_PK>162</ID_PK>
    <ErrorID>0</ErrorID>
    <RowNo>24</RowNo>
    <Description>Employment From date should be in DD.MM.YYYY format</Description>
    <Column_No>8</Column_No>
  </Errors1>
  <Errors1>
    <ID_PK>163</ID_PK>
    <ErrorID>0</ErrorID>
    <RowNo>24</RowNo>
    <Description>Specify Employment To Date </Description>
    <Column_No>9</Column_No>
  </Errors1>
  <Errors1>
    <ID_PK>164</ID_PK>
    <ErrorID>0</ErrorID>
    <RowNo>24</RowNo>
    <Description>Specify State Code or State Name</Description>
    <Column_No>15</Column_No>
  </Errors1>
  <Errors1>
    <ID_PK>165</ID_PK>
    <ErrorID>0</ErrorID>
    <RowNo>24</RowNo>
    <Description>Specify Valid 'Standard Deduction' Amount</Description>
    <Column_No>119</Column_No>
  </Errors1>
  <Errors1>
    <ID_PK>166</ID_PK>
    <ErrorID>0</ErrorID>
    <RowNo>24</RowNo>
    <Description>Select valid section</Description>
    <Column_No>76</Column_No>
  </Errors1>
  <Errors1>
    <ID_PK>167</ID_PK>
    <ErrorID>0</ErrorID>
    <RowNo>24</RowNo>
    <Description>Contribution From date should be in DD.MM.YYYY format</Description>
    <Column_No>114</Column_No>
  </Errors1>
  <Errors1>
    <ID_PK>168</ID_PK>
    <ErrorID>0</ErrorID>
    <RowNo>24</RowNo>
    <Description>Contribution To date should be in DD.MM.YYYY format</Description>
    <Column_No>115</Column_No>
  </Errors1>
  <Errors1>
    <ID_PK>169</ID_PK>
    <ErrorID>0</ErrorID>
    <RowNo>24</RowNo>
    <Description>Average tax rate should be below 100% and greater than zero</Description>
    <Column_No>117</Column_No>
  </Errors1>
  <Errors1>
    <ID_PK>170</ID_PK>
    <ErrorID>0</ErrorID>
    <RowNo>25</RowNo>
    <Description>Employment From date should be in DD.MM.YYYY format</Description>
    <Column_No>8</Column_No>
  </Errors1>
  <Errors1>
    <ID_PK>171</ID_PK>
    <ErrorID>0</ErrorID>
    <RowNo>25</RowNo>
    <Description>Specify Employment To Date </Description>
    <Column_No>9</Column_No>
  </Errors1>
  <Errors1>
    <ID_PK>172</ID_PK>
    <ErrorID>0</ErrorID>
    <RowNo>25</RowNo>
    <Description>Specify State Code or State Name</Description>
    <Column_No>15</Column_No>
  </Errors1>
  <Errors1>
    <ID_PK>173</ID_PK>
    <ErrorID>0</ErrorID>
    <RowNo>25</RowNo>
    <Description>Select valid section</Description>
    <Column_No>76</Column_No>
  </Errors1>
  <Errors1>
    <ID_PK>174</ID_PK>
    <ErrorID>0</ErrorID>
    <RowNo>25</RowNo>
    <Description>Contribution From date should be in DD.MM.YYYY format</Description>
    <Column_No>114</Column_No>
  </Errors1>
  <Errors1>
    <ID_PK>175</ID_PK>
    <ErrorID>0</ErrorID>
    <RowNo>25</RowNo>
    <Description>Contribution To date should be in DD.MM.YYYY format</Description>
    <Column_No>115</Column_No>
  </Errors1>
  <Errors1>
    <ID_PK>176</ID_PK>
    <ErrorID>0</ErrorID>
    <RowNo>25</RowNo>
    <Description>Average tax rate should be below 100% and greater than zero</Description>
    <Column_No>117</Column_No>
  </Errors1>
  <Errors1>
    <ID_PK>177</ID_PK>
    <ErrorID>0</ErrorID>
    <RowNo>26</RowNo>
    <Description>Employment From date should be in DD.MM.YYYY format</Description>
    <Column_No>8</Column_No>
  </Errors1>
  <Errors1>
    <ID_PK>178</ID_PK>
    <ErrorID>0</ErrorID>
    <RowNo>26</RowNo>
    <Description>Specify Employment To Date </Description>
    <Column_No>9</Column_No>
  </Errors1>
  <Errors1>
    <ID_PK>179</ID_PK>
    <ErrorID>0</ErrorID>
    <RowNo>26</RowNo>
    <Description>Specify State Code or State Name</Description>
    <Column_No>15</Column_No>
  </Errors1>
  <Errors1>
    <ID_PK>180</ID_PK>
    <ErrorID>0</ErrorID>
    <RowNo>26</RowNo>
    <Description>Select valid section</Description>
    <Column_No>76</Column_No>
  </Errors1>
  <Errors1>
    <ID_PK>181</ID_PK>
    <ErrorID>0</ErrorID>
    <RowNo>26</RowNo>
    <Description>Contribution From date should be in DD.MM.YYYY format</Description>
    <Column_No>114</Column_No>
  </Errors1>
  <Errors1>
    <ID_PK>182</ID_PK>
    <ErrorID>0</ErrorID>
    <RowNo>26</RowNo>
    <Description>Contribution To date should be in DD.MM.YYYY format</Description>
    <Column_No>115</Column_No>
  </Errors1>
  <Errors1>
    <ID_PK>183</ID_PK>
    <ErrorID>0</ErrorID>
    <RowNo>26</RowNo>
    <Description>Average tax rate should be below 100% and greater than zero</Description>
    <Column_No>117</Column_No>
  </Errors1>
  <Errors1>
    <ID_PK>184</ID_PK>
    <ErrorID>0</ErrorID>
    <RowNo>27</RowNo>
    <Description>Employment From date should be in DD.MM.YYYY format</Description>
    <Column_No>8</Column_No>
  </Errors1>
  <Errors1>
    <ID_PK>185</ID_PK>
    <ErrorID>0</ErrorID>
    <RowNo>27</RowNo>
    <Description>Specify Employment To Date </Description>
    <Column_No>9</Column_No>
  </Errors1>
  <Errors1>
    <ID_PK>186</ID_PK>
    <ErrorID>0</ErrorID>
    <RowNo>27</RowNo>
    <Description>Specify State Code or State Name</Description>
    <Column_No>15</Column_No>
  </Errors1>
  <Errors1>
    <ID_PK>187</ID_PK>
    <ErrorID>0</ErrorID>
    <RowNo>27</RowNo>
    <Description>Select valid section</Description>
    <Column_No>76</Column_No>
  </Errors1>
  <Errors1>
    <ID_PK>188</ID_PK>
    <ErrorID>0</ErrorID>
    <RowNo>27</RowNo>
    <Description>Contribution From date should be in DD.MM.YYYY format</Description>
    <Column_No>114</Column_No>
  </Errors1>
  <Errors1>
    <ID_PK>189</ID_PK>
    <ErrorID>0</ErrorID>
    <RowNo>27</RowNo>
    <Description>Contribution To date should be in DD.MM.YYYY format</Description>
    <Column_No>115</Column_No>
  </Errors1>
  <Errors1>
    <ID_PK>190</ID_PK>
    <ErrorID>0</ErrorID>
    <RowNo>27</RowNo>
    <Description>Average tax rate should be below 100% and greater than zero</Description>
    <Column_No>117</Column_No>
  </Errors1>
  <Errors1>
    <ID_PK>191</ID_PK>
    <ErrorID>0</ErrorID>
    <RowNo>28</RowNo>
    <Description>Employment From date should be in DD.MM.YYYY format</Description>
    <Column_No>8</Column_No>
  </Errors1>
  <Errors1>
    <ID_PK>192</ID_PK>
    <ErrorID>0</ErrorID>
    <RowNo>28</RowNo>
    <Description>Specify Employment To Date </Description>
    <Column_No>9</Column_No>
  </Errors1>
  <Errors1>
    <ID_PK>193</ID_PK>
    <ErrorID>0</ErrorID>
    <RowNo>28</RowNo>
    <Description>Specify State Code or State Name</Description>
    <Column_No>15</Column_No>
  </Errors1>
  <Errors1>
    <ID_PK>194</ID_PK>
    <ErrorID>0</ErrorID>
    <RowNo>28</RowNo>
    <Description>Select valid section</Description>
    <Column_No>76</Column_No>
  </Errors1>
  <Errors1>
    <ID_PK>195</ID_PK>
    <ErrorID>0</ErrorID>
    <RowNo>28</RowNo>
    <Description>Contribution From date should be in DD.MM.YYYY format</Description>
    <Column_No>114</Column_No>
  </Errors1>
  <Errors1>
    <ID_PK>196</ID_PK>
    <ErrorID>0</ErrorID>
    <RowNo>28</RowNo>
    <Description>Contribution To date should be in DD.MM.YYYY format</Description>
    <Column_No>115</Column_No>
  </Errors1>
  <Errors1>
    <ID_PK>197</ID_PK>
    <ErrorID>0</ErrorID>
    <RowNo>28</RowNo>
    <Description>Average tax rate should be below 100% and greater than zero</Description>
    <Column_No>117</Column_No>
  </Errors1>
  <Errors1>
    <ID_PK>198</ID_PK>
    <ErrorID>0</ErrorID>
    <RowNo>29</RowNo>
    <Description>Employment From date should be in DD.MM.YYYY format</Description>
    <Column_No>8</Column_No>
  </Errors1>
  <Errors1>
    <ID_PK>199</ID_PK>
    <ErrorID>0</ErrorID>
    <RowNo>29</RowNo>
    <Description>Specify Employment To Date </Description>
    <Column_No>9</Column_No>
  </Errors1>
  <Errors1>
    <ID_PK>200</ID_PK>
    <ErrorID>0</ErrorID>
    <RowNo>29</RowNo>
    <Description>Specify State Code or State Name</Description>
    <Column_No>15</Column_No>
  </Errors1>
  <Errors1>
    <ID_PK>201</ID_PK>
    <ErrorID>0</ErrorID>
    <RowNo>29</RowNo>
    <Description>Specify Valid 'Standard Deduction' Amount</Description>
    <Column_No>119</Column_No>
  </Errors1>
  <Errors1>
    <ID_PK>202</ID_PK>
    <ErrorID>0</ErrorID>
    <RowNo>29</RowNo>
    <Description>Select valid section</Description>
    <Column_No>76</Column_No>
  </Errors1>
  <Errors1>
    <ID_PK>203</ID_PK>
    <ErrorID>0</ErrorID>
    <RowNo>29</RowNo>
    <Description>Contribution From date should be in DD.MM.YYYY format</Description>
    <Column_No>114</Column_No>
  </Errors1>
  <Errors1>
    <ID_PK>204</ID_PK>
    <ErrorID>0</ErrorID>
    <RowNo>29</RowNo>
    <Description>Contribution To date should be in DD.MM.YYYY format</Description>
    <Column_No>115</Column_No>
  </Errors1>
  <Errors1>
    <ID_PK>205</ID_PK>
    <ErrorID>0</ErrorID>
    <RowNo>29</RowNo>
    <Description>Average tax rate should be below 100% and greater than zero</Description>
    <Column_No>117</Column_No>
  </Errors1>
  <Errors1>
    <ID_PK>206</ID_PK>
    <ErrorID>0</ErrorID>
    <RowNo>30</RowNo>
    <Description>Employment From date should be in DD.MM.YYYY format</Description>
    <Column_No>8</Column_No>
  </Errors1>
  <Errors1>
    <ID_PK>207</ID_PK>
    <ErrorID>0</ErrorID>
    <RowNo>30</RowNo>
    <Description>Specify Employment To Date </Description>
    <Column_No>9</Column_No>
  </Errors1>
  <Errors1>
    <ID_PK>208</ID_PK>
    <ErrorID>0</ErrorID>
    <RowNo>30</RowNo>
    <Description>Specify State Code or State Name</Description>
    <Column_No>15</Column_No>
  </Errors1>
  <Errors1>
    <ID_PK>209</ID_PK>
    <ErrorID>0</ErrorID>
    <RowNo>30</RowNo>
    <Description>Select valid section</Description>
    <Column_No>76</Column_No>
  </Errors1>
  <Errors1>
    <ID_PK>210</ID_PK>
    <ErrorID>0</ErrorID>
    <RowNo>30</RowNo>
    <Description>Contribution From date should be in DD.MM.YYYY format</Description>
    <Column_No>114</Column_No>
  </Errors1>
  <Errors1>
    <ID_PK>211</ID_PK>
    <ErrorID>0</ErrorID>
    <RowNo>30</RowNo>
    <Description>Contribution To date should be in DD.MM.YYYY format</Description>
    <Column_No>115</Column_No>
  </Errors1>
  <Errors1>
    <ID_PK>212</ID_PK>
    <ErrorID>0</ErrorID>
    <RowNo>30</RowNo>
    <Description>Average tax rate should be below 100% and greater than zero</Description>
    <Column_No>117</Column_No>
  </Errors1>
  <Errors1>
    <ID_PK>213</ID_PK>
    <ErrorID>0</ErrorID>
    <RowNo>31</RowNo>
    <Description>Employment From date should be in DD.MM.YYYY format</Description>
    <Column_No>8</Column_No>
  </Errors1>
  <Errors1>
    <ID_PK>214</ID_PK>
    <ErrorID>0</ErrorID>
    <RowNo>31</RowNo>
    <Description>Specify Employment To Date </Description>
    <Column_No>9</Column_No>
  </Errors1>
  <Errors1>
    <ID_PK>215</ID_PK>
    <ErrorID>0</ErrorID>
    <RowNo>31</RowNo>
    <Description>Specify State Code or State Name</Description>
    <Column_No>15</Column_No>
  </Errors1>
  <Errors1>
    <ID_PK>216</ID_PK>
    <ErrorID>0</ErrorID>
    <RowNo>31</RowNo>
    <Description>Select valid section</Description>
    <Column_No>76</Column_No>
  </Errors1>
  <Errors1>
    <ID_PK>217</ID_PK>
    <ErrorID>0</ErrorID>
    <RowNo>31</RowNo>
    <Description>Contribution From date should be in DD.MM.YYYY format</Description>
    <Column_No>114</Column_No>
  </Errors1>
  <Errors1>
    <ID_PK>218</ID_PK>
    <ErrorID>0</ErrorID>
    <RowNo>31</RowNo>
    <Description>Contribution To date should be in DD.MM.YYYY format</Description>
    <Column_No>115</Column_No>
  </Errors1>
  <Errors1>
    <ID_PK>219</ID_PK>
    <ErrorID>0</ErrorID>
    <RowNo>31</RowNo>
    <Description>Average tax rate should be below 100% and greater than zero</Description>
    <Column_No>117</Column_No>
  </Errors1>
  <Errors1>
    <ID_PK>220</ID_PK>
    <ErrorID>0</ErrorID>
    <RowNo>32</RowNo>
    <Description>Employment From date should be in DD.MM.YYYY format</Description>
    <Column_No>8</Column_No>
  </Errors1>
  <Errors1>
    <ID_PK>221</ID_PK>
    <ErrorID>0</ErrorID>
    <RowNo>32</RowNo>
    <Description>Specify Employment To Date </Description>
    <Column_No>9</Column_No>
  </Errors1>
  <Errors1>
    <ID_PK>222</ID_PK>
    <ErrorID>0</ErrorID>
    <RowNo>32</RowNo>
    <Description>Specify State Code or State Name</Description>
    <Column_No>15</Column_No>
  </Errors1>
  <Errors1>
    <ID_PK>223</ID_PK>
    <ErrorID>0</ErrorID>
    <RowNo>32</RowNo>
    <Description>Specify Valid 'Standard Deduction' Amount</Description>
    <Column_No>119</Column_No>
  </Errors1>
  <Errors1>
    <ID_PK>224</ID_PK>
    <ErrorID>0</ErrorID>
    <RowNo>32</RowNo>
    <Description>Select valid section</Description>
    <Column_No>76</Column_No>
  </Errors1>
  <Errors1>
    <ID_PK>225</ID_PK>
    <ErrorID>0</ErrorID>
    <RowNo>32</RowNo>
    <Description>Contribution From date should be in DD.MM.YYYY format</Description>
    <Column_No>114</Column_No>
  </Errors1>
  <Errors1>
    <ID_PK>226</ID_PK>
    <ErrorID>0</ErrorID>
    <RowNo>32</RowNo>
    <Description>Contribution To date should be in DD.MM.YYYY format</Description>
    <Column_No>115</Column_No>
  </Errors1>
  <Errors1>
    <ID_PK>227</ID_PK>
    <ErrorID>0</ErrorID>
    <RowNo>32</RowNo>
    <Description>Average tax rate should be below 100% and greater than zero</Description>
    <Column_No>117</Column_No>
  </Errors1>
  <Errors1>
    <ID_PK>228</ID_PK>
    <ErrorID>0</ErrorID>
    <RowNo>33</RowNo>
    <Description>Employment From date should be in DD.MM.YYYY format</Description>
    <Column_No>8</Column_No>
  </Errors1>
  <Errors1>
    <ID_PK>229</ID_PK>
    <ErrorID>0</ErrorID>
    <RowNo>33</RowNo>
    <Description>Specify Employment To Date </Description>
    <Column_No>9</Column_No>
  </Errors1>
  <Errors1>
    <ID_PK>230</ID_PK>
    <ErrorID>0</ErrorID>
    <RowNo>33</RowNo>
    <Description>Specify State Code or State Name</Description>
    <Column_No>15</Column_No>
  </Errors1>
  <Errors1>
    <ID_PK>231</ID_PK>
    <ErrorID>0</ErrorID>
    <RowNo>33</RowNo>
    <Description>Select valid section</Description>
    <Column_No>76</Column_No>
  </Errors1>
  <Errors1>
    <ID_PK>232</ID_PK>
    <ErrorID>0</ErrorID>
    <RowNo>33</RowNo>
    <Description>Contribution From date should be in DD.MM.YYYY format</Description>
    <Column_No>114</Column_No>
  </Errors1>
  <Errors1>
    <ID_PK>233</ID_PK>
    <ErrorID>0</ErrorID>
    <RowNo>33</RowNo>
    <Description>Contribution To date should be in DD.MM.YYYY format</Description>
    <Column_No>115</Column_No>
  </Errors1>
  <Errors1>
    <ID_PK>234</ID_PK>
    <ErrorID>0</ErrorID>
    <RowNo>33</RowNo>
    <Description>Average tax rate should be below 100% and greater than zero</Description>
    <Column_No>117</Column_No>
  </Errors1>
  <Errors1>
    <ID_PK>235</ID_PK>
    <ErrorID>0</ErrorID>
    <RowNo>34</RowNo>
    <Description>Employment From date should be in DD.MM.YYYY format</Description>
    <Column_No>8</Column_No>
  </Errors1>
  <Errors1>
    <ID_PK>236</ID_PK>
    <ErrorID>0</ErrorID>
    <RowNo>34</RowNo>
    <Description>Specify Employment To Date </Description>
    <Column_No>9</Column_No>
  </Errors1>
  <Errors1>
    <ID_PK>237</ID_PK>
    <ErrorID>0</ErrorID>
    <RowNo>34</RowNo>
    <Description>Specify State Code or State Name</Description>
    <Column_No>15</Column_No>
  </Errors1>
  <Errors1>
    <ID_PK>238</ID_PK>
    <ErrorID>0</ErrorID>
    <RowNo>34</RowNo>
    <Description>Select valid section</Description>
    <Column_No>76</Column_No>
  </Errors1>
  <Errors1>
    <ID_PK>239</ID_PK>
    <ErrorID>0</ErrorID>
    <RowNo>34</RowNo>
    <Description>Contribution From date should be in DD.MM.YYYY format</Description>
    <Column_No>114</Column_No>
  </Errors1>
  <Errors1>
    <ID_PK>240</ID_PK>
    <ErrorID>0</ErrorID>
    <RowNo>34</RowNo>
    <Description>Contribution To date should be in DD.MM.YYYY format</Description>
    <Column_No>115</Column_No>
  </Errors1>
  <Errors1>
    <ID_PK>241</ID_PK>
    <ErrorID>0</ErrorID>
    <RowNo>34</RowNo>
    <Description>Average tax rate should be below 100% and greater than zero</Description>
    <Column_No>117</Column_No>
  </Errors1>
  <Errors1>
    <ID_PK>242</ID_PK>
    <ErrorID>0</ErrorID>
    <RowNo>35</RowNo>
    <Description>Employment From date should be in DD.MM.YYYY format</Description>
    <Column_No>8</Column_No>
  </Errors1>
  <Errors1>
    <ID_PK>243</ID_PK>
    <ErrorID>0</ErrorID>
    <RowNo>35</RowNo>
    <Description>Specify Employment To Date </Description>
    <Column_No>9</Column_No>
  </Errors1>
  <Errors1>
    <ID_PK>244</ID_PK>
    <ErrorID>0</ErrorID>
    <RowNo>35</RowNo>
    <Description>Specify State Code or State Name</Description>
    <Column_No>15</Column_No>
  </Errors1>
  <Errors1>
    <ID_PK>245</ID_PK>
    <ErrorID>0</ErrorID>
    <RowNo>35</RowNo>
    <Description>Select valid section</Description>
    <Column_No>76</Column_No>
  </Errors1>
  <Errors1>
    <ID_PK>246</ID_PK>
    <ErrorID>0</ErrorID>
    <RowNo>35</RowNo>
    <Description>Contribution From date should be in DD.MM.YYYY format</Description>
    <Column_No>114</Column_No>
  </Errors1>
  <Errors1>
    <ID_PK>247</ID_PK>
    <ErrorID>0</ErrorID>
    <RowNo>35</RowNo>
    <Description>Contribution To date should be in DD.MM.YYYY format</Description>
    <Column_No>115</Column_No>
  </Errors1>
  <Errors1>
    <ID_PK>248</ID_PK>
    <ErrorID>0</ErrorID>
    <RowNo>35</RowNo>
    <Description>Average tax rate should be below 100% and greater than zero</Description>
    <Column_No>117</Column_No>
  </Errors1>
  <Errors1>
    <ID_PK>249</ID_PK>
    <ErrorID>0</ErrorID>
    <RowNo>36</RowNo>
    <Description>Employment From date should be in DD.MM.YYYY format</Description>
    <Column_No>8</Column_No>
  </Errors1>
  <Errors1>
    <ID_PK>250</ID_PK>
    <ErrorID>0</ErrorID>
    <RowNo>36</RowNo>
    <Description>Specify Employment To Date </Description>
    <Column_No>9</Column_No>
  </Errors1>
  <Errors1>
    <ID_PK>251</ID_PK>
    <ErrorID>0</ErrorID>
    <RowNo>36</RowNo>
    <Description>Specify State Code or State Name</Description>
    <Column_No>15</Column_No>
  </Errors1>
  <Errors1>
    <ID_PK>252</ID_PK>
    <ErrorID>0</ErrorID>
    <RowNo>36</RowNo>
    <Description>Select valid section</Description>
    <Column_No>76</Column_No>
  </Errors1>
  <Errors1>
    <ID_PK>253</ID_PK>
    <ErrorID>0</ErrorID>
    <RowNo>36</RowNo>
    <Description>Contribution From date should be in DD.MM.YYYY format</Description>
    <Column_No>114</Column_No>
  </Errors1>
  <Errors1>
    <ID_PK>254</ID_PK>
    <ErrorID>0</ErrorID>
    <RowNo>36</RowNo>
    <Description>Contribution To date should be in DD.MM.YYYY format</Description>
    <Column_No>115</Column_No>
  </Errors1>
  <Errors1>
    <ID_PK>255</ID_PK>
    <ErrorID>0</ErrorID>
    <RowNo>36</RowNo>
    <Description>Average tax rate should be below 100% and greater than zero</Description>
    <Column_No>117</Column_No>
  </Errors1>
  <Errors1>
    <ID_PK>256</ID_PK>
    <ErrorID>0</ErrorID>
    <RowNo>37</RowNo>
    <Description>Employment From date should be in DD.MM.YYYY format</Description>
    <Column_No>8</Column_No>
  </Errors1>
  <Errors1>
    <ID_PK>257</ID_PK>
    <ErrorID>0</ErrorID>
    <RowNo>37</RowNo>
    <Description>Specify Employment To Date </Description>
    <Column_No>9</Column_No>
  </Errors1>
  <Errors1>
    <ID_PK>258</ID_PK>
    <ErrorID>0</ErrorID>
    <RowNo>37</RowNo>
    <Description>Specify State Code or State Name</Description>
    <Column_No>15</Column_No>
  </Errors1>
  <Errors1>
    <ID_PK>259</ID_PK>
    <ErrorID>0</ErrorID>
    <RowNo>37</RowNo>
    <Description>Select valid section</Description>
    <Column_No>76</Column_No>
  </Errors1>
  <Errors1>
    <ID_PK>260</ID_PK>
    <ErrorID>0</ErrorID>
    <RowNo>37</RowNo>
    <Description>Contribution From date should be in DD.MM.YYYY format</Description>
    <Column_No>114</Column_No>
  </Errors1>
  <Errors1>
    <ID_PK>261</ID_PK>
    <ErrorID>0</ErrorID>
    <RowNo>37</RowNo>
    <Description>Contribution To date should be in DD.MM.YYYY format</Description>
    <Column_No>115</Column_No>
  </Errors1>
  <Errors1>
    <ID_PK>262</ID_PK>
    <ErrorID>0</ErrorID>
    <RowNo>37</RowNo>
    <Description>Average tax rate should be below 100% and greater than zero</Description>
    <Column_No>117</Column_No>
  </Errors1>
  <Errors1>
    <ID_PK>263</ID_PK>
    <ErrorID>0</ErrorID>
    <RowNo>38</RowNo>
    <Description>Employment From date should be in DD.MM.YYYY format</Description>
    <Column_No>8</Column_No>
  </Errors1>
  <Errors1>
    <ID_PK>264</ID_PK>
    <ErrorID>0</ErrorID>
    <RowNo>38</RowNo>
    <Description>Specify Employment To Date </Description>
    <Column_No>9</Column_No>
  </Errors1>
  <Errors1>
    <ID_PK>265</ID_PK>
    <ErrorID>0</ErrorID>
    <RowNo>38</RowNo>
    <Description>Specify State Code or State Name</Description>
    <Column_No>15</Column_No>
  </Errors1>
  <Errors1>
    <ID_PK>266</ID_PK>
    <ErrorID>0</ErrorID>
    <RowNo>38</RowNo>
    <Description>Select valid section</Description>
    <Column_No>76</Column_No>
  </Errors1>
  <Errors1>
    <ID_PK>267</ID_PK>
    <ErrorID>0</ErrorID>
    <RowNo>38</RowNo>
    <Description>Contribution From date should be in DD.MM.YYYY format</Description>
    <Column_No>114</Column_No>
  </Errors1>
  <Errors1>
    <ID_PK>268</ID_PK>
    <ErrorID>0</ErrorID>
    <RowNo>38</RowNo>
    <Description>Contribution To date should be in DD.MM.YYYY format</Description>
    <Column_No>115</Column_No>
  </Errors1>
  <Errors1>
    <ID_PK>269</ID_PK>
    <ErrorID>0</ErrorID>
    <RowNo>38</RowNo>
    <Description>Average tax rate should be below 100% and greater than zero</Description>
    <Column_No>117</Column_No>
  </Errors1>
  <Errors1>
    <ID_PK>270</ID_PK>
    <ErrorID>0</ErrorID>
    <RowNo>39</RowNo>
    <Description>Employment From date should be in DD.MM.YYYY format</Description>
    <Column_No>8</Column_No>
  </Errors1>
  <Errors1>
    <ID_PK>271</ID_PK>
    <ErrorID>0</ErrorID>
    <RowNo>39</RowNo>
    <Description>Specify Employment To Date </Description>
    <Column_No>9</Column_No>
  </Errors1>
  <Errors1>
    <ID_PK>272</ID_PK>
    <ErrorID>0</ErrorID>
    <RowNo>39</RowNo>
    <Description>Specify State Code or State Name</Description>
    <Column_No>15</Column_No>
  </Errors1>
  <Errors1>
    <ID_PK>273</ID_PK>
    <ErrorID>0</ErrorID>
    <RowNo>39</RowNo>
    <Description>Specify Valid 'Standard Deduction' Amount</Description>
    <Column_No>119</Column_No>
  </Errors1>
  <Errors1>
    <ID_PK>274</ID_PK>
    <ErrorID>0</ErrorID>
    <RowNo>39</RowNo>
    <Description>Select valid section</Description>
    <Column_No>76</Column_No>
  </Errors1>
  <Errors1>
    <ID_PK>275</ID_PK>
    <ErrorID>0</ErrorID>
    <RowNo>39</RowNo>
    <Description>Contribution From date should be in DD.MM.YYYY format</Description>
    <Column_No>114</Column_No>
  </Errors1>
  <Errors1>
    <ID_PK>276</ID_PK>
    <ErrorID>0</ErrorID>
    <RowNo>39</RowNo>
    <Description>Contribution To date should be in DD.MM.YYYY format</Description>
    <Column_No>115</Column_No>
  </Errors1>
  <Errors1>
    <ID_PK>277</ID_PK>
    <ErrorID>0</ErrorID>
    <RowNo>39</RowNo>
    <Description>Average tax rate should be below 100% and greater than zero</Description>
    <Column_No>117</Column_No>
  </Errors1>
  <Errors1>
    <ID_PK>278</ID_PK>
    <ErrorID>0</ErrorID>
    <RowNo>40</RowNo>
    <Description>Employment From date should be in DD.MM.YYYY format</Description>
    <Column_No>8</Column_No>
  </Errors1>
  <Errors1>
    <ID_PK>279</ID_PK>
    <ErrorID>0</ErrorID>
    <RowNo>40</RowNo>
    <Description>Specify Employment To Date </Description>
    <Column_No>9</Column_No>
  </Errors1>
  <Errors1>
    <ID_PK>280</ID_PK>
    <ErrorID>0</ErrorID>
    <RowNo>40</RowNo>
    <Description>Specify State Code or State Name</Description>
    <Column_No>15</Column_No>
  </Errors1>
  <Errors1>
    <ID_PK>281</ID_PK>
    <ErrorID>0</ErrorID>
    <RowNo>40</RowNo>
    <Description>Select valid section</Description>
    <Column_No>76</Column_No>
  </Errors1>
  <Errors1>
    <ID_PK>282</ID_PK>
    <ErrorID>0</ErrorID>
    <RowNo>40</RowNo>
    <Description>Contribution From date should be in DD.MM.YYYY format</Description>
    <Column_No>114</Column_No>
  </Errors1>
  <Errors1>
    <ID_PK>283</ID_PK>
    <ErrorID>0</ErrorID>
    <RowNo>40</RowNo>
    <Description>Contribution To date should be in DD.MM.YYYY format</Description>
    <Column_No>115</Column_No>
  </Errors1>
  <Errors1>
    <ID_PK>284</ID_PK>
    <ErrorID>0</ErrorID>
    <RowNo>40</RowNo>
    <Description>Average tax rate should be below 100% and greater than zero</Description>
    <Column_No>117</Column_No>
  </Errors1>
  <Errors1>
    <ID_PK>285</ID_PK>
    <ErrorID>0</ErrorID>
    <RowNo>41</RowNo>
    <Description>Employment From date should be in DD.MM.YYYY format</Description>
    <Column_No>8</Column_No>
  </Errors1>
  <Errors1>
    <ID_PK>286</ID_PK>
    <ErrorID>0</ErrorID>
    <RowNo>41</RowNo>
    <Description>Specify Employment To Date </Description>
    <Column_No>9</Column_No>
  </Errors1>
  <Errors1>
    <ID_PK>287</ID_PK>
    <ErrorID>0</ErrorID>
    <RowNo>41</RowNo>
    <Description>Specify State Code or State Name</Description>
    <Column_No>15</Column_No>
  </Errors1>
  <Errors1>
    <ID_PK>288</ID_PK>
    <ErrorID>0</ErrorID>
    <RowNo>41</RowNo>
    <Description>Select valid section</Description>
    <Column_No>76</Column_No>
  </Errors1>
  <Errors1>
    <ID_PK>289</ID_PK>
    <ErrorID>0</ErrorID>
    <RowNo>41</RowNo>
    <Description>Contribution From date should be in DD.MM.YYYY format</Description>
    <Column_No>114</Column_No>
  </Errors1>
  <Errors1>
    <ID_PK>290</ID_PK>
    <ErrorID>0</ErrorID>
    <RowNo>41</RowNo>
    <Description>Contribution To date should be in DD.MM.YYYY format</Description>
    <Column_No>115</Column_No>
  </Errors1>
  <Errors1>
    <ID_PK>291</ID_PK>
    <ErrorID>0</ErrorID>
    <RowNo>41</RowNo>
    <Description>Average tax rate should be below 100% and greater than zero</Description>
    <Column_No>117</Column_No>
  </Errors1>
  <Errors1>
    <ID_PK>292</ID_PK>
    <ErrorID>0</ErrorID>
    <RowNo>42</RowNo>
    <Description>Employment From date should be in DD.MM.YYYY format</Description>
    <Column_No>8</Column_No>
  </Errors1>
  <Errors1>
    <ID_PK>293</ID_PK>
    <ErrorID>0</ErrorID>
    <RowNo>42</RowNo>
    <Description>Specify Employment To Date </Description>
    <Column_No>9</Column_No>
  </Errors1>
  <Errors1>
    <ID_PK>294</ID_PK>
    <ErrorID>0</ErrorID>
    <RowNo>42</RowNo>
    <Description>Specify State Code or State Name</Description>
    <Column_No>15</Column_No>
  </Errors1>
  <Errors1>
    <ID_PK>295</ID_PK>
    <ErrorID>0</ErrorID>
    <RowNo>42</RowNo>
    <Description>Specify Valid 'Standard Deduction' Amount</Description>
    <Column_No>119</Column_No>
  </Errors1>
  <Errors1>
    <ID_PK>296</ID_PK>
    <ErrorID>0</ErrorID>
    <RowNo>42</RowNo>
    <Description>Select valid section</Description>
    <Column_No>76</Column_No>
  </Errors1>
  <Errors1>
    <ID_PK>297</ID_PK>
    <ErrorID>0</ErrorID>
    <RowNo>42</RowNo>
    <Description>Contribution From date should be in DD.MM.YYYY format</Description>
    <Column_No>114</Column_No>
  </Errors1>
  <Errors1>
    <ID_PK>298</ID_PK>
    <ErrorID>0</ErrorID>
    <RowNo>42</RowNo>
    <Description>Contribution To date should be in DD.MM.YYYY format</Description>
    <Column_No>115</Column_No>
  </Errors1>
  <Errors1>
    <ID_PK>299</ID_PK>
    <ErrorID>0</ErrorID>
    <RowNo>42</RowNo>
    <Description>Average tax rate should be below 100% and greater than zero</Description>
    <Column_No>117</Column_No>
  </Errors1>
  <Errors1>
    <ID_PK>300</ID_PK>
    <ErrorID>0</ErrorID>
    <RowNo>43</RowNo>
    <Description>Employment From date should be in DD.MM.YYYY format</Description>
    <Column_No>8</Column_No>
  </Errors1>
  <Errors1>
    <ID_PK>301</ID_PK>
    <ErrorID>0</ErrorID>
    <RowNo>43</RowNo>
    <Description>Specify Employment To Date </Description>
    <Column_No>9</Column_No>
  </Errors1>
  <Errors1>
    <ID_PK>302</ID_PK>
    <ErrorID>0</ErrorID>
    <RowNo>43</RowNo>
    <Description>Specify State Code or State Name</Description>
    <Column_No>15</Column_No>
  </Errors1>
  <Errors1>
    <ID_PK>303</ID_PK>
    <ErrorID>0</ErrorID>
    <RowNo>43</RowNo>
    <Description>Select valid section</Description>
    <Column_No>76</Column_No>
  </Errors1>
  <Errors1>
    <ID_PK>304</ID_PK>
    <ErrorID>0</ErrorID>
    <RowNo>43</RowNo>
    <Description>Contribution From date should be in DD.MM.YYYY format</Description>
    <Column_No>114</Column_No>
  </Errors1>
  <Errors1>
    <ID_PK>305</ID_PK>
    <ErrorID>0</ErrorID>
    <RowNo>43</RowNo>
    <Description>Contribution To date should be in DD.MM.YYYY format</Description>
    <Column_No>115</Column_No>
  </Errors1>
  <Errors1>
    <ID_PK>306</ID_PK>
    <ErrorID>0</ErrorID>
    <RowNo>43</RowNo>
    <Description>Average tax rate should be below 100% and greater than zero</Description>
    <Column_No>117</Column_No>
  </Errors1>
  <Errors1>
    <ID_PK>307</ID_PK>
    <ErrorID>0</ErrorID>
    <RowNo>44</RowNo>
    <Description>Employment From date should be in DD.MM.YYYY format</Description>
    <Column_No>8</Column_No>
  </Errors1>
  <Errors1>
    <ID_PK>308</ID_PK>
    <ErrorID>0</ErrorID>
    <RowNo>44</RowNo>
    <Description>Specify Employment To Date </Description>
    <Column_No>9</Column_No>
  </Errors1>
  <Errors1>
    <ID_PK>309</ID_PK>
    <ErrorID>0</ErrorID>
    <RowNo>44</RowNo>
    <Description>Specify State Code or State Name</Description>
    <Column_No>15</Column_No>
  </Errors1>
  <Errors1>
    <ID_PK>310</ID_PK>
    <ErrorID>0</ErrorID>
    <RowNo>44</RowNo>
    <Description>Select valid section</Description>
    <Column_No>76</Column_No>
  </Errors1>
  <Errors1>
    <ID_PK>311</ID_PK>
    <ErrorID>0</ErrorID>
    <RowNo>44</RowNo>
    <Description>Contribution From date should be in DD.MM.YYYY format</Description>
    <Column_No>114</Column_No>
  </Errors1>
  <Errors1>
    <ID_PK>312</ID_PK>
    <ErrorID>0</ErrorID>
    <RowNo>44</RowNo>
    <Description>Contribution To date should be in DD.MM.YYYY format</Description>
    <Column_No>115</Column_No>
  </Errors1>
  <Errors1>
    <ID_PK>313</ID_PK>
    <ErrorID>0</ErrorID>
    <RowNo>44</RowNo>
    <Description>Average tax rate should be below 100% and greater than zero</Description>
    <Column_No>117</Column_No>
  </Errors1>
  <Errors1>
    <ID_PK>314</ID_PK>
    <ErrorID>0</ErrorID>
    <RowNo>45</RowNo>
    <Description>Employment From date should be in DD.MM.YYYY format</Description>
    <Column_No>8</Column_No>
  </Errors1>
  <Errors1>
    <ID_PK>315</ID_PK>
    <ErrorID>0</ErrorID>
    <RowNo>45</RowNo>
    <Description>Specify Employment To Date </Description>
    <Column_No>9</Column_No>
  </Errors1>
  <Errors1>
    <ID_PK>316</ID_PK>
    <ErrorID>0</ErrorID>
    <RowNo>45</RowNo>
    <Description>Specify State Code or State Name</Description>
    <Column_No>15</Column_No>
  </Errors1>
  <Errors1>
    <ID_PK>317</ID_PK>
    <ErrorID>0</ErrorID>
    <RowNo>45</RowNo>
    <Description>Select valid section</Description>
    <Column_No>76</Column_No>
  </Errors1>
  <Errors1>
    <ID_PK>318</ID_PK>
    <ErrorID>0</ErrorID>
    <RowNo>45</RowNo>
    <Description>Contribution From date should be in DD.MM.YYYY format</Description>
    <Column_No>114</Column_No>
  </Errors1>
  <Errors1>
    <ID_PK>319</ID_PK>
    <ErrorID>0</ErrorID>
    <RowNo>45</RowNo>
    <Description>Contribution To date should be in DD.MM.YYYY format</Description>
    <Column_No>115</Column_No>
  </Errors1>
  <Errors1>
    <ID_PK>320</ID_PK>
    <ErrorID>0</ErrorID>
    <RowNo>45</RowNo>
    <Description>Average tax rate should be below 100% and greater than zero</Description>
    <Column_No>117</Column_No>
  </Errors1>
  <Errors1>
    <ID_PK>321</ID_PK>
    <ErrorID>0</ErrorID>
    <RowNo>46</RowNo>
    <Description>Employment From date should be in DD.MM.YYYY format</Description>
    <Column_No>8</Column_No>
  </Errors1>
  <Errors1>
    <ID_PK>322</ID_PK>
    <ErrorID>0</ErrorID>
    <RowNo>46</RowNo>
    <Description>Specify Employment To Date </Description>
    <Column_No>9</Column_No>
  </Errors1>
  <Errors1>
    <ID_PK>323</ID_PK>
    <ErrorID>0</ErrorID>
    <RowNo>46</RowNo>
    <Description>Specify State Code or State Name</Description>
    <Column_No>15</Column_No>
  </Errors1>
  <Errors1>
    <ID_PK>324</ID_PK>
    <ErrorID>0</ErrorID>
    <RowNo>46</RowNo>
    <Description>Select valid section</Description>
    <Column_No>76</Column_No>
  </Errors1>
  <Errors1>
    <ID_PK>325</ID_PK>
    <ErrorID>0</ErrorID>
    <RowNo>46</RowNo>
    <Description>Contribution From date should be in DD.MM.YYYY format</Description>
    <Column_No>114</Column_No>
  </Errors1>
  <Errors1>
    <ID_PK>326</ID_PK>
    <ErrorID>0</ErrorID>
    <RowNo>46</RowNo>
    <Description>Contribution To date should be in DD.MM.YYYY format</Description>
    <Column_No>115</Column_No>
  </Errors1>
  <Errors1>
    <ID_PK>327</ID_PK>
    <ErrorID>0</ErrorID>
    <RowNo>46</RowNo>
    <Description>Average tax rate should be below 100% and greater than zero</Description>
    <Column_No>117</Column_No>
  </Errors1>
  <Errors1>
    <ID_PK>328</ID_PK>
    <ErrorID>0</ErrorID>
    <RowNo>47</RowNo>
    <Description>Employment From date should be in DD.MM.YYYY format</Description>
    <Column_No>8</Column_No>
  </Errors1>
  <Errors1>
    <ID_PK>329</ID_PK>
    <ErrorID>0</ErrorID>
    <RowNo>47</RowNo>
    <Description>Specify Employment To Date </Description>
    <Column_No>9</Column_No>
  </Errors1>
  <Errors1>
    <ID_PK>330</ID_PK>
    <ErrorID>0</ErrorID>
    <RowNo>47</RowNo>
    <Description>Specify State Code or State Name</Description>
    <Column_No>15</Column_No>
  </Errors1>
  <Errors1>
    <ID_PK>331</ID_PK>
    <ErrorID>0</ErrorID>
    <RowNo>47</RowNo>
    <Description>Specify Valid 'Standard Deduction' Amount</Description>
    <Column_No>119</Column_No>
  </Errors1>
  <Errors1>
    <ID_PK>332</ID_PK>
    <ErrorID>0</ErrorID>
    <RowNo>47</RowNo>
    <Description>Select valid section</Description>
    <Column_No>76</Column_No>
  </Errors1>
  <Errors1>
    <ID_PK>333</ID_PK>
    <ErrorID>0</ErrorID>
    <RowNo>47</RowNo>
    <Description>Contribution From date should be in DD.MM.YYYY format</Description>
    <Column_No>114</Column_No>
  </Errors1>
  <Errors1>
    <ID_PK>334</ID_PK>
    <ErrorID>0</ErrorID>
    <RowNo>47</RowNo>
    <Description>Contribution To date should be in DD.MM.YYYY format</Description>
    <Column_No>115</Column_No>
  </Errors1>
  <Errors1>
    <ID_PK>335</ID_PK>
    <ErrorID>0</ErrorID>
    <RowNo>47</RowNo>
    <Description>Average tax rate should be below 100% and greater than zero</Description>
    <Column_No>117</Column_No>
  </Errors1>
  <Errors1>
    <ID_PK>336</ID_PK>
    <ErrorID>0</ErrorID>
    <RowNo>48</RowNo>
    <Description>Employment From date should be in DD.MM.YYYY format</Description>
    <Column_No>8</Column_No>
  </Errors1>
  <Errors1>
    <ID_PK>337</ID_PK>
    <ErrorID>0</ErrorID>
    <RowNo>48</RowNo>
    <Description>Specify Employment To Date </Description>
    <Column_No>9</Column_No>
  </Errors1>
  <Errors1>
    <ID_PK>338</ID_PK>
    <ErrorID>0</ErrorID>
    <RowNo>48</RowNo>
    <Description>Specify State Code or State Name</Description>
    <Column_No>15</Column_No>
  </Errors1>
  <Errors1>
    <ID_PK>339</ID_PK>
    <ErrorID>0</ErrorID>
    <RowNo>48</RowNo>
    <Description>Select valid section</Description>
    <Column_No>76</Column_No>
  </Errors1>
  <Errors1>
    <ID_PK>340</ID_PK>
    <ErrorID>0</ErrorID>
    <RowNo>48</RowNo>
    <Description>Contribution From date should be in DD.MM.YYYY format</Description>
    <Column_No>114</Column_No>
  </Errors1>
  <Errors1>
    <ID_PK>341</ID_PK>
    <ErrorID>0</ErrorID>
    <RowNo>48</RowNo>
    <Description>Contribution To date should be in DD.MM.YYYY format</Description>
    <Column_No>115</Column_No>
  </Errors1>
  <Errors1>
    <ID_PK>342</ID_PK>
    <ErrorID>0</ErrorID>
    <RowNo>48</RowNo>
    <Description>Average tax rate should be below 100% and greater than zero</Description>
    <Column_No>117</Column_No>
  </Errors1>
  <Errors1>
    <ID_PK>343</ID_PK>
    <ErrorID>0</ErrorID>
    <RowNo>49</RowNo>
    <Description>Employment From date should be in DD.MM.YYYY format</Description>
    <Column_No>8</Column_No>
  </Errors1>
  <Errors1>
    <ID_PK>344</ID_PK>
    <ErrorID>0</ErrorID>
    <RowNo>49</RowNo>
    <Description>Specify Employment To Date </Description>
    <Column_No>9</Column_No>
  </Errors1>
  <Errors1>
    <ID_PK>345</ID_PK>
    <ErrorID>0</ErrorID>
    <RowNo>49</RowNo>
    <Description>Specify State Code or State Name</Description>
    <Column_No>15</Column_No>
  </Errors1>
  <Errors1>
    <ID_PK>346</ID_PK>
    <ErrorID>0</ErrorID>
    <RowNo>49</RowNo>
    <Description>Specify Valid 'Standard Deduction' Amount</Description>
    <Column_No>119</Column_No>
  </Errors1>
  <Errors1>
    <ID_PK>347</ID_PK>
    <ErrorID>0</ErrorID>
    <RowNo>49</RowNo>
    <Description>Select valid section</Description>
    <Column_No>76</Column_No>
  </Errors1>
  <Errors1>
    <ID_PK>348</ID_PK>
    <ErrorID>0</ErrorID>
    <RowNo>49</RowNo>
    <Description>Contribution From date should be in DD.MM.YYYY format</Description>
    <Column_No>114</Column_No>
  </Errors1>
  <Errors1>
    <ID_PK>349</ID_PK>
    <ErrorID>0</ErrorID>
    <RowNo>49</RowNo>
    <Description>Contribution To date should be in DD.MM.YYYY format</Description>
    <Column_No>115</Column_No>
  </Errors1>
  <Errors1>
    <ID_PK>350</ID_PK>
    <ErrorID>0</ErrorID>
    <RowNo>49</RowNo>
    <Description>Average tax rate should be below 100% and greater than zero</Description>
    <Column_No>117</Column_No>
  </Errors1>
  <Errors1>
    <ID_PK>351</ID_PK>
    <ErrorID>0</ErrorID>
    <RowNo>50</RowNo>
    <Description>Employment From date should be in DD.MM.YYYY format</Description>
    <Column_No>8</Column_No>
  </Errors1>
  <Errors1>
    <ID_PK>352</ID_PK>
    <ErrorID>0</ErrorID>
    <RowNo>50</RowNo>
    <Description>Specify Employment To Date </Description>
    <Column_No>9</Column_No>
  </Errors1>
  <Errors1>
    <ID_PK>353</ID_PK>
    <ErrorID>0</ErrorID>
    <RowNo>50</RowNo>
    <Description>Specify State Code or State Name</Description>
    <Column_No>15</Column_No>
  </Errors1>
  <Errors1>
    <ID_PK>354</ID_PK>
    <ErrorID>0</ErrorID>
    <RowNo>50</RowNo>
    <Description>Select valid section</Description>
    <Column_No>76</Column_No>
  </Errors1>
  <Errors1>
    <ID_PK>355</ID_PK>
    <ErrorID>0</ErrorID>
    <RowNo>50</RowNo>
    <Description>Contribution From date should be in DD.MM.YYYY format</Description>
    <Column_No>114</Column_No>
  </Errors1>
  <Errors1>
    <ID_PK>356</ID_PK>
    <ErrorID>0</ErrorID>
    <RowNo>50</RowNo>
    <Description>Contribution To date should be in DD.MM.YYYY format</Description>
    <Column_No>115</Column_No>
  </Errors1>
  <Errors1>
    <ID_PK>357</ID_PK>
    <ErrorID>0</ErrorID>
    <RowNo>50</RowNo>
    <Description>Average tax rate should be below 100% and greater than zero</Description>
    <Column_No>117</Column_No>
  </Errors1>
</DocumentElement>