<?xml version="1.0" standalone="yes"?>
<DocumentElement>
  <Table1>
    <PAN>CKAPG8963L</PAN>
  </Table1>
  <Table1>
    <PAN>AEEPM4791C</PAN>
  </Table1>
  <Table1>
    <PAN>AEPPK9366L</PAN>
  </Table1>
  <Table1>
    <PAN>BYUPS7574L</PAN>
  </Table1>
  <Table1>
    <PAN>AFSPG0574L</PAN>
  </Table1>
  <Table1>
    <PAN>AEYPP8198Q</PAN>
  </Table1>
  <Table1>
    <PAN>AAVPB3776D</PAN>
  </Table1>
  <Table1>
    <PAN>AXXPR7340G</PAN>
  </Table1>
  <Table1>
    <PAN>ANOPN8811B</PAN>
  </Table1>
  <Table1>
    <PAN>AKRPK2277J</PAN>
  </Table1>
  <Table1>
    <PAN>BAOPP8271M</PAN>
  </Table1>
  <Table1>
    <PAN>AFBPP6951K</PAN>
  </Table1>
  <Table1>
    <PAN>AJUPP6462A</PAN>
  </Table1>
  <Table1>
    <PAN>DBUPS4076N</PAN>
  </Table1>
  <Table1>
    <PAN>ABSPT2701N</PAN>
  </Table1>
  <Table1>
    <PAN>AHBPB8177F</PAN>
  </Table1>
  <Table1>
    <PAN>AEAPD0427Q</PAN>
  </Table1>
  <Table1>
    <PAN>AIAPD2333B</PAN>
  </Table1>
  <Table1>
    <PAN>AGGPD9754Q</PAN>
  </Table1>
  <Table1>
    <PAN>ABOPC5223A</PAN>
  </Table1>
  <Table1>
    <PAN>DCIPS9215Q</PAN>
  </Table1>
  <Table1>
    <PAN>BEMPB0619D</PAN>
  </Table1>
  <Table1>
    <PAN>AYSPN2017L</PAN>
  </Table1>
  <Table1>
    <PAN>AVHPV6081E</PAN>
  </Table1>
  <Table1>
    <PAN>BTOPK2744R</PAN>
  </Table1>
  <Table1>
    <PAN>ABWPS5805J</PAN>
  </Table1>
  <Table1>
    <PAN>AUYPB8583F</PAN>
  </Table1>
  <Table1>
    <PAN>AFXPP5723R</PAN>
  </Table1>
  <Table1>
    <PAN>AGKPA6594R</PAN>
  </Table1>
  <Table1>
    <PAN>AJSPS8515M</PAN>
  </Table1>
  <Table1>
    <PAN>BEJPD0169K</PAN>
  </Table1>
  <Table1>
    <PAN>CRJPB8514Q</PAN>
  </Table1>
  <Table1>
    <PAN>AHJPB7556L</PAN>
  </Table1>
  <Table1>
    <PAN>AISPS9881R</PAN>
  </Table1>
  <Table1>
    <PAN>BBFPP4916B</PAN>
  </Table1>
  <Table1>
    <PAN>AAEPN5828R</PAN>
  </Table1>
  <Table1>
    <PAN>DDFPS7350A</PAN>
  </Table1>
  <Table1>
    <PAN>EKSPS0624C</PAN>
  </Table1>
  <Table1>
    <PAN>ADQPH4659B</PAN>
  </Table1>
  <Table1>
    <PAN>AYXPK2118E</PAN>
  </Table1>
  <Table1>
    <PAN>AJQPP2536B</PAN>
  </Table1>
  <Table1>
    <PAN>BBPPS7976G</PAN>
  </Table1>
  <Table1>
    <PAN>FPDPD7671G</PAN>
  </Table1>
  <Table1>
    <PAN>AFTPA9412Q</PAN>
  </Table1>
  <Table1>
    <PAN>AENPA9618M</PAN>
  </Table1>
  <Table1>
    <PAN>ACWPR3329P</PAN>
  </Table1>
  <Table1>
    <PAN>ADGPM1350A</PAN>
  </Table1>
  <Table1>
    <PAN>ACBPI7983B</PAN>
  </Table1>
  <Table1>
    <PAN>CWXPK2528Q</PAN>
  </Table1>
  <Table1>
    <PAN>AAFPA5988E</PAN>
  </Table1>
  <Table1>
    <PAN>ABPPA3257R</PAN>
  </Table1>
  <Table1>
    <PAN>AZJPR6051N</PAN>
  </Table1>
  <Table1>
    <PAN>BNXPA9235N</PAN>
  </Table1>
  <Table1>
    <PAN>AZMPA0635N</PAN>
  </Table1>
  <Table1>
    <PAN>AMYPM5465B</PAN>
  </Table1>
  <Table1>
    <PAN>AFLPL8788C</PAN>
  </Table1>
  <Table1>
    <PAN>BACPB3089B</PAN>
  </Table1>
  <Table1>
    <PAN>CKEPS1736B</PAN>
  </Table1>
  <Table1>
    <PAN>AXMPK4340C</PAN>
  </Table1>
  <Table1>
    <PAN>ABXPJ3938J</PAN>
  </Table1>
  <Table1>
    <PAN>DIYPS8547F</PAN>
  </Table1>
  <Table1>
    <PAN>ASWPS7947Q</PAN>
  </Table1>
  <Table1>
    <PAN>DICPK8119M</PAN>
  </Table1>
  <Table1>
    <PAN>HGPPS2724M</PAN>
  </Table1>
  <Table1>
    <PAN>ACYPM9776B</PAN>
  </Table1>
  <Table1>
    <PAN>APSPS4560A</PAN>
  </Table1>
  <Table1>
    <PAN>ARGPK1606D</PAN>
  </Table1>
  <Table1>
    <PAN>AVWPG4041L</PAN>
  </Table1>
  <Table1>
    <PAN>AERPN0269B</PAN>
  </Table1>
  <Table1>
    <PAN>BLLPN8944D</PAN>
  </Table1>
  <Table1>
    <PAN>AGRPJ7597C</PAN>
  </Table1>
  <Table1>
    <PAN>ADDPB4189K</PAN>
  </Table1>
  <Table1>
    <PAN>ADAPH9448J</PAN>
  </Table1>
  <Table1>
    <PAN>BYDPS2308M</PAN>
  </Table1>
  <Table1>
    <PAN>ASBPS8454M</PAN>
  </Table1>
  <Table1>
    <PAN>ADWPN0814E</PAN>
  </Table1>
  <Table1>
    <PAN>BQOPR3633R</PAN>
  </Table1>
  <Table1>
    <PAN>ACFPV3555Q</PAN>
  </Table1>
  <Table1>
    <PAN>AUPPG4502L</PAN>
  </Table1>
  <Table1>
    <PAN>CUZPS7377D</PAN>
  </Table1>
  <Table1>
    <PAN>CYUPS5456C</PAN>
  </Table1>
  <Table1>
    <PAN>AHLPG2599Q</PAN>
  </Table1>
  <Table1>
    <PAN>BDJPG2148G</PAN>
  </Table1>
  <Table1>
    <PAN>ACUPT0674P</PAN>
  </Table1>
  <Table1>
    <PAN>ABWPB5390D</PAN>
  </Table1>
  <Table1>
    <PAN>APFPD0600P</PAN>
  </Table1>
  <Table1>
    <PAN>AKVPC8795P</PAN>
  </Table1>
  <Table1>
    <PAN>ACCPM9869K</PAN>
  </Table1>
  <Table1>
    <PAN>AMTPM8979R</PAN>
  </Table1>
  <Table1>
    <PAN>AOKPS5666Q</PAN>
  </Table1>
  <Table1>
    <PAN>AAJPV8692E</PAN>
  </Table1>
  <Table1>
    <PAN>CJMPS0736A</PAN>
  </Table1>
  <Table1>
    <PAN>ALAPK4363K</PAN>
  </Table1>
  <Table1>
    <PAN>AFUPK1183K</PAN>
  </Table1>
  <Table1>
    <PAN>AGHPS5398A</PAN>
  </Table1>
  <Table1>
    <PAN>BWPPM5019K</PAN>
  </Table1>
  <Table1>
    <PAN>AAZPC8477G</PAN>
  </Table1>
  <Table1>
    <PAN>AHMPN4302P</PAN>
  </Table1>
  <Table1>
    <PAN>EFMPK2555D</PAN>
  </Table1>
  <Table1>
    <PAN>AAFPB9810Q</PAN>
  </Table1>
  <Table1>
    <PAN>ADQPA6963P</PAN>
  </Table1>
  <Table1>
    <PAN>ABAPH6285R</PAN>
  </Table1>
  <Table1>
    <PAN>CKFPS5914L</PAN>
  </Table1>
  <Table1>
    <PAN>ABSPA6722G</PAN>
  </Table1>
  <Table1>
    <PAN>CEUPD0191M</PAN>
  </Table1>
  <Table1>
    <PAN>CXMPK3814M</PAN>
  </Table1>
  <Table1>
    <PAN>AHXPM2654A</PAN>
  </Table1>
  <Table1>
    <PAN>ADLPR6766L</PAN>
  </Table1>
  <Table1>
    <PAN>ADIPU7400P</PAN>
  </Table1>
  <Table1>
    <PAN>BMGPP0329C</PAN>
  </Table1>
  <Table1>
    <PAN>AAOPH7177D</PAN>
  </Table1>
  <Table1>
    <PAN>BXQPD1461G</PAN>
  </Table1>
  <Table1>
    <PAN>DGAPS1888D</PAN>
  </Table1>
  <Table1>
    <PAN>ABWPM4366J</PAN>
  </Table1>
  <Table1>
    <PAN>AEJPR3863F</PAN>
  </Table1>
  <Table1>
    <PAN>AIBPK8039L</PAN>
  </Table1>
  <Table1>
    <PAN>BCJPM1651F</PAN>
  </Table1>
  <Table1>
    <PAN>BKPPP5304J</PAN>
  </Table1>
  <Table1>
    <PAN>AFNPK0567Q</PAN>
  </Table1>
  <Table1>
    <PAN>AABPR0631H</PAN>
  </Table1>
  <Table1>
    <PAN>AKQPJ3523P</PAN>
  </Table1>
  <Table1>
    <PAN>ACMPF8750G</PAN>
  </Table1>
  <Table1>
    <PAN>BXXPS9190N</PAN>
  </Table1>
  <Table1>
    <PAN>ADRPC5850A</PAN>
  </Table1>
  <Table1>
    <PAN>BSAPK5621C</PAN>
  </Table1>
  <Table1>
    <PAN>BPGPB2436H</PAN>
  </Table1>
  <Table1>
    <PAN>AAGPA6244C</PAN>
  </Table1>
  <Table1>
    <PAN>BUXPG6365A</PAN>
  </Table1>
  <Table1>
    <PAN>BEMPR7614N</PAN>
  </Table1>
  <Table1>
    <PAN>AONPK7104A</PAN>
  </Table1>
  <Table1>
    <PAN>CABPS6151B</PAN>
  </Table1>
  <Table1>
    <PAN>ARJPS2394H</PAN>
  </Table1>
  <Table1>
    <PAN>AOYPG0460Q</PAN>
  </Table1>
  <Table1>
    <PAN>AKQPV2449E</PAN>
  </Table1>
  <Table1>
    <PAN>AQEPM8624Q</PAN>
  </Table1>
  <Table1>
    <PAN>ADUPV4131E</PAN>
  </Table1>
  <Table1>
    <PAN>CHIPD5217K</PAN>
  </Table1>
  <Table1>
    <PAN>AFJPT2471E</PAN>
  </Table1>
  <Table1>
    <PAN>AWXPA1553D</PAN>
  </Table1>
  <Table1>
    <PAN>AJLPN3335M</PAN>
  </Table1>
  <Table1>
    <PAN>ACEPD8764A</PAN>
  </Table1>
  <Table1>
    <PAN>BANPR0863A</PAN>
  </Table1>
  <Table1>
    <PAN>ATTPR5162L</PAN>
  </Table1>
  <Table1>
    <PAN>BBFPB6546R</PAN>
  </Table1>
  <Table1>
    <PAN>AJBPA7720M</PAN>
  </Table1>
  <Table1>
    <PAN>BVOPS1643D</PAN>
  </Table1>
  <Table1>
    <PAN>AKKPP1256F</PAN>
  </Table1>
  <Table1>
    <PAN>DPNPS8115H</PAN>
  </Table1>
  <Table1>
    <PAN>ABTPM6602L</PAN>
  </Table1>
  <Table1>
    <PAN>ANDPT1660R</PAN>
  </Table1>
  <Table1>
    <PAN>BIFPM7438C</PAN>
  </Table1>
  <Table1>
    <PAN>BMEPS2514N</PAN>
  </Table1>
  <Table1>
    <PAN>ADQPG2949H</PAN>
  </Table1>
  <Table1>
    <PAN>AXDPS2414C</PAN>
  </Table1>
  <Table1>
    <PAN>AFSPB3507L</PAN>
  </Table1>
  <Table1>
    <PAN>BZIPR1057G</PAN>
  </Table1>
  <Table1>
    <PAN>AFNPD1442H</PAN>
  </Table1>
  <Table1>
    <PAN>AOVPR6770F</PAN>
  </Table1>
  <Table1>
    <PAN>AGEPP7582J</PAN>
  </Table1>
  <Table1>
    <PAN>ADGPK3560L</PAN>
  </Table1>
  <Table1>
    <PAN>BLNPM5756J</PAN>
  </Table1>
  <Table1>
    <PAN>CVDPK3326F</PAN>
  </Table1>
  <Table1>
    <PAN>BTFPM1483E</PAN>
  </Table1>
  <Table1>
    <PAN>AQSPD6043L</PAN>
  </Table1>
  <Table1>
    <PAN>AAMPB6055C</PAN>
  </Table1>
  <Table1>
    <PAN>AAYPN6872H</PAN>
  </Table1>
  <Table1>
    <PAN>AHMPM2451N</PAN>
  </Table1>
  <Table1>
    <PAN>AEWPM1316H</PAN>
  </Table1>
  <Table1>
    <PAN>AGAPV9946Q</PAN>
  </Table1>
  <Table1>
    <PAN>BYKPR9147N</PAN>
  </Table1>
  <Table1>
    <PAN>AFCPG9183M</PAN>
  </Table1>
  <Table1>
    <PAN>AMPPS4240R</PAN>
  </Table1>
  <Table1>
    <PAN>AODPS9868R</PAN>
  </Table1>
  <Table1>
    <PAN>BELPA6707A</PAN>
  </Table1>
  <Table1>
    <PAN>ABSPY9323K</PAN>
  </Table1>
  <Table1>
    <PAN>AEJPT4089D</PAN>
  </Table1>
  <Table1>
    <PAN>AAZPF0252E</PAN>
  </Table1>
  <Table1>
    <PAN>ABLPM9629B</PAN>
  </Table1>
  <Table1>
    <PAN>AKOPC3161C</PAN>
  </Table1>
  <Table1>
    <PAN>BBBPP6132M</PAN>
  </Table1>
  <Table1>
    <PAN>AKMPR9016M</PAN>
  </Table1>
  <Table1>
    <PAN>CBPPP2714L</PAN>
  </Table1>
  <Table1>
    <PAN>AFLPG2805D</PAN>
  </Table1>
  <Table1>
    <PAN>BEGPK8827L</PAN>
  </Table1>
  <Table1>
    <PAN>CNZPK1207R</PAN>
  </Table1>
  <Table1>
    <PAN>AKNPG6802H</PAN>
  </Table1>
  <Table1>
    <PAN>AOCPN5402K</PAN>
  </Table1>
  <Table1>
    <PAN>AWUPB5484H</PAN>
  </Table1>
  <Table1>
    <PAN>ABCPS2267C</PAN>
  </Table1>
  <Table1>
    <PAN>AOBPC7141P</PAN>
  </Table1>
  <Table1>
    <PAN>BCAPC3407Q</PAN>
  </Table1>
  <Table1>
    <PAN>AIYPK4349N</PAN>
  </Table1>
  <Table1>
    <PAN>ACZPM6468M</PAN>
  </Table1>
  <Table1>
    <PAN>ADOPB5719J</PAN>
  </Table1>
  <Table1>
    <PAN>BBSPR5867C</PAN>
  </Table1>
  <Table1>
    <PAN>AGOPM1083F</PAN>
  </Table1>
  <Table1>
    <PAN>AJNPV3664M</PAN>
  </Table1>
  <Table1>
    <PAN>BAOPG6628M</PAN>
  </Table1>
  <Table1>
    <PAN>AWJPG1873E</PAN>
  </Table1>
  <Table1>
    <PAN>ACFPH6480G</PAN>
  </Table1>
  <Table1>
    <PAN>AWEPD1268P</PAN>
  </Table1>
  <Table1>
    <PAN>BBBPP2951G</PAN>
  </Table1>
  <Table1>
    <PAN>DEAPG2646F</PAN>
  </Table1>
  <Table1>
    <PAN>AFFPC9673M</PAN>
  </Table1>
  <Table1>
    <PAN>AAKPK5935C</PAN>
  </Table1>
  <Table1>
    <PAN>AHZPS8050J</PAN>
  </Table1>
  <Table1>
    <PAN>AXCPG1730A</PAN>
  </Table1>
  <Table1>
    <PAN>AAQPY9224J</PAN>
  </Table1>
  <Table1>
    <PAN>ACFPK6090D</PAN>
  </Table1>
  <Table1>
    <PAN>AOHPN3103Q</PAN>
  </Table1>
  <Table1>
    <PAN>BLRPK1744C</PAN>
  </Table1>
  <Table1>
    <PAN>DUDPS7761G</PAN>
  </Table1>
  <Table1>
    <PAN>BPRPM5821E</PAN>
  </Table1>
  <Table1>
    <PAN>AATPC4409J</PAN>
  </Table1>
  <Table1>
    <PAN>AHIPP5777E</PAN>
  </Table1>
  <Table1>
    <PAN>APOPG7288K</PAN>
  </Table1>
  <Table1>
    <PAN>BNKPB6877L</PAN>
  </Table1>
  <Table1>
    <PAN>EFLPR5386L</PAN>
  </Table1>
  <Table1>
    <PAN>BVDPS3814F</PAN>
  </Table1>
  <Table1>
    <PAN>AQAPG9788P</PAN>
  </Table1>
  <Table1>
    <PAN>AGFPJ6730M</PAN>
  </Table1>
  <Table1>
    <PAN>AVOPB5799A</PAN>
  </Table1>
  <Table1>
    <PAN>BCJPD3413Q</PAN>
  </Table1>
  <Table1>
    <PAN>ECAPM8613M</PAN>
  </Table1>
  <Table1>
    <PAN>BIOPP6376D</PAN>
  </Table1>
  <Table1>
    <PAN>AXQPD2252A</PAN>
  </Table1>
  <Table1>
    <PAN>CXZPK6301A</PAN>
  </Table1>
  <Table1>
    <PAN>AYBPP6274C</PAN>
  </Table1>
  <Table1>
    <PAN>CKVPD0069B</PAN>
  </Table1>
  <Table1>
    <PAN>AHQPS3231C</PAN>
  </Table1>
  <Table1>
    <PAN>FQGPS9350L</PAN>
  </Table1>
  <Table1>
    <PAN>BHUPS3807F</PAN>
  </Table1>
  <Table1>
    <PAN>AMEPS9669P</PAN>
  </Table1>
  <Table1>
    <PAN>BBVPK6474K</PAN>
  </Table1>
  <Table1>
    <PAN>ARRPS6787N</PAN>
  </Table1>
  <Table1>
    <PAN>AIXPP4794K</PAN>
  </Table1>
  <Table1>
    <PAN>ADMPH8686A</PAN>
  </Table1>
  <Table1>
    <PAN>AOQPS6338M</PAN>
  </Table1>
  <Table1>
    <PAN>AFFPH5341K</PAN>
  </Table1>
  <Table1>
    <PAN>BLMPR2624H</PAN>
  </Table1>
  <Table1>
    <PAN>DEIPK2279N</PAN>
  </Table1>
  <Table1>
    <PAN>BJKPC4834N</PAN>
  </Table1>
  <Table1>
    <PAN>AFDPK3062N</PAN>
  </Table1>
  <Table1>
    <PAN>BCEPS3813A</PAN>
  </Table1>
  <Table1>
    <PAN>ACZPS2178L</PAN>
  </Table1>
  <Table1>
    <PAN>AAIPF7922L</PAN>
  </Table1>
  <Table1>
    <PAN>BTMPP5396J</PAN>
  </Table1>
  <Table1>
    <PAN>DHLPK6190N</PAN>
  </Table1>
  <Table1>
    <PAN>AEMPM5294E</PAN>
  </Table1>
  <Table1>
    <PAN>ALAPC1446P</PAN>
  </Table1>
  <Table1>
    <PAN>BWEPS2893A</PAN>
  </Table1>
  <Table1>
    <PAN>BCNPM7925C</PAN>
  </Table1>
  <Table1>
    <PAN>BCEPM2259L</PAN>
  </Table1>
  <Table1>
    <PAN>AAGPH8303P</PAN>
  </Table1>
  <Table1>
    <PAN>AALPT8235H</PAN>
  </Table1>
  <Table1>
    <PAN>AEAPK2738P</PAN>
  </Table1>
  <Table1>
    <PAN>DPOPK8893F</PAN>
  </Table1>
  <Table1>
    <PAN>AHCPC1688F</PAN>
  </Table1>
  <Table1>
    <PAN>ABNPC7093D</PAN>
  </Table1>
  <Table1>
    <PAN>BMLPM7793N</PAN>
  </Table1>
  <Table1>
    <PAN>CCAPS9007D</PAN>
  </Table1>
  <Table1>
    <PAN>AQSPK9244N</PAN>
  </Table1>
  <Table1>
    <PAN>ABFPB6433N</PAN>
  </Table1>
  <Table1>
    <PAN>AEMPL1862R</PAN>
  </Table1>
  <Table1>
    <PAN>AVDPA8933C</PAN>
  </Table1>
  <Table1>
    <PAN>AVZPN2612D</PAN>
  </Table1>
  <Table1>
    <PAN>AESPV1736Q</PAN>
  </Table1>
  <Table1>
    <PAN>ABEPS9070K</PAN>
  </Table1>
  <Table1>
    <PAN>AIBPG2679N</PAN>
  </Table1>
  <Table1>
    <PAN>AEDPS9487C</PAN>
  </Table1>
  <Table1>
    <PAN>AARPK0188J</PAN>
  </Table1>
  <Table1>
    <PAN>AZAPM0949F</PAN>
  </Table1>
  <Table1>
    <PAN>AHSPH7295M</PAN>
  </Table1>
  <Table1>
    <PAN>EQKPS5404L</PAN>
  </Table1>
  <Table1>
    <PAN>ACUPM3919J</PAN>
  </Table1>
  <Table1>
    <PAN>AGJPS2989M</PAN>
  </Table1>
  <Table1>
    <PAN>AHBPV1463A</PAN>
  </Table1>
  <Table1>
    <PAN>AOZPA2208P</PAN>
  </Table1>
  <Table1>
    <PAN>GYTPS0175R</PAN>
  </Table1>
  <Table1>
    <PAN>APBPN1575K</PAN>
  </Table1>
  <Table1>
    <PAN>AACPV0942Q</PAN>
  </Table1>
  <Table1>
    <PAN>IWVPK9972G</PAN>
  </Table1>
  <Table1>
    <PAN>AGYPV5887G</PAN>
  </Table1>
  <Table1>
    <PAN>ATTPC6498E</PAN>
  </Table1>
  <Table1>
    <PAN>DDIPK6869M</PAN>
  </Table1>
  <Table1>
    <PAN>DFGPS8460N</PAN>
  </Table1>
  <Table1>
    <PAN>AOVPS6142J</PAN>
  </Table1>
  <Table1>
    <PAN>AROPB7421M</PAN>
  </Table1>
  <Table1>
    <PAN>AEGPD8351R</PAN>
  </Table1>
  <Table1>
    <PAN>CQNPS3402D</PAN>
  </Table1>
  <Table1>
    <PAN>ALGPA7817E</PAN>
  </Table1>
  <Table1>
    <PAN>AAKPO3124D</PAN>
  </Table1>
  <Table1>
    <PAN>ABRPR8318N</PAN>
  </Table1>
  <Table1>
    <PAN>DMXPK3661R</PAN>
  </Table1>
  <Table1>
    <PAN>AAMPP4711D</PAN>
  </Table1>
  <Table1>
    <PAN>AOOPS8138K</PAN>
  </Table1>
  <Table1>
    <PAN>ARTPS4805P</PAN>
  </Table1>
  <Table1>
    <PAN>EBEPS0362E</PAN>
  </Table1>
  <Table1>
    <PAN>BSKPS0781B</PAN>
  </Table1>
  <Table1>
    <PAN>AALPV6870G</PAN>
  </Table1>
  <Table1>
    <PAN>ARMPJ5633K</PAN>
  </Table1>
  <Table1>
    <PAN>AAAPO4245R</PAN>
  </Table1>
  <Table1>
    <PAN>ABFPW0796B</PAN>
  </Table1>
  <Table1>
    <PAN>BFQPP5601A</PAN>
  </Table1>
  <Table1>
    <PAN>AOFPR6246E</PAN>
  </Table1>
  <Table1>
    <PAN>AAXPA3839L</PAN>
  </Table1>
  <Table1>
    <PAN>EOSPS7689K</PAN>
  </Table1>
  <Table1>
    <PAN>ARBPR8159F</PAN>
  </Table1>
  <Table1>
    <PAN>AAEPV3826F</PAN>
  </Table1>
  <Table1>
    <PAN>AACPS3839B</PAN>
  </Table1>
  <Table1>
    <PAN>BYIPS7333B</PAN>
  </Table1>
  <Table1>
    <PAN>AETPA8857L</PAN>
  </Table1>
  <Table1>
    <PAN>ABCPA3523B</PAN>
  </Table1>
  <Table1>
    <PAN>BKJPM5842E</PAN>
  </Table1>
  <Table1>
    <PAN>BAZPR0343D</PAN>
  </Table1>
  <Table1>
    <PAN>AJRPP5556G</PAN>
  </Table1>
  <Table1>
    <PAN>AKIPK3274A</PAN>
  </Table1>
  <Table1>
    <PAN>HFCPK7749G</PAN>
  </Table1>
  <Table1>
    <PAN>FLLPK4274F</PAN>
  </Table1>
  <Table1>
    <PAN>DHNPP2082L</PAN>
  </Table1>
  <Table1>
    <PAN>HNYPS0908D</PAN>
  </Table1>
  <Table1>
    <PAN>CJAPM3407L</PAN>
  </Table1>
  <Table1>
    <PAN>CVPPS8262Q</PAN>
  </Table1>
  <Table1>
    <PAN>BVJPS9933F</PAN>
  </Table1>
  <Table1>
    <PAN>BYGPB7305C</PAN>
  </Table1>
  <Table1>
    <PAN>AQLPS5348E</PAN>
  </Table1>
  <Table1>
    <PAN>BEVPR3052M</PAN>
  </Table1>
  <Table1>
    <PAN>AFEPR4014G</PAN>
  </Table1>
  <Table1>
    <PAN>AFGPC6638B</PAN>
  </Table1>
  <Table1>
    <PAN>AAXPL0529J</PAN>
  </Table1>
  <Table1>
    <PAN>AWQPS5384P</PAN>
  </Table1>
  <Table1>
    <PAN>BGNPN2273E</PAN>
  </Table1>
  <Table1>
    <PAN>DKTPS4020L</PAN>
  </Table1>
  <Table1>
    <PAN>AFZPG9457R</PAN>
  </Table1>
  <Table1>
    <PAN>AUQPK2906F</PAN>
  </Table1>
  <Table1>
    <PAN>BDTPA0879C</PAN>
  </Table1>
  <Table1>
    <PAN>AFDPL6597D</PAN>
  </Table1>
  <Table1>
    <PAN>BKJPD2394A</PAN>
  </Table1>
  <Table1>
    <PAN>DMZPK4984B</PAN>
  </Table1>
  <Table1>
    <PAN>AGIPM1416A</PAN>
  </Table1>
  <Table1>
    <PAN>AEPPK2425L</PAN>
  </Table1>
  <Table1>
    <PAN>ALKPM1154G</PAN>
  </Table1>
  <Table1>
    <PAN>CFBPS0837R</PAN>
  </Table1>
  <Table1>
    <PAN>AKZPY9776G</PAN>
  </Table1>
  <Table1>
    <PAN>AWVPB7898N</PAN>
  </Table1>
  <Table1>
    <PAN>BHNPM5535P</PAN>
  </Table1>
  <Table1>
    <PAN>AVSPR7916H</PAN>
  </Table1>
  <Table1>
    <PAN>ABJPV1234F</PAN>
  </Table1>
  <Table1>
    <PAN>ADTPP0681N</PAN>
  </Table1>
  <Table1>
    <PAN>BAUPM1024R</PAN>
  </Table1>
  <Table1>
    <PAN>ATGPM0958G</PAN>
  </Table1>
  <Table1>
    <PAN>ABTPY8558P</PAN>
  </Table1>
  <Table1>
    <PAN>AFYPP2776F</PAN>
  </Table1>
  <Table1>
    <PAN>ALJPV7491G</PAN>
  </Table1>
  <Table1>
    <PAN>AOAPS5619B</PAN>
  </Table1>
  <Table1>
    <PAN>AJKPA2537P</PAN>
  </Table1>
  <Table1>
    <PAN>AALPS1295G</PAN>
  </Table1>
  <Table1>
    <PAN>DSFPS2131J</PAN>
  </Table1>
  <Table1>
    <PAN>BMQPK6687N</PAN>
  </Table1>
  <Table1>
    <PAN>ATAPC7684B</PAN>
  </Table1>
  <Table1>
    <PAN>DGOPM4902A</PAN>
  </Table1>
  <Table1>
    <PAN>AJPPS7623F</PAN>
  </Table1>
  <Table1>
    <PAN>ACSPP8391D</PAN>
  </Table1>
  <Table1>
    <PAN>AWEPG7476Q</PAN>
  </Table1>
  <Table1>
    <PAN>AUJPS3597H</PAN>
  </Table1>
  <Table1>
    <PAN>AFTPG2419P</PAN>
  </Table1>
  <Table1>
    <PAN>AJSPR4746D</PAN>
  </Table1>
  <Table1>
    <PAN>CBQPS3318L</PAN>
  </Table1>
  <Table1>
    <PAN>FLJPS3371F</PAN>
  </Table1>
  <Table1>
    <PAN>APLPD4548L</PAN>
  </Table1>
  <Table1>
    <PAN>CNGPS5668M</PAN>
  </Table1>
  <Table1>
    <PAN>AAKPD8866B</PAN>
  </Table1>
  <Table1>
    <PAN>AGIPB6968L</PAN>
  </Table1>
  <Table1>
    <PAN>BXLPS9666K</PAN>
  </Table1>
  <Table1>
    <PAN>EUCPS1744H</PAN>
  </Table1>
  <Table1>
    <PAN>BAHPM6610G</PAN>
  </Table1>
  <Table1>
    <PAN>AHUPB9153G</PAN>
  </Table1>
  <Table1>
    <PAN>BDSPN8274K</PAN>
  </Table1>
  <Table1>
    <PAN>ADNPW2278A</PAN>
  </Table1>
  <Table1>
    <PAN>AEPPV6042N</PAN>
  </Table1>
  <Table1>
    <PAN>AKKPT3642H</PAN>
  </Table1>
  <Table1>
    <PAN>BIXPK1537L</PAN>
  </Table1>
  <Table1>
    <PAN>CKDPK5646M</PAN>
  </Table1>
  <Table1>
    <PAN>BFZPS2940L</PAN>
  </Table1>
  <Table1>
    <PAN>AALPH9686G</PAN>
  </Table1>
  <Table1>
    <PAN>CQMPS0536H</PAN>
  </Table1>
  <Table1>
    <PAN>BIJPP2396G</PAN>
  </Table1>
  <Table1>
    <PAN>ADCPK7429E</PAN>
  </Table1>
  <Table1>
    <PAN>AGWPK3215H</PAN>
  </Table1>
  <Table1>
    <PAN>BKPPS7633R</PAN>
  </Table1>
  <Table1>
    <PAN>BEVPS8525N</PAN>
  </Table1>
  <Table1>
    <PAN>ABHPD7992E</PAN>
  </Table1>
  <Table1>
    <PAN>GBTPS8023R</PAN>
  </Table1>
  <Table1>
    <PAN>AFRPJ9421J</PAN>
  </Table1>
  <Table1>
    <PAN>AEFPK4628D</PAN>
  </Table1>
  <Table1>
    <PAN>ANCPG6493J</PAN>
  </Table1>
  <Table1>
    <PAN>AAJPY7897A</PAN>
  </Table1>
  <Table1>
    <PAN>ABEPN5672J</PAN>
  </Table1>
  <Table1>
    <PAN>AAIPM9456E</PAN>
  </Table1>
  <Table1>
    <PAN>ANIPA6727B</PAN>
  </Table1>
  <Table1>
    <PAN>ACRPR7710F</PAN>
  </Table1>
  <Table1>
    <PAN>ACQPB4184L</PAN>
  </Table1>
  <Table1>
    <PAN>BVNPK9298P</PAN>
  </Table1>
  <Table1>
    <PAN>AAVPM2164Q</PAN>
  </Table1>
  <Table1>
    <PAN>CLFPS3175L</PAN>
  </Table1>
  <Table1>
    <PAN>GGMPK3864A</PAN>
  </Table1>
  <Table1>
    <PAN>DAHPM0850E</PAN>
  </Table1>
  <Table1>
    <PAN>BDRPS0073G</PAN>
  </Table1>
  <Table1>
    <PAN>AAFPM6318J</PAN>
  </Table1>
  <Table1>
    <PAN>AHZPG0662N</PAN>
  </Table1>
  <Table1>
    <PAN>AFBPR0266H</PAN>
  </Table1>
  <Table1>
    <PAN>AKQPJ0685G</PAN>
  </Table1>
  <Table1>
    <PAN>AHVPN9693E</PAN>
  </Table1>
  <Table1>
    <PAN>AHOPM5358E</PAN>
  </Table1>
  <Table1>
    <PAN>BHBPP8361E</PAN>
  </Table1>
  <Table1>
    <PAN>BCAPD5936K</PAN>
  </Table1>
  <Table1>
    <PAN>BASPM5500N</PAN>
  </Table1>
  <Table1>
    <PAN>AZXPP8837E</PAN>
  </Table1>
  <Table1>
    <PAN>AJAPK9389B</PAN>
  </Table1>
  <Table1>
    <PAN>AABPS8962N</PAN>
  </Table1>
  <Table1>
    <PAN>BAJPS2942F</PAN>
  </Table1>
  <Table1>
    <PAN>AILPN6156D</PAN>
  </Table1>
  <Table1>
    <PAN>BKLPS6448A</PAN>
  </Table1>
  <Table1>
    <PAN>AHXPG4108P</PAN>
  </Table1>
  <Table1>
    <PAN>AQYPC3945L</PAN>
  </Table1>
  <Table1>
    <PAN>AEUPR4861C</PAN>
  </Table1>
  <Table1>
    <PAN>ABFPS9497R</PAN>
  </Table1>
  <Table1>
    <PAN>AUDPS3935P</PAN>
  </Table1>
  <Table1>
    <PAN>AVHPM6124B</PAN>
  </Table1>
  <Table1>
    <PAN>APBPP2879L</PAN>
  </Table1>
  <Table1>
    <PAN>BEHPK9065H</PAN>
  </Table1>
  <Table1>
    <PAN>EBUPS6843C</PAN>
  </Table1>
  <Table1>
    <PAN>BIYPM4618M</PAN>
  </Table1>
  <Table1>
    <PAN>BRAPM7242L</PAN>
  </Table1>
  <Table1>
    <PAN>BBWPS1678G</PAN>
  </Table1>
  <Table1>
    <PAN>AHXPV8697A</PAN>
  </Table1>
  <Table1>
    <PAN>BDFPS0477J</PAN>
  </Table1>
  <Table1>
    <PAN>ABKPP5096Q</PAN>
  </Table1>
  <Table1>
    <PAN>CYQPK1078N</PAN>
  </Table1>
  <Table1>
    <PAN>CGAPD8914L</PAN>
  </Table1>
  <Table1>
    <PAN>CPVPS9131J</PAN>
  </Table1>
  <Table1>
    <PAN>BOQPM7866F</PAN>
  </Table1>
  <Table1>
    <PAN>AGYPK9124F</PAN>
  </Table1>
  <Table1>
    <PAN>APJPS4360R</PAN>
  </Table1>
  <Table1>
    <PAN>CLQPS9685G</PAN>
  </Table1>
  <Table1>
    <PAN>ADSPN9663P</PAN>
  </Table1>
  <Table1>
    <PAN>AUDPM1219J</PAN>
  </Table1>
  <Table1>
    <PAN>PPIPK6498B</PAN>
  </Table1>
  <Table1>
    <PAN>ABOPT2310B</PAN>
  </Table1>
  <Table1>
    <PAN>AFKPC5833J</PAN>
  </Table1>
  <Table1>
    <PAN>AIQPM0304F</PAN>
  </Table1>
  <Table1>
    <PAN>ADEPD0631M</PAN>
  </Table1>
  <Table1>
    <PAN>AKKPM0928R</PAN>
  </Table1>
  <Table1>
    <PAN>BADPP3932L</PAN>
  </Table1>
  <Table1>
    <PAN>BSAPM9058D</PAN>
  </Table1>
  <Table1>
    <PAN>ARKPT8284E</PAN>
  </Table1>
  <Table1>
    <PAN>ALSPR1826Q</PAN>
  </Table1>
  <Table1>
    <PAN>ACQPM1629P</PAN>
  </Table1>
  <Table1>
    <PAN>AABPW4633J</PAN>
  </Table1>
  <Table1>
    <PAN>BNLPG5670H</PAN>
  </Table1>
  <Table1>
    <PAN>AKAPG3436A</PAN>
  </Table1>
  <Table1>
    <PAN>AFAPR9900D</PAN>
  </Table1>
  <Table1>
    <PAN>ABLPP6608D</PAN>
  </Table1>
  <Table1>
    <PAN>AAHPM3134E</PAN>
  </Table1>
  <Table1>
    <PAN>ACVPK3607Q</PAN>
  </Table1>
  <Table1>
    <PAN>AJCPG4989R</PAN>
  </Table1>
  <Table1>
    <PAN>DGMPS5080P</PAN>
  </Table1>
  <Table1>
    <PAN>AHVPM3720B</PAN>
  </Table1>
  <Table1>
    <PAN>AAGPT6224R</PAN>
  </Table1>
  <Table1>
    <PAN>AHKPN1327J</PAN>
  </Table1>
  <Table1>
    <PAN>ABTPS4389Z</PAN>
  </Table1>
  <Table1>
    <PAN>AAFPX1466L</PAN>
  </Table1>
  <Table1>
    <PAN>AEIPR4953D</PAN>
  </Table1>
  <Table1>
    <PAN>DJDPK2989D</PAN>
  </Table1>
  <Table1>
    <PAN>CGKPK2808J</PAN>
  </Table1>
  <Table1>
    <PAN>ABCPN9842N</PAN>
  </Table1>
  <Table1>
    <PAN>BGJPA0131J</PAN>
  </Table1>
  <Table1>
    <PAN>ABHPC8977A</PAN>
  </Table1>
  <Table1>
    <PAN>ADQPD7694G</PAN>
  </Table1>
  <Table1>
    <PAN>BHZPM7694D</PAN>
  </Table1>
  <Table1>
    <PAN>BIUPP1305A</PAN>
  </Table1>
  <Table1>
    <PAN>AGBPS4484M</PAN>
  </Table1>
  <Table1>
    <PAN>AHRPN6641A</PAN>
  </Table1>
  <Table1>
    <PAN>AGVPG6980G</PAN>
  </Table1>
  <Table1>
    <PAN>BXNPV1482J</PAN>
  </Table1>
  <Table1>
    <PAN>AJLPL7468F</PAN>
  </Table1>
  <Table1>
    <PAN>APDPG0873M</PAN>
  </Table1>
  <Table1>
    <PAN>AWGPR0429J</PAN>
  </Table1>
  <Table1>
    <PAN>APLPR5322L</PAN>
  </Table1>
  <Table1>
    <PAN>AJPPS6053F</PAN>
  </Table1>
  <Table1>
    <PAN>ABDPN1502E</PAN>
  </Table1>
  <Table1>
    <PAN>AAFPB0236J</PAN>
  </Table1>
  <Table1>
    <PAN>ACUPG5548H</PAN>
  </Table1>
  <Table1>
    <PAN>BELPG7064L</PAN>
  </Table1>
  <Table1>
    <PAN>APPPB4866F</PAN>
  </Table1>
  <Table1>
    <PAN>ABNPN1473G</PAN>
  </Table1>
  <Table1>
    <PAN>BAJPG6589A</PAN>
  </Table1>
  <Table1>
    <PAN>CQFPM5572G</PAN>
  </Table1>
  <Table1>
    <PAN>AFFPG9720F</PAN>
  </Table1>
  <Table1>
    <PAN>ABSPD9779L</PAN>
  </Table1>
  <Table1>
    <PAN>AAYPF0211G</PAN>
  </Table1>
  <Table1>
    <PAN>AYDPS7227A</PAN>
  </Table1>
  <Table1>
    <PAN>DYSPM4571B</PAN>
  </Table1>
  <Table1>
    <PAN>AYRPG4286F</PAN>
  </Table1>
  <Table1>
    <PAN>AKVPB2969G</PAN>
  </Table1>
  <Table1>
    <PAN>BTEPS6471B</PAN>
  </Table1>
  <Table1>
    <PAN>ATDPS2783A</PAN>
  </Table1>
  <Table1>
    <PAN>AKVPH8934R</PAN>
  </Table1>
  <Table1>
    <PAN>AAHPB3885D</PAN>
  </Table1>
  <Table1>
    <PAN>AAZPM2522Q</PAN>
  </Table1>
  <Table1>
    <PAN>AKQPS2339L</PAN>
  </Table1>
  <Table1>
    <PAN>AWXPD4560F</PAN>
  </Table1>
  <Table1>
    <PAN>AHQPS5666P</PAN>
  </Table1>
  <Table1>
    <PAN>BGJPP8610D</PAN>
  </Table1>
  <Table1>
    <PAN>ADRPD7484M</PAN>
  </Table1>
  <Table1>
    <PAN>EMRPM1619E</PAN>
  </Table1>
  <Table1>
    <PAN>CEGPP8144E</PAN>
  </Table1>
  <Table1>
    <PAN>AEEPV6178G</PAN>
  </Table1>
  <Table1>
    <PAN>AORPC7707F</PAN>
  </Table1>
  <Table1>
    <PAN>AJBPB3956G</PAN>
  </Table1>
  <Table1>
    <PAN>ANJPK3854G</PAN>
  </Table1>
  <Table1>
    <PAN>ACXPC4746L</PAN>
  </Table1>
  <Table1>
    <PAN>AJMPV4053B</PAN>
  </Table1>
  <Table1>
    <PAN>ABAPB5813B</PAN>
  </Table1>
  <Table1>
    <PAN>ANDPK4883H</PAN>
  </Table1>
  <Table1>
    <PAN>AYRPK2874R</PAN>
  </Table1>
  <Table1>
    <PAN>CLMPG4524L</PAN>
  </Table1>
  <Table1>
    <PAN>GQJPS8765M</PAN>
  </Table1>
  <Table1>
    <PAN>DYVPS1447B</PAN>
  </Table1>
  <Table1>
    <PAN>GDOPS3613G</PAN>
  </Table1>
  <Table1>
    <PAN>CRWPK7666R</PAN>
  </Table1>
  <Table1>
    <PAN>AEYPC9161N</PAN>
  </Table1>
  <Table1>
    <PAN>AADPI5507K</PAN>
  </Table1>
  <Table1>
    <PAN>AGFPI0440M</PAN>
  </Table1>
  <Table1>
    <PAN>AWEPB9460F</PAN>
  </Table1>
  <Table1>
    <PAN>AFMPK3279E</PAN>
  </Table1>
  <Table1>
    <PAN>ABGPE8989D</PAN>
  </Table1>
  <Table1>
    <PAN>AWDPG2823N</PAN>
  </Table1>
  <Table1>
    <PAN>BAIPS4223E</PAN>
  </Table1>
  <Table1>
    <PAN>ABOPN2133J</PAN>
  </Table1>
  <Table1>
    <PAN>BNOPP7113D</PAN>
  </Table1>
  <Table1>
    <PAN>AULPS5698B</PAN>
  </Table1>
  <Table1>
    <PAN>DMNPK8977A</PAN>
  </Table1>
  <Table1>
    <PAN>ASKPM0377J</PAN>
  </Table1>
  <Table1>
    <PAN>ALKPP1929Q</PAN>
  </Table1>
  <Table1>
    <PAN>AEBPJ9046E</PAN>
  </Table1>
  <Table1>
    <PAN>AOMPC9505J</PAN>
  </Table1>
  <Table1>
    <PAN>CNAPP2017B</PAN>
  </Table1>
  <Table1>
    <PAN>ABWPJ5185A</PAN>
  </Table1>
  <Table1>
    <PAN>EWDPS7732C</PAN>
  </Table1>
  <Table1>
    <PAN>ADYPC3373K</PAN>
  </Table1>
  <Table1>
    <PAN>AKBPN9973C</PAN>
  </Table1>
  <Table1>
    <PAN>AICPC6573C</PAN>
  </Table1>
  <Table1>
    <PAN>AAPPI7529F</PAN>
  </Table1>
  <Table1>
    <PAN>DHQPS2785N</PAN>
  </Table1>
  <Table1>
    <PAN>ANWPM7815L</PAN>
  </Table1>
  <Table1>
    <PAN>CANPS4038P</PAN>
  </Table1>
  <Table1>
    <PAN>ABDPY4450C</PAN>
  </Table1>
  <Table1>
    <PAN>AZWPS9123P</PAN>
  </Table1>
  <Table1>
    <PAN>BYCPS5106E</PAN>
  </Table1>
  <Table1>
    <PAN>AMTPJ0583E</PAN>
  </Table1>
  <Table1>
    <PAN>ADWPR8101L</PAN>
  </Table1>
  <Table1>
    <PAN>AHYPK5073G</PAN>
  </Table1>
  <Table1>
    <PAN>CPJPB8600P</PAN>
  </Table1>
  <Table1>
    <PAN>AYRPN4643D</PAN>
  </Table1>
  <Table1>
    <PAN>CYCPP3568C</PAN>
  </Table1>
  <Table1>
    <PAN>ANRPA6918R</PAN>
  </Table1>
  <Table1>
    <PAN>AUJPM0184E</PAN>
  </Table1>
  <Table1>
    <PAN>BELPP4049C</PAN>
  </Table1>
  <Table1>
    <PAN>AHLPS9734K</PAN>
  </Table1>
  <Table1>
    <PAN>CTXPK0896A</PAN>
  </Table1>
  <Table1>
    <PAN>BUWPB8535J</PAN>
  </Table1>
  <Table1>
    <PAN>ABUPO1666M</PAN>
  </Table1>
  <Table1>
    <PAN>EYAPS0959A</PAN>
  </Table1>
  <Table1>
    <PAN>ARSPM3172E</PAN>
  </Table1>
  <Table1>
    <PAN>AOTPD9305E</PAN>
  </Table1>
  <Table1>
    <PAN>AGKPR5743B</PAN>
  </Table1>
  <Table1>
    <PAN>AHUPG8397B</PAN>
  </Table1>
  <Table1>
    <PAN>AEKPS5595L</PAN>
  </Table1>
  <Table1>
    <PAN>CSJPS1215C</PAN>
  </Table1>
  <Table1>
    <PAN>AQPPR4076E</PAN>
  </Table1>
  <Table1>
    <PAN>AARPS3273Q</PAN>
  </Table1>
  <Table1>
    <PAN>ADIPA3216H</PAN>
  </Table1>
  <Table1>
    <PAN>AQEPT5338A</PAN>
  </Table1>
  <Table1>
    <PAN>ANXPM4232G</PAN>
  </Table1>
  <Table1>
    <PAN>AEUPK7461D</PAN>
  </Table1>
  <Table1>
    <PAN>ACLPM5997K</PAN>
  </Table1>
  <Table1>
    <PAN>APYPY1997B</PAN>
  </Table1>
  <Table1>
    <PAN>BBFPC7853Q</PAN>
  </Table1>
  <Table1>
    <PAN>AJZPP4910E</PAN>
  </Table1>
  <Table1>
    <PAN>BNSPP8048P</PAN>
  </Table1>
  <Table1>
    <PAN>AVYPB9623R</PAN>
  </Table1>
  <Table1>
    <PAN>DYPPS9363L</PAN>
  </Table1>
  <Table1>
    <PAN>AJFPD5341R</PAN>
  </Table1>
  <Table1>
    <PAN>ARIPR4019F</PAN>
  </Table1>
  <Table1>
    <PAN>AODPC8115M</PAN>
  </Table1>
  <Table1>
    <PAN>APSPG0309R</PAN>
  </Table1>
  <Table1>
    <PAN>BTPPK8526A</PAN>
  </Table1>
  <Table1>
    <PAN>ADUPH0500K</PAN>
  </Table1>
  <Table1>
    <PAN>AAAPB3418R</PAN>
  </Table1>
  <Table1>
    <PAN>CBPPS7732H</PAN>
  </Table1>
  <Table1>
    <PAN>CRWPP1770P</PAN>
  </Table1>
  <Table1>
    <PAN>BHBPJ7158K</PAN>
  </Table1>
  <Table1>
    <PAN>AAAPC3951A</PAN>
  </Table1>
  <Table1>
    <PAN>FYOPS5051J</PAN>
  </Table1>
  <Table1>
    <PAN>AYUPP1712C</PAN>
  </Table1>
  <Table1>
    <PAN>AOTPD9984P</PAN>
  </Table1>
  <Table1>
    <PAN>AVAPN4678A</PAN>
  </Table1>
  <Table1>
    <PAN>AKXPN8748F</PAN>
  </Table1>
  <Table1>
    <PAN>AYQPK3989A</PAN>
  </Table1>
  <Table1>
    <PAN>BCVPK4326B</PAN>
  </Table1>
  <Table1>
    <PAN>BDFPG2276M</PAN>
  </Table1>
  <Table1>
    <PAN>ALRPM6743J</PAN>
  </Table1>
  <Table1>
    <PAN>AKCPC7522K</PAN>
  </Table1>
  <Table1>
    <PAN>AXZPN6344G</PAN>
  </Table1>
  <Table1>
    <PAN>AAAPK1540R</PAN>
  </Table1>
  <Table1>
    <PAN>AREPG5413C</PAN>
  </Table1>
  <Table1>
    <PAN>AKBPP0410G</PAN>
  </Table1>
  <Table1>
    <PAN>APDPB3004M</PAN>
  </Table1>
  <Table1>
    <PAN>BLQPG5467D</PAN>
  </Table1>
  <Table1>
    <PAN>AMNPS1638M</PAN>
  </Table1>
  <Table1>
    <PAN>BVIPM3520M</PAN>
  </Table1>
  <Table1>
    <PAN>BTGPK1782F</PAN>
  </Table1>
  <Table1>
    <PAN>AASPN4565F</PAN>
  </Table1>
  <Table1>
    <PAN>AMAPK5642G</PAN>
  </Table1>
  <Table1>
    <PAN>BQWPK6260M</PAN>
  </Table1>
  <Table1>
    <PAN>ATEPA5484F</PAN>
  </Table1>
  <Table1>
    <PAN>AUCPS1462Q</PAN>
  </Table1>
  <Table1>
    <PAN>BCQPD8289R</PAN>
  </Table1>
  <Table1>
    <PAN>AQJPS4984J</PAN>
  </Table1>
  <Table1>
    <PAN>AFKPG3682D</PAN>
  </Table1>
  <Table1>
    <PAN>BKHPB4168G</PAN>
  </Table1>
  <Table1>
    <PAN>AZLPC5828N</PAN>
  </Table1>
  <Table1>
    <PAN>AGNPB6934F</PAN>
  </Table1>
  <Table1>
    <PAN>AGLPA0099E</PAN>
  </Table1>
  <Table1>
    <PAN>ABVPK5898E</PAN>
  </Table1>
  <Table1>
    <PAN>AJJPJ1511D</PAN>
  </Table1>
  <Table1>
    <PAN>ANLPR5756N</PAN>
  </Table1>
  <Table1>
    <PAN>AMTPN6678A</PAN>
  </Table1>
  <Table1>
    <PAN>DQRPK7416J</PAN>
  </Table1>
  <Table1>
    <PAN>ASDPS6497E</PAN>
  </Table1>
  <Table1>
    <PAN>BXYPS8920H</PAN>
  </Table1>
  <Table1>
    <PAN>BQHPM7159Q</PAN>
  </Table1>
  <Table1>
    <PAN>ENSPS5533K</PAN>
  </Table1>
  <Table1>
    <PAN>AYUPP0936A</PAN>
  </Table1>
  <Table1>
    <PAN>AZMPS0275J</PAN>
  </Table1>
  <Table1>
    <PAN>ACNPP9639H</PAN>
  </Table1>
  <Table1>
    <PAN>DVWPS0527J</PAN>
  </Table1>
  <Table1>
    <PAN>BBOPB0302E</PAN>
  </Table1>
  <Table1>
    <PAN>BNTPS5138Q</PAN>
  </Table1>
  <Table1>
    <PAN>AFNPU4022P</PAN>
  </Table1>
  <Table1>
    <PAN>AEBPN6788D</PAN>
  </Table1>
  <Table1>
    <PAN>AOHPC1801L</PAN>
  </Table1>
  <Table1>
    <PAN>CTZPR0431C</PAN>
  </Table1>
  <Table1>
    <PAN>ACWPM1309E</PAN>
  </Table1>
  <Table1>
    <PAN>BSRPM8791E</PAN>
  </Table1>
  <Table1>
    <PAN>AFPPK3423H</PAN>
  </Table1>
  <Table1>
    <PAN>BWTPS7847B</PAN>
  </Table1>
  <Table1>
    <PAN>AICPB5358E</PAN>
  </Table1>
  <Table1>
    <PAN>ATQPS8173F</PAN>
  </Table1>
  <Table1>
    <PAN>ASEPM6887H</PAN>
  </Table1>
  <Table1>
    <PAN>AVPPS2460N</PAN>
  </Table1>
  <Table1>
    <PAN>BLHPP8550M</PAN>
  </Table1>
  <Table1>
    <PAN>APHPR7666F</PAN>
  </Table1>
  <Table1>
    <PAN>BBRPK8867J</PAN>
  </Table1>
  <Table1>
    <PAN>AAQPY6660G</PAN>
  </Table1>
  <Table1>
    <PAN>AFIPR9532H</PAN>
  </Table1>
  <Table1>
    <PAN>ADJPA4057F</PAN>
  </Table1>
  <Table1>
    <PAN>AEDPL9982K</PAN>
  </Table1>
  <Table1>
    <PAN>AEVPN9110R</PAN>
  </Table1>
  <Table1>
    <PAN>AAMPB7034K</PAN>
  </Table1>
  <Table1>
    <PAN>DDOPS2756R</PAN>
  </Table1>
  <Table1>
    <PAN>APNPR0465C</PAN>
  </Table1>
  <Table1>
    <PAN>AAHPF6662Q</PAN>
  </Table1>
  <Table1>
    <PAN>AGKPD1148A</PAN>
  </Table1>
  <Table1>
    <PAN>BSLPD8040H</PAN>
  </Table1>
  <Table1>
    <PAN>ALHPK4608C</PAN>
  </Table1>
  <Table1>
    <PAN>ACGPF3192C</PAN>
  </Table1>
  <Table1>
    <PAN>AUDPG6934E</PAN>
  </Table1>
  <Table1>
    <PAN>AANPO4476B</PAN>
  </Table1>
  <Table1>
    <PAN>AXEPA9408M</PAN>
  </Table1>
  <Table1>
    <PAN>APFPR0518G</PAN>
  </Table1>
  <Table1>
    <PAN>AHXPM7774P</PAN>
  </Table1>
  <Table1>
    <PAN>AIUPG4829K</PAN>
  </Table1>
  <Table1>
    <PAN>ADTPP6530E</PAN>
  </Table1>
  <Table1>
    <PAN>BEPPR6272D</PAN>
  </Table1>
  <Table1>
    <PAN>BBSPS6785E</PAN>
  </Table1>
  <Table1>
    <PAN>AMSPL5957F</PAN>
  </Table1>
  <Table1>
    <PAN>BGOPS1683J</PAN>
  </Table1>
  <Table1>
    <PAN>AVEPR3203P</PAN>
  </Table1>
  <Table1>
    <PAN>AIVPS7139M</PAN>
  </Table1>
  <Table1>
    <PAN>AAAPB5518L</PAN>
  </Table1>
  <Table1>
    <PAN>AEAPK2832C</PAN>
  </Table1>
  <Table1>
    <PAN>AAQPY8619K</PAN>
  </Table1>
  <Table1>
    <PAN>DBKPA9300R</PAN>
  </Table1>
  <Table1>
    <PAN>ASLPT1121E</PAN>
  </Table1>
  <Table1>
    <PAN>AOMPR5509K</PAN>
  </Table1>
  <Table1>
    <PAN>ACOPV3099A</PAN>
  </Table1>
  <Table1>
    <PAN>BRIPM8479B</PAN>
  </Table1>
  <Table1>
    <PAN>CFLPK1153G</PAN>
  </Table1>
  <Table1>
    <PAN>EQDPS9525M</PAN>
  </Table1>
  <Table1>
    <PAN>CZKPB6913Q</PAN>
  </Table1>
  <Table1>
    <PAN>BRDPA5061L</PAN>
  </Table1>
  <Table1>
    <PAN>CGNPK2259Q</PAN>
  </Table1>
  <Table1>
    <PAN>BIYPP5382H</PAN>
  </Table1>
  <Table1>
    <PAN>BAGPS5878D</PAN>
  </Table1>
  <Table1>
    <PAN>AAJPH1595C</PAN>
  </Table1>
  <Table1>
    <PAN>AANPC7541F</PAN>
  </Table1>
  <Table1>
    <PAN>BIAPK4125M</PAN>
  </Table1>
  <Table1>
    <PAN>ABAPN2084J</PAN>
  </Table1>
  <Table1>
    <PAN>ACOPT2803Q</PAN>
  </Table1>
  <Table1>
    <PAN>BBAPJ9991B</PAN>
  </Table1>
  <Table1>
    <PAN>BPJPS3899L</PAN>
  </Table1>
  <Table1>
    <PAN>AHZPN8699N</PAN>
  </Table1>
  <Table1>
    <PAN>ALFPS8414C</PAN>
  </Table1>
  <Table1>
    <PAN>DKKPK9977D</PAN>
  </Table1>
  <Table1>
    <PAN>ARBPS7667K</PAN>
  </Table1>
  <Table1>
    <PAN>AIFPP1707Q</PAN>
  </Table1>
  <Table1>
    <PAN>BMPPC3339G</PAN>
  </Table1>
  <Table1>
    <PAN>AKNPK2908E</PAN>
  </Table1>
  <Table1>
    <PAN>ATLPM8261D</PAN>
  </Table1>
  <Table1>
    <PAN>BTPPK6308A</PAN>
  </Table1>
  <Table1>
    <PAN>AQXPV3412E</PAN>
  </Table1>
  <Table1>
    <PAN>ALHPA5394B</PAN>
  </Table1>
  <Table1>
    <PAN>AJPPJ3858F</PAN>
  </Table1>
  <Table1>
    <PAN>AFGPR7594K</PAN>
  </Table1>
  <Table1>
    <PAN>BACPB4317G</PAN>
  </Table1>
  <Table1>
    <PAN>AFKPS7241E</PAN>
  </Table1>
  <Table1>
    <PAN>AUOPN7935M</PAN>
  </Table1>
  <Table1>
    <PAN>ASNPD9141N</PAN>
  </Table1>
  <Table1>
    <PAN>EOBPK4704J</PAN>
  </Table1>
  <Table1>
    <PAN>ATOPS3191F</PAN>
  </Table1>
  <Table1>
    <PAN>AFZPV3726J</PAN>
  </Table1>
  <Table1>
    <PAN>ARQPJ5102K</PAN>
  </Table1>
  <Table1>
    <PAN>BJXPS8999H</PAN>
  </Table1>
  <Table1>
    <PAN>ACZPB8060G</PAN>
  </Table1>
  <Table1>
    <PAN>AIWPD8319D</PAN>
  </Table1>
  <Table1>
    <PAN>AJNPK5823H</PAN>
  </Table1>
  <Table1>
    <PAN>AOWPK5102P</PAN>
  </Table1>
  <Table1>
    <PAN>CAVPS1686M</PAN>
  </Table1>
  <Table1>
    <PAN>AKXPK7401J</PAN>
  </Table1>
  <Table1>
    <PAN>DONPS8541Q</PAN>
  </Table1>
  <Table1>
    <PAN>CHOPD3644L</PAN>
  </Table1>
  <Table1>
    <PAN>AHYPS3974N</PAN>
  </Table1>
  <Table1>
    <PAN>DERPK5689K</PAN>
  </Table1>
  <Table1>
    <PAN>ALOPJ6849D</PAN>
  </Table1>
  <Table1>
    <PAN>ACGPG2535G</PAN>
  </Table1>
  <Table1>
    <PAN>AABPL5556B</PAN>
  </Table1>
  <Table1>
    <PAN>DDOPS1092A</PAN>
  </Table1>
  <Table1>
    <PAN>ARCPC3937D</PAN>
  </Table1>
  <Table1>
    <PAN>ABGPH4268Q</PAN>
  </Table1>
  <Table1>
    <PAN>AUHPG0703B</PAN>
  </Table1>
  <Table1>
    <PAN>BHVPA6716L</PAN>
  </Table1>
  <Table1>
    <PAN>AQSPC6320M</PAN>
  </Table1>
  <Table1>
    <PAN>BUJPK3668J</PAN>
  </Table1>
  <Table1>
    <PAN>AGNPB6632N</PAN>
  </Table1>
  <Table1>
    <PAN>AGDPP5863F</PAN>
  </Table1>
  <Table1>
    <PAN>AFPPR2791K</PAN>
  </Table1>
  <Table1>
    <PAN>AJCPG8772E</PAN>
  </Table1>
  <Table1>
    <PAN>AFRPM4454L</PAN>
  </Table1>
  <Table1>
    <PAN>AGNPB7145C</PAN>
  </Table1>
  <Table1>
    <PAN>BKSPM2578J</PAN>
  </Table1>
  <Table1>
    <PAN>AVOPM0316N</PAN>
  </Table1>
  <Table1>
    <PAN>AKUPG5324K</PAN>
  </Table1>
  <Table1>
    <PAN>AEXPK3502L</PAN>
  </Table1>
  <Table1>
    <PAN>AKJPR1722P</PAN>
  </Table1>
  <Table1>
    <PAN>AGIPM0483F</PAN>
  </Table1>
  <Table1>
    <PAN>AGOPT4103B</PAN>
  </Table1>
  <Table1>
    <PAN>AXSPD4089P</PAN>
  </Table1>
  <Table1>
    <PAN>JCJPS6297B</PAN>
  </Table1>
  <Table1>
    <PAN>BITPK9098J</PAN>
  </Table1>
  <Table1>
    <PAN>AYCPM2954R</PAN>
  </Table1>
  <Table1>
    <PAN>AETPM3840H</PAN>
  </Table1>
  <Table1>
    <PAN>AMAPP0774C</PAN>
  </Table1>
  <Table1>
    <PAN>ALQPG4900L</PAN>
  </Table1>
  <Table1>
    <PAN>ANJPT1606R</PAN>
  </Table1>
  <Table1>
    <PAN>ABBPV2524Q</PAN>
  </Table1>
  <Table1>
    <PAN>AECPG7220A</PAN>
  </Table1>
  <Table1>
    <PAN>ABRPA0900D</PAN>
  </Table1>
  <Table1>
    <PAN>AZZPK0140M</PAN>
  </Table1>
  <Table1>
    <PAN>AVMPK5986G</PAN>
  </Table1>
  <Table1>
    <PAN>ALQPK8415L</PAN>
  </Table1>
  <Table1>
    <PAN>CBVPP7378E</PAN>
  </Table1>
  <Table1>
    <PAN>ABAPS3339M</PAN>
  </Table1>
  <Table1>
    <PAN>ABHPR7870F</PAN>
  </Table1>
  <Table1>
    <PAN>CSZPP4797A</PAN>
  </Table1>
  <Table1>
    <PAN>ARKPS9479C</PAN>
  </Table1>
  <Table1>
    <PAN>CPIPS3316A</PAN>
  </Table1>
  <Table1>
    <PAN>ABYPK6844K</PAN>
  </Table1>
  <Table1>
    <PAN>AAHPI0146A</PAN>
  </Table1>
  <Table1>
    <PAN>AQZPR5470N</PAN>
  </Table1>
  <Table1>
    <PAN>ABXPN1024D</PAN>
  </Table1>
  <Table1>
    <PAN>BGQPT7682C</PAN>
  </Table1>
  <Table1>
    <PAN>AFYPG8111P</PAN>
  </Table1>
  <Table1>
    <PAN>AOBPB9285P</PAN>
  </Table1>
  <Table1>
    <PAN>DOFPS4320F</PAN>
  </Table1>
  <Table1>
    <PAN>ASCPK8985A</PAN>
  </Table1>
  <Table1>
    <PAN>AQPPR5071F</PAN>
  </Table1>
  <Table1>
    <PAN>DIUPM8985D</PAN>
  </Table1>
  <Table1>
    <PAN>AIAPR8799M</PAN>
  </Table1>
  <Table1>
    <PAN>AYXPP3387J</PAN>
  </Table1>
  <Table1>
    <PAN>AUYPD8579M</PAN>
  </Table1>
  <Table1>
    <PAN>ATMPS3009E</PAN>
  </Table1>
  <Table1>
    <PAN>AQYPD4467E</PAN>
  </Table1>
  <Table1>
    <PAN>AQVPM5993M</PAN>
  </Table1>
  <Table1>
    <PAN>AJSPV7604E</PAN>
  </Table1>
  <Table1>
    <PAN>BZUPS9713A</PAN>
  </Table1>
  <Table1>
    <PAN>AMMPJ7098M</PAN>
  </Table1>
  <Table1>
    <PAN>ABHPN0134A</PAN>
  </Table1>
  <Table1>
    <PAN>BTOPS9552D</PAN>
  </Table1>
  <Table1>
    <PAN>BEHPS7952D</PAN>
  </Table1>
  <Table1>
    <PAN>ADOPK9196L</PAN>
  </Table1>
  <Table1>
    <PAN>AISPR9828F</PAN>
  </Table1>
  <Table1>
    <PAN>AHLPV2942C</PAN>
  </Table1>
  <Table1>
    <PAN>BBRPG3583R</PAN>
  </Table1>
  <Table1>
    <PAN>BIRPM1997C</PAN>
  </Table1>
  <Table1>
    <PAN>AYLPP9614J</PAN>
  </Table1>
  <Table1>
    <PAN>AGTPD2096A</PAN>
  </Table1>
  <Table1>
    <PAN>CYFPS2051E</PAN>
  </Table1>
  <Table1>
    <PAN>ABAPC9018K</PAN>
  </Table1>
  <Table1>
    <PAN>BDEPR3153F</PAN>
  </Table1>
  <Table1>
    <PAN>CVPPS7709L</PAN>
  </Table1>
  <Table1>
    <PAN>BCRPK7514D</PAN>
  </Table1>
  <Table1>
    <PAN>AMCPS0843F</PAN>
  </Table1>
  <Table1>
    <PAN>BEKPR6626C</PAN>
  </Table1>
  <Table1>
    <PAN>CEAPR2667J</PAN>
  </Table1>
  <Table1>
    <PAN>AGVPG6236B</PAN>
  </Table1>
  <Table1>
    <PAN>AQZPS0744G</PAN>
  </Table1>
  <Table1>
    <PAN>BLXPP8404Q</PAN>
  </Table1>
  <Table1>
    <PAN>AQLPD9798H</PAN>
  </Table1>
  <Table1>
    <PAN>ARXPK1035B</PAN>
  </Table1>
  <Table1>
    <PAN>AHDPS7793N</PAN>
  </Table1>
  <Table1>
    <PAN>GOAPS8154D</PAN>
  </Table1>
  <Table1>
    <PAN>CZNPK4858A</PAN>
  </Table1>
  <Table1>
    <PAN>DSBPS1885M</PAN>
  </Table1>
  <Table1>
    <PAN>AEBPB0309Q</PAN>
  </Table1>
  <Table1>
    <PAN>AFFPR8607E</PAN>
  </Table1>
  <Table1>
    <PAN>BFRPR3301E</PAN>
  </Table1>
  <Table1>
    <PAN>AFGPP5702F</PAN>
  </Table1>
  <Table1>
    <PAN>CDKPK5490B</PAN>
  </Table1>
  <Table1>
    <PAN>BXIPK2256G</PAN>
  </Table1>
  <Table1>
    <PAN>AFUPS3785D</PAN>
  </Table1>
  <Table1>
    <PAN>CUUPS1553C</PAN>
  </Table1>
  <Table1>
    <PAN>AWJPA2549K</PAN>
  </Table1>
  <Table1>
    <PAN>AVVPA8263R</PAN>
  </Table1>
  <Table1>
    <PAN>EOFPR0327E</PAN>
  </Table1>
  <Table1>
    <PAN>AOUPM9211M</PAN>
  </Table1>
  <Table1>
    <PAN>ABJPR1043A</PAN>
  </Table1>
  <Table1>
    <PAN>BUUPM8762J</PAN>
  </Table1>
  <Table1>
    <PAN>BJXPB4603F</PAN>
  </Table1>
  <Table1>
    <PAN>GKOPS4124M</PAN>
  </Table1>
  <Table1>
    <PAN>CVSPK3287Q</PAN>
  </Table1>
  <Table1>
    <PAN>ABOPK6563D</PAN>
  </Table1>
  <Table1>
    <PAN>ABIPL7409F</PAN>
  </Table1>
  <Table1>
    <PAN>GWZPK6379B</PAN>
  </Table1>
  <Table1>
    <PAN>AJTPR7613J</PAN>
  </Table1>
  <Table1>
    <PAN>AUAPD8454H</PAN>
  </Table1>
  <Table1>
    <PAN>AAGPM4792D</PAN>
  </Table1>
  <Table1>
    <PAN>AFXPL8617C</PAN>
  </Table1>
  <Table1>
    <PAN>BXGPR2374Q</PAN>
  </Table1>
  <Table1>
    <PAN>BWRPD0142E</PAN>
  </Table1>
  <Table1>
    <PAN>ACXPV2914M</PAN>
  </Table1>
  <Table1>
    <PAN>BLUPG6063M</PAN>
  </Table1>
  <Table1>
    <PAN>BMKPK5811N</PAN>
  </Table1>
  <Table1>
    <PAN>ACBPJ1336R</PAN>
  </Table1>
  <Table1>
    <PAN>BCMPD0307G</PAN>
  </Table1>
  <Table1>
    <PAN>CYXPS9201C</PAN>
  </Table1>
  <Table1>
    <PAN>BFHPS3644K</PAN>
  </Table1>
  <Table1>
    <PAN>ASWPR3231N</PAN>
  </Table1>
  <Table1>
    <PAN>AHLPN8982A</PAN>
  </Table1>
  <Table1>
    <PAN>AEFPR9468G</PAN>
  </Table1>
  <Table1>
    <PAN>AHMPS5207N</PAN>
  </Table1>
  <Table1>
    <PAN>ACEPT0782E</PAN>
  </Table1>
  <Table1>
    <PAN>CVHPP5764L</PAN>
  </Table1>
  <Table1>
    <PAN>AAPPE3853N</PAN>
  </Table1>
  <Table1>
    <PAN>ADWPH9001P</PAN>
  </Table1>
  <Table1>
    <PAN>FJQPK3905Q</PAN>
  </Table1>
  <Table1>
    <PAN>AYKPS7694E</PAN>
  </Table1>
  <Table1>
    <PAN>CCDPS9697G</PAN>
  </Table1>
  <Table1>
    <PAN>AAUPK7248J</PAN>
  </Table1>
  <Table1>
    <PAN>COOPS3855M</PAN>
  </Table1>
  <Table1>
    <PAN>ABLPC7525Q</PAN>
  </Table1>
  <Table1>
    <PAN>BLMPR5570G</PAN>
  </Table1>
  <Table1>
    <PAN>AFRPG2929N</PAN>
  </Table1>
  <Table1>
    <PAN>ALJPT6680P</PAN>
  </Table1>
  <Table1>
    <PAN>AKRPJ4629H</PAN>
  </Table1>
  <Table1>
    <PAN>ARSPM1420B</PAN>
  </Table1>
  <Table1>
    <PAN>ABEPW4155B</PAN>
  </Table1>
  <Table1>
    <PAN>AQYPS2129Q</PAN>
  </Table1>
  <Table1>
    <PAN>BSKPM0434P</PAN>
  </Table1>
  <Table1>
    <PAN>AMBPS3953P</PAN>
  </Table1>
  <Table1>
    <PAN>AMMPT7999P</PAN>
  </Table1>
  <Table1>
    <PAN>AMAPP0621Q</PAN>
  </Table1>
  <Table1>
    <PAN>BKUPK2399K</PAN>
  </Table1>
  <Table1>
    <PAN>AJXPJ0316J</PAN>
  </Table1>
  <Table1>
    <PAN>BZUPS4632N</PAN>
  </Table1>
  <Table1>
    <PAN>BTQPC5529Q</PAN>
  </Table1>
  <Table1>
    <PAN>AFQPD8221F</PAN>
  </Table1>
  <Table1>
    <PAN>AFPPM7689P</PAN>
  </Table1>
  <Table1>
    <PAN>AATPY5003A</PAN>
  </Table1>
  <Table1>
    <PAN>ABEPW2060M</PAN>
  </Table1>
  <Table1>
    <PAN>CCDPK7490P</PAN>
  </Table1>
  <Table1>
    <PAN>DEJPK7338D</PAN>
  </Table1>
  <Table1>
    <PAN>AHCPM3290M</PAN>
  </Table1>
  <Table1>
    <PAN>CZGPS4127M</PAN>
  </Table1>
  <Table1>
    <PAN>BIBPS4288Q</PAN>
  </Table1>
  <Table1>
    <PAN>CSUPK5471K</PAN>
  </Table1>
  <Table1>
    <PAN>ALKPM8186E</PAN>
  </Table1>
  <Table1>
    <PAN>BLYPK0920K</PAN>
  </Table1>
  <Table1>
    <PAN>BSVPM8418A</PAN>
  </Table1>
  <Table1>
    <PAN>BODPM6817H</PAN>
  </Table1>
  <Table1>
    <PAN>ADZPK1438N</PAN>
  </Table1>
  <Table1>
    <PAN>EEPPS2516G</PAN>
  </Table1>
  <Table1>
    <PAN>AGBPD8891R</PAN>
  </Table1>
  <Table1>
    <PAN>AYMPR3836K</PAN>
  </Table1>
  <Table1>
    <PAN>BSQPG6123D</PAN>
  </Table1>
  <Table1>
    <PAN>CRTPS9495P</PAN>
  </Table1>
  <Table1>
    <PAN>CEVPK5239L</PAN>
  </Table1>
  <Table1>
    <PAN>DBIPM6175G</PAN>
  </Table1>
  <Table1>
    <PAN>AGFPK3685A</PAN>
  </Table1>
  <Table1>
    <PAN>AEGPT3664P</PAN>
  </Table1>
  <Table1>
    <PAN>ADFPD2398L</PAN>
  </Table1>
  <Table1>
    <PAN>ANHPS9825P</PAN>
  </Table1>
  <Table1>
    <PAN>AAYPL4171H</PAN>
  </Table1>
  <Table1>
    <PAN>AUEPJ9021A</PAN>
  </Table1>
  <Table1>
    <PAN>CVJPS2666E</PAN>
  </Table1>
  <Table1>
    <PAN>ATVPM8775G</PAN>
  </Table1>
  <Table1>
    <PAN>BVDPP7949E</PAN>
  </Table1>
  <Table1>
    <PAN>ABXPJ1242M</PAN>
  </Table1>
  <Table1>
    <PAN>AFZPL0837N</PAN>
  </Table1>
  <Table1>
    <PAN>AAKPL2808B</PAN>
  </Table1>
  <Table1>
    <PAN>AYYPS4394K</PAN>
  </Table1>
  <Table1>
    <PAN>ADLPR7456H</PAN>
  </Table1>
  <Table1>
    <PAN>ACZPG2829C</PAN>
  </Table1>
  <Table1>
    <PAN>FMGPK6756J</PAN>
  </Table1>
  <Table1>
    <PAN>AUJPM7491G</PAN>
  </Table1>
  <Table1>
    <PAN>AIMPL2499Q</PAN>
  </Table1>
  <Table1>
    <PAN>ABTPG3558R</PAN>
  </Table1>
  <Table1>
    <PAN>ALSPS7250D</PAN>
  </Table1>
  <Table1>
    <PAN>CGQPS0501L</PAN>
  </Table1>
  <Table1>
    <PAN>CHDPK5366F</PAN>
  </Table1>
  <Table1>
    <PAN>BKGPB8133E</PAN>
  </Table1>
  <Table1>
    <PAN>ADQPK6591H</PAN>
  </Table1>
  <Table1>
    <PAN>BRSPS7789A</PAN>
  </Table1>
  <Table1>
    <PAN>AGPPC5514J</PAN>
  </Table1>
  <Table1>
    <PAN>AYPPS4647C</PAN>
  </Table1>
  <Table1>
    <PAN>ELJPP6659C</PAN>
  </Table1>
  <Table1>
    <PAN>ACMPB0596L</PAN>
  </Table1>
  <Table1>
    <PAN>AKSPD5568Q</PAN>
  </Table1>
  <Table1>
    <PAN>AVBPS1251M</PAN>
  </Table1>
  <Table1>
    <PAN>BERPB7839G</PAN>
  </Table1>
  <Table1>
    <PAN>AHWPS5863J</PAN>
  </Table1>
  <Table1>
    <PAN>AYKPK3124B</PAN>
  </Table1>
  <Table1>
    <PAN>AACPQ0867H</PAN>
  </Table1>
  <Table1>
    <PAN>AATPM1652M</PAN>
  </Table1>
  <Table1>
    <PAN>BGDPS6332K</PAN>
  </Table1>
  <Table1>
    <PAN>AWVPS3869G</PAN>
  </Table1>
  <Table1>
    <PAN>BWIPA0015Q</PAN>
  </Table1>
  <Table1>
    <PAN>ADUPG7106Q</PAN>
  </Table1>
  <Table1>
    <PAN>ALSPS1076M</PAN>
  </Table1>
  <Table1>
    <PAN>AQUPD0555H</PAN>
  </Table1>
  <Table1>
    <PAN>EMKPS9131J</PAN>
  </Table1>
  <Table1>
    <PAN>AMPPC8057J</PAN>
  </Table1>
  <Table1>
    <PAN>COKPP4022D</PAN>
  </Table1>
  <Table1>
    <PAN>AEEPM4364F</PAN>
  </Table1>
  <Table1>
    <PAN>AHEPM0269J</PAN>
  </Table1>
  <Table1>
    <PAN>AAEPU7061K</PAN>
  </Table1>
  <Table1>
    <PAN>CGJPR3063H</PAN>
  </Table1>
  <Table1>
    <PAN>AIXPS2692H</PAN>
  </Table1>
  <Table1>
    <PAN>ADKPB4509N</PAN>
  </Table1>
  <Table1>
    <PAN>AAJPR6363C</PAN>
  </Table1>
  <Table1>
    <PAN>ARHPV1411G</PAN>
  </Table1>
  <Table1>
    <PAN>AFUPP3659R</PAN>
  </Table1>
  <Table1>
    <PAN>BBNPS0108Q</PAN>
  </Table1>
  <Table1>
    <PAN>AZTPK5565C</PAN>
  </Table1>
  <Table1>
    <PAN>AGWPR6949R</PAN>
  </Table1>
  <Table1>
    <PAN>ADJPA5149G</PAN>
  </Table1>
  <Table1>
    <PAN>AUNPS3776L</PAN>
  </Table1>
  <Table1>
    <PAN>MATPS7592G</PAN>
  </Table1>
  <Table1>
    <PAN>DDJPS2316Q</PAN>
  </Table1>
  <Table1>
    <PAN>BUAPD2149G</PAN>
  </Table1>
  <Table1>
    <PAN>AFEPC0997F</PAN>
  </Table1>
  <Table1>
    <PAN>CMUPK4279H</PAN>
  </Table1>
  <Table1>
    <PAN>AQRPB5528M</PAN>
  </Table1>
  <Table1>
    <PAN>AJTPA5609B</PAN>
  </Table1>
  <Table1>
    <PAN>BOSPD4289P</PAN>
  </Table1>
  <Table1>
    <PAN>AAWPT6872H</PAN>
  </Table1>
  <Table1>
    <PAN>ANZPS4871M</PAN>
  </Table1>
  <Table1>
    <PAN>AOTPJ7002A</PAN>
  </Table1>
  <Table1>
    <PAN>IACPS6747A</PAN>
  </Table1>
  <Table1>
    <PAN>AYLPC1821A</PAN>
  </Table1>
  <Table1>
    <PAN>ADTPH7693G</PAN>
  </Table1>
  <Table1>
    <PAN>BEGPR8547Q</PAN>
  </Table1>
  <Table1>
    <PAN>AHHPB3598E</PAN>
  </Table1>
  <Table1>
    <PAN>AHBPC7327E</PAN>
  </Table1>
  <Table1>
    <PAN>ACKPR6539D</PAN>
  </Table1>
  <Table1>
    <PAN>AANPU8552G</PAN>
  </Table1>
  <Table1>
    <PAN>ACGPV7605J</PAN>
  </Table1>
  <Table1>
    <PAN>AGDPN0625M</PAN>
  </Table1>
  <Table1>
    <PAN>ACIPR7784E</PAN>
  </Table1>
</DocumentElement>